m20-timing-triage	Set up job	﻿2026-09-12T04:45:53.1809534Z Current runner version: '2.337.0'
m20-timing-triage	Set up job	2026-09-12T04:45:53.1831330Z ##[group]Runner Image Provisioner
m20-timing-triage	Set up job	2026-09-12T04:45:53.1832068Z Hosted Compute Agent
m20-timing-triage	Set up job	2026-09-12T04:45:53.1832729Z Version: 20260828.587
m20-timing-triage	Set up job	2026-09-12T04:45:53.1833309Z Commit: abac92662cab4cc7352de4f9f9d2e2419aad9c29
m20-timing-triage	Set up job	2026-09-12T04:45:53.1833897Z Build Date: 2026-08-28T16:44:25Z
m20-timing-triage	Set up job	2026-09-12T04:45:53.1834501Z Worker ID: {82090568-d1f1-473f-b1e2-f4e289ffddf5}
m20-timing-triage	Set up job	2026-09-12T04:45:53.1835069Z Azure Region: westus
m20-timing-triage	Set up job	2026-09-12T04:45:53.1835522Z ##[endgroup]
m20-timing-triage	Set up job	2026-09-12T04:45:53.1836738Z ##[group]Operating System
m20-timing-triage	Set up job	2026-09-12T04:45:53.1837283Z Ubuntu
m20-timing-triage	Set up job	2026-09-12T04:45:53.1837766Z 24.04.5
m20-timing-triage	Set up job	2026-09-12T04:45:53.1838192Z LTS
m20-timing-triage	Set up job	2026-09-12T04:45:53.1838597Z ##[endgroup]
m20-timing-triage	Set up job	2026-09-12T04:45:53.1839123Z ##[group]Runner Image
m20-timing-triage	Set up job	2026-09-12T04:45:53.1839603Z Image: ubuntu-24.04
m20-timing-triage	Set up job	2026-09-12T04:45:53.1840089Z Version: 20260907.300.1
m20-timing-triage	Set up job	2026-09-12T04:45:53.1840950Z Included Software: https://github.com/actions/runner-images/blob/ubuntu24/20260907.300/images/ubuntu/Ubuntu2404-Readme.md
m20-timing-triage	Set up job	2026-09-12T04:45:53.1842407Z Image Release: https://github.com/actions/runner-images/releases/tag/ubuntu24%2F20260907.300
m20-timing-triage	Set up job	2026-09-12T04:45:53.1843372Z ##[endgroup]
m20-timing-triage	Set up job	2026-09-12T04:45:53.1844464Z ##[group]GITHUB_TOKEN Permissions
m20-timing-triage	Set up job	2026-09-12T04:45:53.1846283Z Contents: read
m20-timing-triage	Set up job	2026-09-12T04:45:53.1846859Z Metadata: read
m20-timing-triage	Set up job	2026-09-12T04:45:53.1847337Z Packages: read
m20-timing-triage	Set up job	2026-09-12T04:45:53.1847812Z ##[endgroup]
m20-timing-triage	Set up job	2026-09-12T04:45:53.1849599Z Secret source: Actions
m20-timing-triage	Set up job	2026-09-12T04:45:53.1850344Z Cache mode: write
m20-timing-triage	Set up job	2026-09-12T04:45:53.1851374Z Prepare workflow directory
m20-timing-triage	Set up job	2026-09-12T04:45:53.2149142Z Prepare all required actions
m20-timing-triage	Set up job	2026-09-12T04:45:53.2187319Z Getting action download info
m20-timing-triage	Set up job	2026-09-12T04:45:53.5646341Z Download action repository 'actions/checkout@v4' (SHA:11d5960a326750d5838078e36cf38b85af677262)
m20-timing-triage	Set up job	2026-09-12T04:45:53.7373895Z Download action repository 'actions/upload-artifact@v4' (SHA:ea165f8d65b6e75b540449e92b4886f43607fa02)
m20-timing-triage	Set up job	2026-09-12T04:45:53.9773675Z Complete job name: m20-timing-triage
m20-timing-triage	Checkout exact dispatched revision	﻿2026-09-12T04:45:54.0386466Z Node 20 is being deprecated. This workflow is running with Node 24 by default. If you need to temporarily use Node 20, you can set the ACTIONS_ALLOW_USE_UNSECURE_NODE_VERSION=true environment variable. For more information see: https://github.blog/changelog/2025-09-19-deprecation-of-node-20-on-github-actions-runners/
m20-timing-triage	Checkout exact dispatched revision	2026-09-12T04:45:54.0393879Z ##[group]Run actions/checkout@v4
m20-timing-triage	Checkout exact dispatched revision	2026-09-12T04:45:54.0394461Z with:
m20-timing-triage	Checkout exact dispatched revision	2026-09-12T04:45:54.0394850Z   ref: bb5552c7f22036cf1df31e7e7cbced3aedb26350
m20-timing-triage	Checkout exact dispatched revision	2026-09-12T04:45:54.0395340Z   fetch-depth: 0
m20-timing-triage	Checkout exact dispatched revision	2026-09-12T04:45:54.0395713Z   repository: CN-JJB/essential-cs
m20-timing-triage	Checkout exact dispatched revision	2026-09-12T04:45:54.0399149Z   token: ***
m20-timing-triage	Checkout exact dispatched revision	2026-09-12T04:45:54.0399506Z   ssh-strict: true
m20-timing-triage	Checkout exact dispatched revision	2026-09-12T04:45:54.0399861Z   ssh-user: git
m20-timing-triage	Checkout exact dispatched revision	2026-09-12T04:45:54.0400220Z   persist-credentials: true
m20-timing-triage	Checkout exact dispatched revision	2026-09-12T04:45:54.0400621Z   clean: true
m20-timing-triage	Checkout exact dispatched revision	2026-09-12T04:45:54.0400972Z   sparse-checkout-cone-mode: true
m20-timing-triage	Checkout exact dispatched revision	2026-09-12T04:45:54.0401402Z   fetch-tags: false
m20-timing-triage	Checkout exact dispatched revision	2026-09-12T04:45:54.0401752Z   show-progress: true
m20-timing-triage	Checkout exact dispatched revision	2026-09-12T04:45:54.0402157Z   lfs: false
m20-timing-triage	Checkout exact dispatched revision	2026-09-12T04:45:54.0402490Z   submodules: false
m20-timing-triage	Checkout exact dispatched revision	2026-09-12T04:45:54.0402960Z   set-safe-directory: true
m20-timing-triage	Checkout exact dispatched revision	2026-09-12T04:45:54.0403381Z   allow-unsafe-pr-checkout: false
m20-timing-triage	Checkout exact dispatched revision	2026-09-12T04:45:54.0403984Z env:
m20-timing-triage	Checkout exact dispatched revision	2026-09-12T04:45:54.0404318Z   CI_TREE: /tmp/ci-tree
m20-timing-triage	Checkout exact dispatched revision	2026-09-12T04:45:54.0404687Z ##[endgroup]
m20-timing-triage	Checkout exact dispatched revision	2026-09-12T04:45:54.1245941Z Syncing repository: CN-JJB/essential-cs
m20-timing-triage	Checkout exact dispatched revision	2026-09-12T04:45:54.1248015Z ##[group]Getting Git version info
m20-timing-triage	Checkout exact dispatched revision	2026-09-12T04:45:54.1248943Z Working directory is '/home/runner/work/essential-cs/essential-cs'
m20-timing-triage	Checkout exact dispatched revision	2026-09-12T04:45:54.1250323Z [command]/usr/bin/git version
m20-timing-triage	Checkout exact dispatched revision	2026-09-12T04:45:54.1281694Z git version 2.55.0
m20-timing-triage	Checkout exact dispatched revision	2026-09-12T04:45:54.1298369Z ##[endgroup]
m20-timing-triage	Checkout exact dispatched revision	2026-09-12T04:45:54.1310731Z Temporarily overriding HOME='/home/runner/work/_temp/d2d8233f-e1c8-4da7-b1d8-aa052ea462ae' before making global git config changes
m20-timing-triage	Checkout exact dispatched revision	2026-09-12T04:45:54.1312454Z Adding repository directory to the temporary git global config as a safe directory
m20-timing-triage	Checkout exact dispatched revision	2026-09-12T04:45:54.1314839Z [command]/usr/bin/git config --global --add safe.directory /home/runner/work/essential-cs/essential-cs
m20-timing-triage	Checkout exact dispatched revision	2026-09-12T04:45:54.1357490Z Deleting the contents of '/home/runner/work/essential-cs/essential-cs'
m20-timing-triage	Checkout exact dispatched revision	2026-09-12T04:45:54.1360175Z ##[group]Initializing the repository
m20-timing-triage	Checkout exact dispatched revision	2026-09-12T04:45:54.1363941Z [command]/usr/bin/git init /home/runner/work/essential-cs/essential-cs
m20-timing-triage	Checkout exact dispatched revision	2026-09-12T04:45:54.1453027Z hint: Using 'master' as the name for the initial branch. This default branch name
m20-timing-triage	Checkout exact dispatched revision	2026-09-12T04:45:54.1454751Z hint: will change to "main" in Git 3.0. To configure the initial branch name
m20-timing-triage	Checkout exact dispatched revision	2026-09-12T04:45:54.1456175Z hint: to use in all of your new repositories, which will suppress this warning,
m20-timing-triage	Checkout exact dispatched revision	2026-09-12T04:45:54.1457249Z hint: call:
m20-timing-triage	Checkout exact dispatched revision	2026-09-12T04:45:54.1457871Z hint:
m20-timing-triage	Checkout exact dispatched revision	2026-09-12T04:45:54.1458639Z hint: 	git config --global init.defaultBranch <name>
m20-timing-triage	Checkout exact dispatched revision	2026-09-12T04:45:54.1459562Z hint:
m20-timing-triage	Checkout exact dispatched revision	2026-09-12T04:45:54.1461223Z hint: Names commonly chosen instead of 'master' are 'main', 'trunk' and
m20-timing-triage	Checkout exact dispatched revision	2026-09-12T04:45:54.1462861Z hint: 'development'. The just-created branch can be renamed via this command:
m20-timing-triage	Checkout exact dispatched revision	2026-09-12T04:45:54.1464073Z hint:
m20-timing-triage	Checkout exact dispatched revision	2026-09-12T04:45:54.1464621Z hint: 	git branch -m <name>
m20-timing-triage	Checkout exact dispatched revision	2026-09-12T04:45:54.1465126Z hint:
m20-timing-triage	Checkout exact dispatched revision	2026-09-12T04:45:54.1465737Z hint: Disable this message with "git config set advice.defaultBranchName false"
m20-timing-triage	Checkout exact dispatched revision	2026-09-12T04:45:54.1466968Z Initialized empty Git repository in /home/runner/work/essential-cs/essential-cs/.git/
m20-timing-triage	Checkout exact dispatched revision	2026-09-12T04:45:54.1469935Z [command]/usr/bin/git remote add origin https://github.com/CN-JJB/essential-cs
m20-timing-triage	Checkout exact dispatched revision	2026-09-12T04:45:54.1633801Z ##[endgroup]
m20-timing-triage	Checkout exact dispatched revision	2026-09-12T04:45:54.1634874Z ##[group]Disabling automatic garbage collection
m20-timing-triage	Checkout exact dispatched revision	2026-09-12T04:45:54.1639890Z [command]/usr/bin/git config --local gc.auto 0
m20-timing-triage	Checkout exact dispatched revision	2026-09-12T04:45:54.1735182Z ##[endgroup]
m20-timing-triage	Checkout exact dispatched revision	2026-09-12T04:45:54.1736304Z ##[group]Setting up auth
m20-timing-triage	Checkout exact dispatched revision	2026-09-12T04:45:54.1737369Z [command]/usr/bin/git config --local --name-only --get-regexp core\.sshCommand
m20-timing-triage	Checkout exact dispatched revision	2026-09-12T04:45:54.1739474Z [command]/usr/bin/git submodule foreach --recursive sh -c "git config --local --name-only --get-regexp 'core\.sshCommand' && git config --local --unset-all 'core.sshCommand' || :"
m20-timing-triage	Checkout exact dispatched revision	2026-09-12T04:45:54.2113386Z [command]/usr/bin/git config --local --name-only --get-regexp http\.https\:\/\/github\.com\/\.extraheader
m20-timing-triage	Checkout exact dispatched revision	2026-09-12T04:45:54.2144230Z [command]/usr/bin/git submodule foreach --recursive sh -c "git config --local --name-only --get-regexp 'http\.https\:\/\/github\.com\/\.extraheader' && git config --local --unset-all 'http.https://github.com/.extraheader' || :"
m20-timing-triage	Checkout exact dispatched revision	2026-09-12T04:45:54.2341959Z [command]/usr/bin/git config --local --name-only --get-regexp ^includeIf\.gitdir:
m20-timing-triage	Checkout exact dispatched revision	2026-09-12T04:45:54.2376940Z [command]/usr/bin/git submodule foreach --recursive git config --local --show-origin --name-only --get-regexp remote.origin.url
m20-timing-triage	Checkout exact dispatched revision	2026-09-12T04:45:54.2596447Z [command]/usr/bin/git config --local http.https://github.com/.extraheader AUTHORIZATION: basic ***
m20-timing-triage	Checkout exact dispatched revision	2026-09-12T04:45:54.2636950Z ##[endgroup]
m20-timing-triage	Checkout exact dispatched revision	2026-09-12T04:45:54.2637650Z ##[group]Fetching the repository
m20-timing-triage	Checkout exact dispatched revision	2026-09-12T04:45:54.2648352Z [command]/usr/bin/git -c protocol.version=2 fetch --prune --no-recurse-submodules origin +refs/heads/*:refs/remotes/origin/* +refs/tags/*:refs/tags/*
m20-timing-triage	Checkout exact dispatched revision	2026-09-12T04:45:55.3346962Z From https://github.com/CN-JJB/essential-cs
m20-timing-triage	Checkout exact dispatched revision	2026-09-12T04:45:55.3348786Z  * [new branch]      architecture/issue-36-build-first -> origin/architecture/issue-36-build-first
m20-timing-triage	Checkout exact dispatched revision	2026-09-12T04:45:55.3350529Z  * [new branch]      audit/issue-140-post-v09-v10-gap-plan -> origin/audit/issue-140-post-v09-v10-gap-plan
m20-timing-triage	Checkout exact dispatched revision	2026-09-12T04:45:55.3352319Z  * [new branch]      audit/issue-2-external-curriculum-v0.1 -> origin/audit/issue-2-external-curriculum-v0.1
m20-timing-triage	Checkout exact dispatched revision	2026-09-12T04:45:55.3354240Z  * [new branch]      blueprint/issue-1-core-map -> origin/blueprint/issue-1-core-map
m20-timing-triage	Checkout exact dispatched revision	2026-09-12T04:45:55.3356048Z  * [new branch]      blueprint/issue-10-audit-disposition -> origin/blueprint/issue-10-audit-disposition
m20-timing-triage	Checkout exact dispatched revision	2026-09-12T04:45:55.3358120Z  * [new branch]      blueprint/issue-11-mini-cloud-alignment -> origin/blueprint/issue-11-mini-cloud-alignment
m20-timing-triage	Checkout exact dispatched revision	2026-09-12T04:45:55.3360220Z  * [new branch]      blueprint/issue-12-lab-source-selection -> origin/blueprint/issue-12-lab-source-selection
m20-timing-triage	Checkout exact dispatched revision	2026-09-12T04:45:55.3362362Z  * [new branch]      blueprint/issue-13-competency-concepts -> origin/blueprint/issue-13-competency-concepts
m20-timing-triage	Checkout exact dispatched revision	2026-09-12T04:45:55.3364220Z  * [new branch]      blueprint/issue-19-course-identity-entry -> origin/blueprint/issue-19-course-identity-entry
m20-timing-triage	Checkout exact dispatched revision	2026-09-12T04:45:55.3366003Z  * [new branch]      blueprint/issue-21-assessment-tech-map -> origin/blueprint/issue-21-assessment-tech-map
m20-timing-triage	Checkout exact dispatched revision	2026-09-12T04:45:55.3367713Z  * [new branch]      blueprint/issue-23-final-exit-audit -> origin/blueprint/issue-23-final-exit-audit
m20-timing-triage	Checkout exact dispatched revision	2026-09-12T04:45:55.3369371Z  * [new branch]      blueprint/issue-3-mini-cloud-evolution -> origin/blueprint/issue-3-mini-cloud-evolution
m20-timing-triage	Checkout exact dispatched revision	2026-09-12T04:45:55.3371028Z  * [new branch]      blueprint/issue-9-final-reconciliation -> origin/blueprint/issue-9-final-reconciliation
m20-timing-triage	Checkout exact dispatched revision	2026-09-12T04:45:55.3372961Z  * [new branch]      design/issue-114-s7-m21-m24-security-judgment -> origin/design/issue-114-s7-m21-m24-security-judgment
m20-timing-triage	Checkout exact dispatched revision	2026-09-12T04:45:55.3374961Z  * [new branch]      design/issue-50-m05-m09-runtime-os-persistence -> origin/design/issue-50-m05-m09-runtime-os-persistence
m20-timing-triage	Checkout exact dispatched revision	2026-09-12T04:45:55.3376967Z  * [new branch]      design/issue-71-m10-m12-network-web-browser -> origin/design/issue-71-m10-m12-network-web-browser
m20-timing-triage	Checkout exact dispatched revision	2026-09-12T04:45:55.3378740Z  * [new branch]      design/issue-86-m13-m15-data-concurrency -> origin/design/issue-86-m13-m15-data-concurrency
m20-timing-triage	Checkout exact dispatched revision	2026-09-12T04:45:55.3380463Z  * [new branch]      design/issue-99-m16-m20-distributed-infra -> origin/design/issue-99-m16-m20-distributed-infra
m20-timing-triage	Checkout exact dispatched revision	2026-09-12T04:45:55.3382119Z  * [new branch]      governance/issue-88-issue-pr-handoff -> origin/governance/issue-88-issue-pr-handoff
m20-timing-triage	Checkout exact dispatched revision	2026-09-12T04:45:55.3383910Z  * [new branch]      governance/role-specific-agent-guides -> origin/governance/role-specific-agent-guides
m20-timing-triage	Checkout exact dispatched revision	2026-09-12T04:45:55.3385380Z  * [new branch]      impl/issue-101-s6-b1-m16-rpc -> origin/impl/issue-101-s6-b1-m16-rpc
m20-timing-triage	Checkout exact dispatched revision	2026-09-12T04:45:55.3387291Z  * [new branch]      impl/issue-103-s6-b2-m17-replication-consensus -> origin/impl/issue-103-s6-b2-m17-replication-consensus
m20-timing-triage	Checkout exact dispatched revision	2026-09-12T04:45:55.3389022Z  * [new branch]      impl/issue-105-s6-b3-m18-coordination -> origin/impl/issue-105-s6-b3-m18-coordination
m20-timing-triage	Checkout exact dispatched revision	2026-09-12T04:45:55.3390640Z  * [new branch]      impl/issue-107-s6-b4-m19-infrastructure -> origin/impl/issue-107-s6-b4-m19-infrastructure
m20-timing-triage	Checkout exact dispatched revision	2026-09-12T04:45:55.3392292Z  * [new branch]      impl/issue-110-s6-b5-m20-observability -> origin/impl/issue-110-s6-b5-m20-observability
m20-timing-triage	Checkout exact dispatched revision	2026-09-12T04:45:55.3396046Z  * [new branch]      impl/issue-116-s7-b1-m21-trust-crypto -> origin/impl/issue-116-s7-b1-m21-trust-crypto
m20-timing-triage	Checkout exact dispatched revision	2026-09-12T04:45:55.3397843Z  * [new branch]      impl/issue-119-s7-b2-m22-auth-composition -> origin/impl/issue-119-s7-b2-m22-auth-composition
m20-timing-triage	Checkout exact dispatched revision	2026-09-12T04:45:55.3399759Z  * [new branch]      impl/issue-121-s7-b3-m23-systems-judgment -> origin/impl/issue-121-s7-b3-m23-systems-judgment
m20-timing-triage	Checkout exact dispatched revision	2026-09-12T04:45:55.3401732Z  * [new branch]      impl/issue-123-s7-b4-m24-final-system-defense -> origin/impl/issue-123-s7-b4-m24-final-system-defense
m20-timing-triage	Checkout exact dispatched revision	2026-09-12T04:45:55.3403825Z  * [new branch]      impl/issue-90-m13-sqlite-exp02 -> origin/impl/issue-90-m13-sqlite-exp02
m20-timing-triage	Checkout exact dispatched revision	2026-09-12T04:45:55.3405607Z  * [new branch]      impl/issue-93-m14-transactions-lab-req-05 -> origin/impl/issue-93-m14-transactions-lab-req-05
m20-timing-triage	Checkout exact dispatched revision	2026-09-12T04:45:55.3407573Z  * [new branch]      impl/issue-95-m15-concurrency-lab-req-03 -> origin/impl/issue-95-m15-concurrency-lab-req-03
m20-timing-triage	Checkout exact dispatched revision	2026-09-12T04:45:55.3410000Z  * [new branch]      implementation/durable-canonical-environment-pin-v0.1 -> origin/implementation/durable-canonical-environment-pin-v0.1
m20-timing-triage	Checkout exact dispatched revision	2026-09-12T04:45:55.3412426Z  * [new branch]      implementation/issue-145-stable-environment-ci-v0.1 -> origin/implementation/issue-145-stable-environment-ci-v0.1
m20-timing-triage	Checkout exact dispatched revision	2026-09-12T04:45:55.3414867Z  * [new branch]      implementation/issue-38-m02-computation-complexity -> origin/implementation/issue-38-m02-computation-complexity
m20-timing-triage	Checkout exact dispatched revision	2026-09-12T04:45:55.3417231Z  * [new branch]      implementation/issue-41-m03-machine-isa-execution -> origin/implementation/issue-41-m03-machine-isa-execution
m20-timing-triage	Checkout exact dispatched revision	2026-09-12T04:45:55.3419387Z  * [new branch]      implementation/issue-44-m04-memory-locality-measurement -> origin/implementation/issue-44-m04-memory-locality-measurement
m20-timing-triage	Checkout exact dispatched revision	2026-09-12T04:45:55.3421570Z  * [new branch]      implementation/issue-53-m05-languages-runtime-compiler -> origin/implementation/issue-53-m05-languages-runtime-compiler
m20-timing-triage	Checkout exact dispatched revision	2026-09-12T04:45:55.3424077Z  * [new branch]      implementation/issue-56-m06-processes-syscalls-lab-req-02 -> origin/implementation/issue-56-m06-processes-syscalls-lab-req-02
m20-timing-triage	Checkout exact dispatched revision	2026-09-12T04:45:55.3426348Z  * [new branch]      implementation/issue-59-m07-virtual-memory-isolation -> origin/implementation/issue-59-m07-virtual-memory-isolation
m20-timing-triage	Checkout exact dispatched revision	2026-09-12T04:45:55.3428452Z  * [new branch]      implementation/issue-62-m08-files-filesystems-io -> origin/implementation/issue-62-m08-files-filesystems-io
m20-timing-triage	Checkout exact dispatched revision	2026-09-12T04:45:55.3430674Z  * [new branch]      implementation/issue-65-m09-storage-engine-durable-storage -> origin/implementation/issue-65-m09-storage-engine-durable-storage
m20-timing-triage	Checkout exact dispatched revision	2026-09-12T04:45:55.3433159Z  * [new branch]      implementation/issue-74-m10-networking-ip-dns-transport -> origin/implementation/issue-74-m10-networking-ip-dns-transport
m20-timing-triage	Checkout exact dispatched revision	2026-09-12T04:45:55.3435343Z  * [new branch]      implementation/issue-77-m11-tls-http-caching-lab-req-01 -> origin/implementation/issue-77-m11-tls-http-caching-lab-req-01
m20-timing-triage	Checkout exact dispatched revision	2026-09-12T04:45:55.3437416Z  * [new branch]      implementation/issue-80-m12-web-browser-exp-03 -> origin/implementation/issue-80-m12-web-browser-exp-03
m20-timing-triage	Checkout exact dispatched revision	2026-09-12T04:45:55.3438918Z  * [new branch]      lead-smoke/pr-66-m09    -> origin/lead-smoke/pr-66-m09
m20-timing-triage	Checkout exact dispatched revision	2026-09-12T04:45:55.3440057Z  * [new branch]      lead-smoke/pr-66-m09-v2 -> origin/lead-smoke/pr-66-m09-v2
m20-timing-triage	Checkout exact dispatched revision	2026-09-12T04:45:55.3441177Z  * [new branch]      lead-smoke/pr-78-m11    -> origin/lead-smoke/pr-78-m11
m20-timing-triage	Checkout exact dispatched revision	2026-09-12T04:45:55.3442335Z  * [new branch]      lead-smoke/pr-78-m11-final -> origin/lead-smoke/pr-78-m11-final
m20-timing-triage	Checkout exact dispatched revision	2026-09-12T04:45:55.3444000Z  * [new branch]      lead-smoke/pr-78-m11-v2 -> origin/lead-smoke/pr-78-m11-v2
m20-timing-triage	Checkout exact dispatched revision	2026-09-12T04:45:55.3445192Z  * [new branch]      lead-smoke/pr-81-m12-final -> origin/lead-smoke/pr-81-m12-final
m20-timing-triage	Checkout exact dispatched revision	2026-09-12T04:45:55.3446228Z  * [new branch]      main                    -> origin/main
m20-timing-triage	Checkout exact dispatched revision	2026-09-12T04:45:55.3447462Z  * [new branch]      repair/issue-125-m22-layer56-report-key -> origin/repair/issue-125-m22-layer56-report-key
m20-timing-triage	Checkout exact dispatched revision	2026-09-12T04:45:55.3449171Z  * [new branch]      repair/issue-127-pre-v09-known-regressions -> origin/repair/issue-127-pre-v09-known-regressions
m20-timing-triage	Checkout exact dispatched revision	2026-09-12T04:45:55.3450917Z  * [new branch]      repair/issue-131-v09-smoke-license-gates -> origin/repair/issue-131-v09-smoke-license-gates
m20-timing-triage	Checkout exact dispatched revision	2026-09-12T04:45:55.3452869Z  * [new branch]      repair/issue-135-lab-req-02-executable-bits -> origin/repair/issue-135-lab-req-02-executable-bits
m20-timing-triage	Checkout exact dispatched revision	2026-09-12T04:45:55.3454773Z  * [new branch]      repair/issue-149-qemu-ci-false-green-v0.1 -> origin/repair/issue-149-qemu-ci-false-green-v0.1
m20-timing-triage	Checkout exact dispatched revision	2026-09-12T04:45:55.3456721Z  * [new branch]      research/issue-112-s7-m21-m24-security-judgment -> origin/research/issue-112-s7-m21-m24-security-judgment
m20-timing-triage	Checkout exact dispatched revision	2026-09-12T04:45:55.3458879Z  * [new branch]      research/issue-143-stable-environment-pin-decision-packet -> origin/research/issue-143-stable-environment-pin-decision-packet
m20-timing-triage	Checkout exact dispatched revision	2026-09-12T04:45:55.3460855Z  * [new branch]      research/issue-4-classic-labs-sources -> origin/research/issue-4-classic-labs-sources
m20-timing-triage	Checkout exact dispatched revision	2026-09-12T04:45:55.3462847Z  * [new branch]      research/issue-47-m05-m09-runtime-os-persistence -> origin/research/issue-47-m05-m09-runtime-os-persistence
m20-timing-triage	Checkout exact dispatched revision	2026-09-12T04:45:55.3464925Z  * [new branch]      research/issue-68-m10-m12-network-web-browser -> origin/research/issue-68-m10-m12-network-web-browser
m20-timing-triage	Checkout exact dispatched revision	2026-09-12T04:45:55.3466836Z  * [new branch]      research/issue-83-m13-m15-data-concurrency -> origin/research/issue-83-m13-m15-data-concurrency
m20-timing-triage	Checkout exact dispatched revision	2026-09-12T04:45:55.3468976Z  * [new branch]      research/issue-97-m16-m20-distributed-infra -> origin/research/issue-97-m16-m20-distributed-infra
m20-timing-triage	Checkout exact dispatched revision	2026-09-12T04:45:55.3471036Z  * [new branch]      status/advance-production-to-m08 -> origin/status/advance-production-to-m08
m20-timing-triage	Checkout exact dispatched revision	2026-09-12T04:45:55.3473145Z  * [new branch]      status/advance-production-to-m09 -> origin/status/advance-production-to-m09
m20-timing-triage	Checkout exact dispatched revision	2026-09-12T04:45:55.3475384Z  * [new branch]      status/record-m09-and-advance-to-s4-research -> origin/status/record-m09-and-advance-to-s4-research
m20-timing-triage	Checkout exact dispatched revision	2026-09-12T04:45:55.3477728Z  * [new branch]      status/record-m10-and-advance-to-m11 -> origin/status/record-m10-and-advance-to-m11
m20-timing-triage	Checkout exact dispatched revision	2026-09-12T04:45:55.3479739Z  * [new branch]      status/record-m11-and-advance-to-m12 -> origin/status/record-m11-and-advance-to-m12
m20-timing-triage	Checkout exact dispatched revision	2026-09-12T04:45:55.3481859Z  * [new branch]      status/record-m12-and-advance-to-s5-research -> origin/status/record-m12-and-advance-to-s5-research
m20-timing-triage	Checkout exact dispatched revision	2026-09-12T04:45:55.3484252Z  * [new branch]      status/record-s4-design-and-advance-to-m10 -> origin/status/record-s4-design-and-advance-to-m10
m20-timing-triage	Checkout exact dispatched revision	2026-09-12T04:45:55.3486633Z  * [new branch]      status/record-s4-research-and-advance-to-design -> origin/status/record-s4-research-and-advance-to-design
m20-timing-triage	Checkout exact dispatched revision	2026-09-12T04:45:55.3489104Z  * [new branch]      status/record-s5-research-and-advance-to-design -> origin/status/record-s5-research-and-advance-to-design
m20-timing-triage	Checkout exact dispatched revision	2026-09-12T04:45:55.3491393Z  * [new branch]      validation/issue-34-m00-m01-first-pilot -> origin/validation/issue-34-m00-m01-first-pilot
m20-timing-triage	Checkout exact dispatched revision	2026-09-12T04:45:55.3493869Z  * [new branch]      verification/issue-129-full-core-v09-rc-readiness -> origin/verification/issue-129-full-core-v09-rc-readiness
m20-timing-triage	Checkout exact dispatched revision	2026-09-12T04:45:55.3496293Z  * [new branch]      verification/issue-133-v09-rc-readiness-reverify -> origin/verification/issue-133-v09-rc-readiness-reverify
m20-timing-triage	Checkout exact dispatched revision	2026-09-12T04:45:55.3498742Z  * [new branch]      verification/issue-137-lab-req-02-direct-invocation -> origin/verification/issue-137-lab-req-02-direct-invocation
m20-timing-triage	Checkout exact dispatched revision	2026-09-12T04:45:55.3501657Z  * [new branch]      verification/issue-147-stable-environment-ci-independent -> origin/verification/issue-147-stable-environment-ci-independent
m20-timing-triage	Checkout exact dispatched revision	2026-09-12T04:45:55.3504198Z  * [new branch]      verification/issue-31-m00-m01-gate -> origin/verification/issue-31-m00-m01-gate
m20-timing-triage	Checkout exact dispatched revision	2026-09-12T04:45:55.3506639Z  * [new branch]      vertical-slice/issue-25-foundations-system-mechanics-research -> origin/vertical-slice/issue-25-foundations-system-mechanics-research
m20-timing-triage	Checkout exact dispatched revision	2026-09-12T04:45:55.3509613Z  * [new branch]      vertical-slice/issue-27-foundations-system-mechanics-design -> origin/vertical-slice/issue-27-foundations-system-mechanics-design
m20-timing-triage	Checkout exact dispatched revision	2026-09-12T04:45:55.3512242Z  * [new branch]      vertical-slice/issue-29-m00-m01-lesson-activity -> origin/vertical-slice/issue-29-m00-m01-lesson-activity
m20-timing-triage	Checkout exact dispatched revision	2026-09-12T04:45:55.3514299Z  * [new branch]      web-lead/post-pr30-status -> origin/web-lead/post-pr30-status
m20-timing-triage	Checkout exact dispatched revision	2026-09-12T04:45:55.3515776Z  * [new branch]      web-lead/post-pr33-status -> origin/web-lead/post-pr33-status
m20-timing-triage	Checkout exact dispatched revision	2026-09-12T04:45:55.3517236Z  * [new branch]      web-lead/post-pr39-status -> origin/web-lead/post-pr39-status
m20-timing-triage	Checkout exact dispatched revision	2026-09-12T04:45:55.3518779Z  * [new branch]      web-lead/post-pr42-issue-first -> origin/web-lead/post-pr42-issue-first
m20-timing-triage	Checkout exact dispatched revision	2026-09-12T04:45:55.3520301Z  * [new branch]      web-lead/post-pr45-status -> origin/web-lead/post-pr45-status
m20-timing-triage	Checkout exact dispatched revision	2026-09-12T04:45:55.3521717Z  * [new branch]      web-lead/post-pr48-status -> origin/web-lead/post-pr48-status
m20-timing-triage	Checkout exact dispatched revision	2026-09-12T04:45:55.3523259Z  * [new branch]      web-lead/post-pr51-status -> origin/web-lead/post-pr51-status
m20-timing-triage	Checkout exact dispatched revision	2026-09-12T04:45:55.3524668Z  * [new branch]      web-lead/post-pr54-status -> origin/web-lead/post-pr54-status
m20-timing-triage	Checkout exact dispatched revision	2026-09-12T04:45:55.3526042Z  * [new branch]      web-lead/post-pr57-status -> origin/web-lead/post-pr57-status
m20-timing-triage	Checkout exact dispatched revision	2026-09-12T04:45:55.3527189Z  * [new tag]         v0.9                    -> v0.9
m20-timing-triage	Checkout exact dispatched revision	2026-09-12T04:45:55.3529518Z [command]/usr/bin/git rev-parse --verify --quiet bb5552c7f22036cf1df31e7e7cbced3aedb26350^{object}
m20-timing-triage	Checkout exact dispatched revision	2026-09-12T04:45:55.3531100Z bb5552c7f22036cf1df31e7e7cbced3aedb26350
m20-timing-triage	Checkout exact dispatched revision	2026-09-12T04:45:55.3533110Z ##[endgroup]
m20-timing-triage	Checkout exact dispatched revision	2026-09-12T04:45:55.3534043Z ##[group]Determining the checkout info
m20-timing-triage	Checkout exact dispatched revision	2026-09-12T04:45:55.3535111Z ##[endgroup]
m20-timing-triage	Checkout exact dispatched revision	2026-09-12T04:45:55.3535704Z [command]/usr/bin/git sparse-checkout disable
m20-timing-triage	Checkout exact dispatched revision	2026-09-12T04:45:55.4274608Z [command]/usr/bin/git config --local --unset-all extensions.worktreeConfig
m20-timing-triage	Checkout exact dispatched revision	2026-09-12T04:45:55.4342584Z ##[group]Checking out the ref
m20-timing-triage	Checkout exact dispatched revision	2026-09-12T04:45:55.4345562Z [command]/usr/bin/git checkout --progress --force bb5552c7f22036cf1df31e7e7cbced3aedb26350
m20-timing-triage	Checkout exact dispatched revision	2026-09-12T04:45:55.4751064Z Note: switching to 'bb5552c7f22036cf1df31e7e7cbced3aedb26350'.
m20-timing-triage	Checkout exact dispatched revision	2026-09-12T04:45:55.4751739Z 
m20-timing-triage	Checkout exact dispatched revision	2026-09-12T04:45:55.4752172Z You are in 'detached HEAD' state. You can look around, make experimental
m20-timing-triage	Checkout exact dispatched revision	2026-09-12T04:45:55.4753413Z changes and commit them, and you can discard any commits you make in this
m20-timing-triage	Checkout exact dispatched revision	2026-09-12T04:45:55.4754553Z state without impacting any branches by switching back to a branch.
m20-timing-triage	Checkout exact dispatched revision	2026-09-12T04:45:55.4755271Z 
m20-timing-triage	Checkout exact dispatched revision	2026-09-12T04:45:55.4755830Z If you want to create a new branch to retain commits you create, you may
m20-timing-triage	Checkout exact dispatched revision	2026-09-12T04:45:55.4757017Z do so (now or later) by using -c with the switch command. Example:
m20-timing-triage	Checkout exact dispatched revision	2026-09-12T04:45:55.4757709Z 
m20-timing-triage	Checkout exact dispatched revision	2026-09-12T04:45:55.4758011Z   git switch -c <new-branch-name>
m20-timing-triage	Checkout exact dispatched revision	2026-09-12T04:45:55.4758493Z 
m20-timing-triage	Checkout exact dispatched revision	2026-09-12T04:45:55.4758820Z Or undo this operation with:
m20-timing-triage	Checkout exact dispatched revision	2026-09-12T04:45:55.4759354Z 
m20-timing-triage	Checkout exact dispatched revision	2026-09-12T04:45:55.4759623Z   git switch -
m20-timing-triage	Checkout exact dispatched revision	2026-09-12T04:45:55.4759967Z 
m20-timing-triage	Checkout exact dispatched revision	2026-09-12T04:45:55.4760574Z Turn off this advice by setting config variable advice.detachedHead to false
m20-timing-triage	Checkout exact dispatched revision	2026-09-12T04:45:55.4761352Z 
m20-timing-triage	Checkout exact dispatched revision	2026-09-12T04:45:55.4762205Z HEAD is now at bb5552c docs(verification): durable canonical environment pin implementation report (#150)
m20-timing-triage	Checkout exact dispatched revision	2026-09-12T04:45:55.5435829Z ##[endgroup]
m20-timing-triage	Checkout exact dispatched revision	2026-09-12T04:45:55.5474973Z [command]/usr/bin/git log -1 --format=%H
m20-timing-triage	Checkout exact dispatched revision	2026-09-12T04:45:55.5501299Z bb5552c7f22036cf1df31e7e7cbced3aedb26350
m20-timing-triage	Assert exact checked-out revision	﻿2026-09-12T04:45:55.5705385Z ##[group]Run actual="$(git rev-parse HEAD)"
m20-timing-triage	Assert exact checked-out revision	2026-09-12T04:45:55.5706608Z ^[[36;1mactual="$(git rev-parse HEAD)"^[[0m
m20-timing-triage	Assert exact checked-out revision	2026-09-12T04:45:55.5707772Z ^[[36;1mecho "EXPECTED_REVISION=${GITHUB_SHA}"^[[0m
m20-timing-triage	Assert exact checked-out revision	2026-09-12T04:45:55.5708967Z ^[[36;1mecho "ACTUAL_REVISION=${actual}"^[[0m
m20-timing-triage	Assert exact checked-out revision	2026-09-12T04:45:55.5710075Z ^[[36;1mtest "${actual}" = "${GITHUB_SHA}"^[[0m
m20-timing-triage	Assert exact checked-out revision	2026-09-12T04:45:55.5747281Z shell: /usr/bin/bash -e {0}
m20-timing-triage	Assert exact checked-out revision	2026-09-12T04:45:55.5748215Z env:
m20-timing-triage	Assert exact checked-out revision	2026-09-12T04:45:55.5748952Z   CI_TREE: /tmp/ci-tree
m20-timing-triage	Assert exact checked-out revision	2026-09-12T04:45:55.5749797Z ##[endgroup]
m20-timing-triage	Assert exact checked-out revision	2026-09-12T04:45:55.5839096Z EXPECTED_REVISION=bb5552c7f22036cf1df31e7e7cbced3aedb26350
m20-timing-triage	Assert exact checked-out revision	2026-09-12T04:45:55.5841322Z ACTUAL_REVISION=bb5552c7f22036cf1df31e7e7cbced3aedb26350
m20-timing-triage	Materialize canonical environment by the same immutable registry digest	﻿2026-09-12T04:45:55.5974260Z ##[group]Run set -ueo pipefail
m20-timing-triage	Materialize canonical environment by the same immutable registry digest	2026-09-12T04:45:55.5975218Z ^[[36;1mset -ueo pipefail^[[0m
m20-timing-triage	Materialize canonical environment by the same immutable registry digest	2026-09-12T04:45:55.5984482Z ^[[36;1mecho "***" | docker login ghcr.io -u "CN-JJB" --password-stdin^[[0m
m20-timing-triage	Materialize canonical environment by the same immutable registry digest	2026-09-12T04:45:55.5985783Z ^[[36;1mbash scripts/canonical-image-pull.sh^[[0m
m20-timing-triage	Materialize canonical environment by the same immutable registry digest	2026-09-12T04:45:55.6018088Z shell: /usr/bin/bash -e {0}
m20-timing-triage	Materialize canonical environment by the same immutable registry digest	2026-09-12T04:45:55.6018924Z env:
m20-timing-triage	Materialize canonical environment by the same immutable registry digest	2026-09-12T04:45:55.6019610Z   CI_TREE: /tmp/ci-tree
m20-timing-triage	Materialize canonical environment by the same immutable registry digest	2026-09-12T04:45:55.6020387Z ##[endgroup]
m20-timing-triage	Materialize canonical environment by the same immutable registry digest	2026-09-12T04:45:56.6719096Z 
m20-timing-triage	Materialize canonical environment by the same immutable registry digest	2026-09-12T04:45:56.6719933Z WARNING! Your credentials are stored unencrypted in '/home/runner/.docker/config.json'.
m20-timing-triage	Materialize canonical environment by the same immutable registry digest	2026-09-12T04:45:56.6720501Z Configure a credential helper to remove this warning. See
m20-timing-triage	Materialize canonical environment by the same immutable registry digest	2026-09-12T04:45:56.6720865Z https://docs.docker.com/go/credential-store/
m20-timing-triage	Materialize canonical environment by the same immutable registry digest	2026-09-12T04:45:56.6721050Z 
m20-timing-triage	Materialize canonical environment by the same immutable registry digest	2026-09-12T04:45:56.6721137Z Login Succeeded
m20-timing-triage	Materialize canonical environment by the same immutable registry digest	2026-09-12T04:45:56.6828516Z RECIPE_DOCKERFILE=.devcontainer/Dockerfile
m20-timing-triage	Materialize canonical environment by the same immutable registry digest	2026-09-12T04:45:56.6829136Z RECIPE_BLOB_COMMITTED=51198ea12c3c9ddfa18a2246bddef491ea729559
m20-timing-triage	Materialize canonical environment by the same immutable registry digest	2026-09-12T04:45:56.6829691Z RECIPE_BLOB_ACTUAL=51198ea12c3c9ddfa18a2246bddef491ea729559
m20-timing-triage	Materialize canonical environment by the same immutable registry digest	2026-09-12T04:45:56.6830044Z RECIPE_BLOB_MATCH=YES
m20-timing-triage	Materialize canonical environment by the same immutable registry digest	2026-09-12T04:45:56.6845713Z === CANONICAL IMAGE IDENTITY (pre-pull) ===
m20-timing-triage	Materialize canonical environment by the same immutable registry digest	2026-09-12T04:45:56.6846388Z intended_registry_digest=sha256:766ce07ba3073cc28049ff07d6d4f643bd6e3cc7a7967a3ebd2bb8738219e460
m20-timing-triage	Materialize canonical environment by the same immutable registry digest	2026-09-12T04:45:56.6847075Z pull_reference=ghcr.io/cn-jjb/essential-cs/canonical@sha256:766ce07ba3073cc28049ff07d6d4f643bd6e3cc7a7967a3ebd2bb8738219e460
m20-timing-triage	Materialize canonical environment by the same immutable registry digest	2026-09-12T04:45:56.6848177Z platform=linux/amd64
m20-timing-triage	Materialize canonical environment by the same immutable registry digest	2026-09-12T04:45:56.6848454Z local_image_id=(not yet pulled)
m20-timing-triage	Materialize canonical environment by the same immutable registry digest	2026-09-12T04:45:56.6848928Z mutable_tag_candidate=ghcr.io/cn-jjb/essential-cs/canonical:candidate
m20-timing-triage	Materialize canonical environment by the same immutable registry digest	2026-09-12T04:45:56.6849406Z source_dockerfile=.devcontainer/Dockerfile
m20-timing-triage	Materialize canonical environment by the same immutable registry digest	2026-09-12T04:45:56.6849967Z source_base_digest=sha256:224a1869083a311ef3f13648a154ba79832fbef6364d31493642ca03082da254
m20-timing-triage	Materialize canonical environment by the same immutable registry digest	2026-09-12T04:45:56.6850538Z git_sha=bb5552c7f22036cf1df31e7e7cbced3aedb26350
m20-timing-triage	Materialize canonical environment by the same immutable registry digest	2026-09-12T04:45:56.6850775Z workflow_run_id=34673855952
m20-timing-triage	Materialize canonical environment by the same immutable registry digest	2026-09-12T04:45:56.6850982Z runner_image_version=20260907.300.1
m20-timing-triage	Materialize canonical environment by the same immutable registry digest	2026-09-12T04:45:56.6857821Z runner_arch=x86_64
m20-timing-triage	Materialize canonical environment by the same immutable registry digest	2026-09-12T04:45:56.6858237Z NOTE: intended_registry_digest is the pin; local image ID, mutable tags,
m20-timing-triage	Materialize canonical environment by the same immutable registry digest	2026-09-12T04:45:56.6858808Z       git SHA and runner image version are audit fields, NOT the pin.
m20-timing-triage	Materialize canonical environment by the same immutable registry digest	2026-09-12T04:45:56.6859090Z ===========================================
m20-timing-triage	Materialize canonical environment by the same immutable registry digest	2026-09-12T04:45:57.5155072Z ghcr.io/cn-jjb/essential-cs/canonical@sha256:766ce07ba3073cc28049ff07d6d4f643bd6e3cc7a7967a3ebd2bb8738219e460: Pulling from cn-jjb/essential-cs/canonical
m20-timing-triage	Materialize canonical environment by the same immutable registry digest	2026-09-12T04:45:57.5158977Z ef852a656105: Pulling fs layer
m20-timing-triage	Materialize canonical environment by the same immutable registry digest	2026-09-12T04:45:57.5159321Z facb0d65c012: Pulling fs layer
m20-timing-triage	Materialize canonical environment by the same immutable registry digest	2026-09-12T04:45:57.5159793Z 5affce2cbffd: Pulling fs layer
m20-timing-triage	Materialize canonical environment by the same immutable registry digest	2026-09-12T04:45:57.5160087Z 818d662cd74f: Pulling fs layer
m20-timing-triage	Materialize canonical environment by the same immutable registry digest	2026-09-12T04:45:57.5160401Z 818d662cd74f: Waiting
m20-timing-triage	Materialize canonical environment by the same immutable registry digest	2026-09-12T04:45:58.4928211Z ef852a656105: Verifying Checksum
m20-timing-triage	Materialize canonical environment by the same immutable registry digest	2026-09-12T04:45:58.4943480Z ef852a656105: Download complete
m20-timing-triage	Materialize canonical environment by the same immutable registry digest	2026-09-12T04:45:58.6256123Z 818d662cd74f: Verifying Checksum
m20-timing-triage	Materialize canonical environment by the same immutable registry digest	2026-09-12T04:45:59.4242467Z ef852a656105: Pull complete
m20-timing-triage	Materialize canonical environment by the same immutable registry digest	2026-09-12T04:46:01.1357463Z facb0d65c012: Download complete
m20-timing-triage	Materialize canonical environment by the same immutable registry digest	2026-09-12T04:46:03.1397144Z 5affce2cbffd: Verifying Checksum
m20-timing-triage	Materialize canonical environment by the same immutable registry digest	2026-09-12T04:46:03.1398010Z 5affce2cbffd: Download complete
m20-timing-triage	Materialize canonical environment by the same immutable registry digest	2026-09-12T04:46:12.9897256Z facb0d65c012: Pull complete
m20-timing-triage	Materialize canonical environment by the same immutable registry digest	2026-09-12T04:46:18.7460603Z 5affce2cbffd: Pull complete
m20-timing-triage	Materialize canonical environment by the same immutable registry digest	2026-09-12T04:46:18.7578667Z 818d662cd74f: Pull complete
m20-timing-triage	Materialize canonical environment by the same immutable registry digest	2026-09-12T04:46:18.7615817Z Digest: sha256:766ce07ba3073cc28049ff07d6d4f643bd6e3cc7a7967a3ebd2bb8738219e460
m20-timing-triage	Materialize canonical environment by the same immutable registry digest	2026-09-12T04:46:18.7621904Z Status: Downloaded newer image for ghcr.io/cn-jjb/essential-cs/canonical@sha256:766ce07ba3073cc28049ff07d6d4f643bd6e3cc7a7967a3ebd2bb8738219e460
m20-timing-triage	Materialize canonical environment by the same immutable registry digest	2026-09-12T04:46:18.7646600Z ghcr.io/cn-jjb/essential-cs/canonical@sha256:766ce07ba3073cc28049ff07d6d4f643bd6e3cc7a7967a3ebd2bb8738219e460
m20-timing-triage	Materialize canonical environment by the same immutable registry digest	2026-09-12T04:46:18.7882254Z === CANONICAL IMAGE IDENTITY (post-pull) ===
m20-timing-triage	Materialize canonical environment by the same immutable registry digest	2026-09-12T04:46:18.7883397Z intended_registry_digest=sha256:766ce07ba3073cc28049ff07d6d4f643bd6e3cc7a7967a3ebd2bb8738219e460
m20-timing-triage	Materialize canonical environment by the same immutable registry digest	2026-09-12T04:46:18.7885080Z pull_reference=ghcr.io/cn-jjb/essential-cs/canonical@sha256:766ce07ba3073cc28049ff07d6d4f643bd6e3cc7a7967a3ebd2bb8738219e460
m20-timing-triage	Materialize canonical environment by the same immutable registry digest	2026-09-12T04:46:18.7885784Z platform=linux/amd64
m20-timing-triage	Materialize canonical environment by the same immutable registry digest	2026-09-12T04:46:18.7886230Z local_image_id=sha256:24a926a0dcc9b98b7298b8728d68417233f15f32a23350bf1273bb26089d7805
m20-timing-triage	Materialize canonical environment by the same immutable registry digest	2026-09-12T04:46:18.7886897Z repo_digests_begin
m20-timing-triage	Materialize canonical environment by the same immutable registry digest	2026-09-12T04:46:18.7887416Z ghcr.io/cn-jjb/essential-cs/canonical@sha256:766ce07ba3073cc28049ff07d6d4f643bd6e3cc7a7967a3ebd2bb8738219e460 
m20-timing-triage	Materialize canonical environment by the same immutable registry digest	2026-09-12T04:46:18.7887870Z repo_digests_end
m20-timing-triage	Materialize canonical environment by the same immutable registry digest	2026-09-12T04:46:18.7888135Z NOTE: local_image_id is a daemon-local identifier produced by this pull;
m20-timing-triage	Materialize canonical environment by the same immutable registry digest	2026-09-12T04:46:18.7888482Z       it is NOT durable, NOT retrievable by itself, and NOT the pin.
m20-timing-triage	Materialize canonical environment by the same immutable registry digest	2026-09-12T04:46:18.7888752Z ===========================================
m20-timing-triage	Materialize canonical environment by the same immutable registry digest	2026-09-12T04:46:18.7899516Z REPO_DIGESTS_CONTAIN_PIN=YES
m20-timing-triage	Materialize canonical environment by the same immutable registry digest	2026-09-12T04:46:18.7900274Z INTENDED_REGISTRY_DIGEST=sha256:766ce07ba3073cc28049ff07d6d4f643bd6e3cc7a7967a3ebd2bb8738219e460
m20-timing-triage	Materialize canonical environment by the same immutable registry digest	2026-09-12T04:46:18.7901473Z CANONICAL_IMAGE=ghcr.io/cn-jjb/essential-cs/canonical@sha256:766ce07ba3073cc28049ff07d6d4f643bd6e3cc7a7967a3ebd2bb8738219e460
m20-timing-triage	Materialize LF tree for course execution	﻿2026-09-12T04:46:18.7938776Z ##[group]Run rm -rf "${CI_TREE}"
m20-timing-triage	Materialize LF tree for course execution	2026-09-12T04:46:18.7939024Z ^[[36;1mrm -rf "${CI_TREE}"^[[0m
m20-timing-triage	Materialize LF tree for course execution	2026-09-12T04:46:18.7939234Z ^[[36;1mmkdir -p "${CI_TREE}/.ci-logs"^[[0m
m20-timing-triage	Materialize LF tree for course execution	2026-09-12T04:46:18.7939709Z ^[[36;1mgit -c core.autocrlf=false archive --format=tar HEAD | tar -x -C "${CI_TREE}"^[[0m
m20-timing-triage	Materialize LF tree for course execution	2026-09-12T04:46:18.7973953Z shell: /usr/bin/bash -e {0}
m20-timing-triage	Materialize LF tree for course execution	2026-09-12T04:46:18.7974161Z env:
m20-timing-triage	Materialize LF tree for course execution	2026-09-12T04:46:18.7974329Z   CI_TREE: /tmp/ci-tree
m20-timing-triage	Materialize LF tree for course execution	2026-09-12T04:46:18.7974762Z   CANONICAL_IMAGE: ghcr.io/cn-jjb/essential-cs/canonical@sha256:766ce07ba3073cc28049ff07d6d4f643bd6e3cc7a7967a3ebd2bb8738219e460
m20-timing-triage	Materialize LF tree for course execution	2026-09-12T04:46:18.7975355Z   CANONICAL_IMAGE_DIGEST: sha256:766ce07ba3073cc28049ff07d6d4f643bd6e3cc7a7967a3ebd2bb8738219e460
m20-timing-triage	Materialize LF tree for course execution	2026-09-12T04:46:18.7975760Z   CANONICAL_IMAGE_REF: ghcr.io/cn-jjb/essential-cs/canonical
m20-timing-triage	Materialize LF tree for course execution	2026-09-12T04:46:18.7976021Z ##[endgroup]
m20-timing-triage	m20 trio repeat characterization (diagnostic ONLY, never stable-green evidence)	﻿2026-09-12T04:46:18.8355900Z ##[group]Run docker run --rm -v "${CI_TREE}:/work" -w /work "${CANONICAL_IMAGE}" bash -c '
m20-timing-triage	m20 trio repeat characterization (diagnostic ONLY, never stable-green evidence)	2026-09-12T04:46:18.8356383Z ^[[36;1mdocker run --rm -v "${CI_TREE}:/work" -w /work "${CANONICAL_IMAGE}" bash -c '^[[0m
m20-timing-triage	m20 trio repeat characterization (diagnostic ONLY, never stable-green evidence)	2026-09-12T04:46:18.8356706Z ^[[36;1m  cd labs/foundations/m20^[[0m
m20-timing-triage	m20 trio repeat characterization (diagnostic ONLY, never stable-green evidence)	2026-09-12T04:46:18.8356920Z ^[[36;1m  for i in 1 2 3 4 5; do^[[0m
m20-timing-triage	m20 trio repeat characterization (diagnostic ONLY, never stable-green evidence)	2026-09-12T04:46:18.8357363Z ^[[36;1m    if python3 -m unittest test_m20.TestThreeServicePipelineIntegration > "/work/.ci-logs/m20-trio-run$i.log" 2>&1; then^[[0m
m20-timing-triage	m20 trio repeat characterization (diagnostic ONLY, never stable-green evidence)	2026-09-12T04:46:18.8357810Z ^[[36;1m      echo "TRIO_RUN_$i=PASS"^[[0m
m20-timing-triage	m20 trio repeat characterization (diagnostic ONLY, never stable-green evidence)	2026-09-12T04:46:18.8358026Z ^[[36;1m    else^[[0m
m20-timing-triage	m20 trio repeat characterization (diagnostic ONLY, never stable-green evidence)	2026-09-12T04:46:18.8358203Z ^[[36;1m      echo "TRIO_RUN_$i=FAIL"^[[0m
m20-timing-triage	m20 trio repeat characterization (diagnostic ONLY, never stable-green evidence)	2026-09-12T04:46:18.8358406Z ^[[36;1m    fi^[[0m
m20-timing-triage	m20 trio repeat characterization (diagnostic ONLY, never stable-green evidence)	2026-09-12T04:46:18.8358565Z ^[[36;1m  done^[[0m
m20-timing-triage	m20 trio repeat characterization (diagnostic ONLY, never stable-green evidence)	2026-09-12T04:46:18.8358845Z ^[[36;1m  echo TRIAGE_REPEATS_DONE; exit 0' | tee "${CI_TREE}/.ci-logs/m20-trio-summary.txt"^[[0m
m20-timing-triage	m20 trio repeat characterization (diagnostic ONLY, never stable-green evidence)	2026-09-12T04:46:18.8359369Z ^[[36;1mecho '## m20 timing triage (diagnostic, non-blocking — see workflow header)' >> "${GITHUB_STEP_SUMMARY}"^[[0m
m20-timing-triage	m20 trio repeat characterization (diagnostic ONLY, never stable-green evidence)	2026-09-12T04:46:18.8359894Z ^[[36;1mcat "${CI_TREE}/.ci-logs/m20-trio-summary.txt" >> "${GITHUB_STEP_SUMMARY}"^[[0m
m20-timing-triage	m20 trio repeat characterization (diagnostic ONLY, never stable-green evidence)	2026-09-12T04:46:18.8392855Z shell: /usr/bin/bash -e {0}
m20-timing-triage	m20 trio repeat characterization (diagnostic ONLY, never stable-green evidence)	2026-09-12T04:46:18.8393062Z env:
m20-timing-triage	m20 trio repeat characterization (diagnostic ONLY, never stable-green evidence)	2026-09-12T04:46:18.8393231Z   CI_TREE: /tmp/ci-tree
m20-timing-triage	m20 trio repeat characterization (diagnostic ONLY, never stable-green evidence)	2026-09-12T04:46:18.8393654Z   CANONICAL_IMAGE: ghcr.io/cn-jjb/essential-cs/canonical@sha256:766ce07ba3073cc28049ff07d6d4f643bd6e3cc7a7967a3ebd2bb8738219e460
m20-timing-triage	m20 trio repeat characterization (diagnostic ONLY, never stable-green evidence)	2026-09-12T04:46:18.8394261Z   CANONICAL_IMAGE_DIGEST: sha256:766ce07ba3073cc28049ff07d6d4f643bd6e3cc7a7967a3ebd2bb8738219e460
m20-timing-triage	m20 trio repeat characterization (diagnostic ONLY, never stable-green evidence)	2026-09-12T04:46:18.8394669Z   CANONICAL_IMAGE_REF: ghcr.io/cn-jjb/essential-cs/canonical
m20-timing-triage	m20 trio repeat characterization (diagnostic ONLY, never stable-green evidence)	2026-09-12T04:46:18.8394934Z ##[endgroup]
m20-timing-triage	m20 trio repeat characterization (diagnostic ONLY, never stable-green evidence)	2026-09-12T04:46:24.2649934Z TRIO_RUN_1=PASS
m20-timing-triage	m20 trio repeat characterization (diagnostic ONLY, never stable-green evidence)	2026-09-12T04:46:29.8815306Z TRIO_RUN_2=PASS
m20-timing-triage	m20 trio repeat characterization (diagnostic ONLY, never stable-green evidence)	2026-09-12T04:46:34.9992601Z TRIO_RUN_3=PASS
m20-timing-triage	m20 trio repeat characterization (diagnostic ONLY, never stable-green evidence)	2026-09-12T04:46:40.6144918Z TRIO_RUN_4=PASS
m20-timing-triage	m20 trio repeat characterization (diagnostic ONLY, never stable-green evidence)	2026-09-12T04:46:46.2255171Z TRIO_RUN_5=PASS
m20-timing-triage	m20 trio repeat characterization (diagnostic ONLY, never stable-green evidence)	2026-09-12T04:46:46.2255508Z TRIAGE_REPEATS_DONE
m20-timing-triage	Upload triage bundle	﻿2026-09-12T04:46:46.4237032Z Node 20 is being deprecated. This workflow is running with Node 24 by default. If you need to temporarily use Node 20, you can set the ACTIONS_ALLOW_USE_UNSECURE_NODE_VERSION=true environment variable. For more information see: https://github.blog/changelog/2025-09-19-deprecation-of-node-20-on-github-actions-runners/
m20-timing-triage	Upload triage bundle	2026-09-12T04:46:46.4238282Z ##[group]Run actions/upload-artifact@v4
m20-timing-triage	Upload triage bundle	2026-09-12T04:46:46.4238504Z with:
m20-timing-triage	Upload triage bundle	2026-09-12T04:46:46.4238673Z   name: canonical-m20-triage
m20-timing-triage	Upload triage bundle	2026-09-12T04:46:46.4238888Z   path: /tmp/ci-tree/.ci-logs/
m20-timing-triage	Upload triage bundle	2026-09-12T04:46:46.4239089Z   include-hidden-files: true
m20-timing-triage	Upload triage bundle	2026-09-12T04:46:46.4239280Z   if-no-files-found: warn
m20-timing-triage	Upload triage bundle	2026-09-12T04:46:46.4239467Z   compression-level: 6
m20-timing-triage	Upload triage bundle	2026-09-12T04:46:46.4239646Z   overwrite: false
m20-timing-triage	Upload triage bundle	2026-09-12T04:46:46.4239809Z env:
m20-timing-triage	Upload triage bundle	2026-09-12T04:46:46.4239962Z   CI_TREE: /tmp/ci-tree
m20-timing-triage	Upload triage bundle	2026-09-12T04:46:46.4240375Z   CANONICAL_IMAGE: ghcr.io/cn-jjb/essential-cs/canonical@sha256:766ce07ba3073cc28049ff07d6d4f643bd6e3cc7a7967a3ebd2bb8738219e460
m20-timing-triage	Upload triage bundle	2026-09-12T04:46:46.4240981Z   CANONICAL_IMAGE_DIGEST: sha256:766ce07ba3073cc28049ff07d6d4f643bd6e3cc7a7967a3ebd2bb8738219e460
m20-timing-triage	Upload triage bundle	2026-09-12T04:46:46.4241375Z   CANONICAL_IMAGE_REF: ghcr.io/cn-jjb/essential-cs/canonical
m20-timing-triage	Upload triage bundle	2026-09-12T04:46:46.4241628Z ##[endgroup]
m20-timing-triage	Upload triage bundle	2026-09-12T04:46:46.5558061Z (node:2401) [DEP0040] DeprecationWarning: The `punycode` module is deprecated. Please use a userland alternative instead.
m20-timing-triage	Upload triage bundle	2026-09-12T04:46:46.5559061Z (Use `node --trace-deprecation ...` to show where the warning was created)
m20-timing-triage	Upload triage bundle	2026-09-12T04:46:46.5634733Z With the provided path, there will be 6 files uploaded
m20-timing-triage	Upload triage bundle	2026-09-12T04:46:46.5635381Z Artifact name is valid!
m20-timing-triage	Upload triage bundle	2026-09-12T04:46:46.5635662Z Root directory input is valid!
m20-timing-triage	Upload triage bundle	2026-09-12T04:46:46.9347121Z Beginning upload of artifact content to blob storage
m20-timing-triage	Upload triage bundle	2026-09-12T04:46:46.9545513Z (node:2401) [DEP0169] DeprecationWarning: `url.parse()` behavior is not standardized and prone to errors that have security implications. Use the WHATWG URL API instead. CVEs are not issued for `url.parse()` vulnerabilities.
m20-timing-triage	Upload triage bundle	2026-09-12T04:46:47.2779830Z Uploaded bytes 1023
m20-timing-triage	Upload triage bundle	2026-09-12T04:46:47.3592081Z Finished uploading artifact content to blob storage!
m20-timing-triage	Upload triage bundle	2026-09-12T04:46:47.3593009Z SHA256 digest of uploaded artifact zip is 2e4a19a1b395e01271668395afa911a3c127e8f16c8b99ad7c1efd8c64e4ad3f
m20-timing-triage	Upload triage bundle	2026-09-12T04:46:47.3593655Z Finalizing artifact upload
m20-timing-triage	Upload triage bundle	2026-09-12T04:46:47.6084271Z Artifact canonical-m20-triage.zip successfully finalized. Artifact ID 10291503351
m20-timing-triage	Upload triage bundle	2026-09-12T04:46:47.6085150Z Artifact canonical-m20-triage has been successfully uploaded! Final size is 1023 bytes. Artifact ID is 10291503351
m20-timing-triage	Upload triage bundle	2026-09-12T04:46:47.6090785Z Artifact download URL: https://github.com/CN-JJB/essential-cs/actions/runs/34673855952/artifacts/10291503351
m20-timing-triage	Post Checkout exact dispatched revision	﻿2026-09-12T04:46:47.6266744Z Node 20 is being deprecated. This workflow is running with Node 24 by default. If you need to temporarily use Node 20, you can set the ACTIONS_ALLOW_USE_UNSECURE_NODE_VERSION=true environment variable. For more information see: https://github.blog/changelog/2025-09-19-deprecation-of-node-20-on-github-actions-runners/
m20-timing-triage	Post Checkout exact dispatched revision	2026-09-12T04:46:47.6267713Z Post job cleanup.
m20-timing-triage	Post Checkout exact dispatched revision	2026-09-12T04:46:47.6920747Z [command]/usr/bin/git version
m20-timing-triage	Post Checkout exact dispatched revision	2026-09-12T04:46:47.6956052Z git version 2.55.0
m20-timing-triage	Post Checkout exact dispatched revision	2026-09-12T04:46:47.6983761Z Temporarily overriding HOME='/home/runner/work/_temp/bf88836e-ffac-4167-acb5-3e35e245b5b2' before making global git config changes
m20-timing-triage	Post Checkout exact dispatched revision	2026-09-12T04:46:47.7010001Z Adding repository directory to the temporary git global config as a safe directory
m20-timing-triage	Post Checkout exact dispatched revision	2026-09-12T04:46:47.7010987Z [command]/usr/bin/git config --global --add safe.directory /home/runner/work/essential-cs/essential-cs
m20-timing-triage	Post Checkout exact dispatched revision	2026-09-12T04:46:47.7019707Z [command]/usr/bin/git config --local --name-only --get-regexp core\.sshCommand
m20-timing-triage	Post Checkout exact dispatched revision	2026-09-12T04:46:47.7049349Z [command]/usr/bin/git submodule foreach --recursive sh -c "git config --local --name-only --get-regexp 'core\.sshCommand' && git config --local --unset-all 'core.sshCommand' || :"
m20-timing-triage	Post Checkout exact dispatched revision	2026-09-12T04:46:47.7256541Z [command]/usr/bin/git config --local --name-only --get-regexp http\.https\:\/\/github\.com\/\.extraheader
m20-timing-triage	Post Checkout exact dispatched revision	2026-09-12T04:46:47.7663653Z http.https://github.com/.extraheader
m20-timing-triage	Post Checkout exact dispatched revision	2026-09-12T04:46:47.7676234Z [command]/usr/bin/git config --local --unset-all http.https://github.com/.extraheader
m20-timing-triage	Post Checkout exact dispatched revision	2026-09-12T04:46:47.7711022Z [command]/usr/bin/git submodule foreach --recursive sh -c "git config --local --name-only --get-regexp 'http\.https\:\/\/github\.com\/\.extraheader' && git config --local --unset-all 'http.https://github.com/.extraheader' || :"
m20-timing-triage	Post Checkout exact dispatched revision	2026-09-12T04:46:47.7905538Z [command]/usr/bin/git config --local --name-only --get-regexp ^includeIf\.gitdir:
m20-timing-triage	Post Checkout exact dispatched revision	2026-09-12T04:46:47.7934688Z [command]/usr/bin/git submodule foreach --recursive git config --local --show-origin --name-only --get-regexp remote.origin.url
m20-timing-triage	Complete job	﻿2026-09-12T04:46:47.8238411Z Cleaning up orphan processes
m20-timing-triage	Complete job	2026-09-12T04:46:47.8501219Z ##[warning]Node.js 20 is deprecated. The following actions target Node.js 20 but are being forced to run on Node.js 24: actions/checkout@v4, actions/upload-artifact@v4. For more information see: https://github.blog/changelog/2025-09-19-deprecation-of-node-20-on-github-actions-runners/
qemu-smoke	Set up job	﻿2026-09-12T04:45:53.1989878Z Current runner version: '2.337.0'
qemu-smoke	Set up job	2026-09-12T04:45:53.2014528Z ##[group]Runner Image Provisioner
qemu-smoke	Set up job	2026-09-12T04:45:53.2015539Z Hosted Compute Agent
qemu-smoke	Set up job	2026-09-12T04:45:53.2016340Z Version: 20260828.587
qemu-smoke	Set up job	2026-09-12T04:45:53.2017059Z Commit: abac92662cab4cc7352de4f9f9d2e2419aad9c29
qemu-smoke	Set up job	2026-09-12T04:45:53.2017778Z Build Date: 2026-08-28T16:44:25Z
qemu-smoke	Set up job	2026-09-12T04:45:53.2018441Z Worker ID: {0651d42e-d785-4386-8635-2d140d19e8df}
qemu-smoke	Set up job	2026-09-12T04:45:53.2019280Z Azure Region: westus
qemu-smoke	Set up job	2026-09-12T04:45:53.2019861Z ##[endgroup]
qemu-smoke	Set up job	2026-09-12T04:45:53.2021514Z ##[group]Operating System
qemu-smoke	Set up job	2026-09-12T04:45:53.2022172Z Ubuntu
qemu-smoke	Set up job	2026-09-12T04:45:53.2022716Z 24.04.5
qemu-smoke	Set up job	2026-09-12T04:45:53.2023288Z LTS
qemu-smoke	Set up job	2026-09-12T04:45:53.2023792Z ##[endgroup]
qemu-smoke	Set up job	2026-09-12T04:45:53.2024365Z ##[group]Runner Image
qemu-smoke	Set up job	2026-09-12T04:45:53.2024966Z Image: ubuntu-24.04
qemu-smoke	Set up job	2026-09-12T04:45:53.2025605Z Version: 20260907.300.1
qemu-smoke	Set up job	2026-09-12T04:45:53.2027378Z Included Software: https://github.com/actions/runner-images/blob/ubuntu24/20260907.300/images/ubuntu/Ubuntu2404-Readme.md
qemu-smoke	Set up job	2026-09-12T04:45:53.2029125Z Image Release: https://github.com/actions/runner-images/releases/tag/ubuntu24%2F20260907.300
qemu-smoke	Set up job	2026-09-12T04:45:53.2030108Z ##[endgroup]
qemu-smoke	Set up job	2026-09-12T04:45:53.2031352Z ##[group]GITHUB_TOKEN Permissions
qemu-smoke	Set up job	2026-09-12T04:45:53.2033502Z Contents: read
qemu-smoke	Set up job	2026-09-12T04:45:53.2034109Z Metadata: read
qemu-smoke	Set up job	2026-09-12T04:45:53.2034765Z Packages: read
qemu-smoke	Set up job	2026-09-12T04:45:53.2035404Z ##[endgroup]
qemu-smoke	Set up job	2026-09-12T04:45:53.2037738Z Secret source: Actions
qemu-smoke	Set up job	2026-09-12T04:45:53.2038728Z Cache mode: write
qemu-smoke	Set up job	2026-09-12T04:45:53.2039447Z Prepare workflow directory
qemu-smoke	Set up job	2026-09-12T04:45:53.2442864Z Prepare all required actions
qemu-smoke	Set up job	2026-09-12T04:45:53.2497080Z Getting action download info
qemu-smoke	Set up job	2026-09-12T04:45:53.5986608Z Download action repository 'actions/checkout@v4' (SHA:11d5960a326750d5838078e36cf38b85af677262)
qemu-smoke	Set up job	2026-09-12T04:45:53.7100193Z Download action repository 'actions/upload-artifact@v4' (SHA:ea165f8d65b6e75b540449e92b4886f43607fa02)
qemu-smoke	Set up job	2026-09-12T04:45:53.9145358Z Complete job name: qemu-smoke
qemu-smoke	Checkout exact dispatched revision	﻿2026-09-12T04:45:53.9946546Z Node 20 is being deprecated. This workflow is running with Node 24 by default. If you need to temporarily use Node 20, you can set the ACTIONS_ALLOW_USE_UNSECURE_NODE_VERSION=true environment variable. For more information see: https://github.blog/changelog/2025-09-19-deprecation-of-node-20-on-github-actions-runners/
qemu-smoke	Checkout exact dispatched revision	2026-09-12T04:45:53.9955658Z ##[group]Run actions/checkout@v4
qemu-smoke	Checkout exact dispatched revision	2026-09-12T04:45:53.9956702Z with:
qemu-smoke	Checkout exact dispatched revision	2026-09-12T04:45:53.9957186Z   ref: bb5552c7f22036cf1df31e7e7cbced3aedb26350
qemu-smoke	Checkout exact dispatched revision	2026-09-12T04:45:53.9957764Z   fetch-depth: 0
qemu-smoke	Checkout exact dispatched revision	2026-09-12T04:45:53.9958221Z   repository: CN-JJB/essential-cs
qemu-smoke	Checkout exact dispatched revision	2026-09-12T04:45:53.9962157Z   token: ***
qemu-smoke	Checkout exact dispatched revision	2026-09-12T04:45:53.9962570Z   ssh-strict: true
qemu-smoke	Checkout exact dispatched revision	2026-09-12T04:45:53.9962992Z   ssh-user: git
qemu-smoke	Checkout exact dispatched revision	2026-09-12T04:45:53.9963429Z   persist-credentials: true
qemu-smoke	Checkout exact dispatched revision	2026-09-12T04:45:53.9963920Z   clean: true
qemu-smoke	Checkout exact dispatched revision	2026-09-12T04:45:53.9964349Z   sparse-checkout-cone-mode: true
qemu-smoke	Checkout exact dispatched revision	2026-09-12T04:45:53.9964859Z   fetch-tags: false
qemu-smoke	Checkout exact dispatched revision	2026-09-12T04:45:53.9965290Z   show-progress: true
qemu-smoke	Checkout exact dispatched revision	2026-09-12T04:45:53.9965756Z   lfs: false
qemu-smoke	Checkout exact dispatched revision	2026-09-12T04:45:53.9966340Z   submodules: false
qemu-smoke	Checkout exact dispatched revision	2026-09-12T04:45:53.9966781Z   set-safe-directory: true
qemu-smoke	Checkout exact dispatched revision	2026-09-12T04:45:53.9967284Z   allow-unsafe-pr-checkout: false
qemu-smoke	Checkout exact dispatched revision	2026-09-12T04:45:53.9968033Z env:
qemu-smoke	Checkout exact dispatched revision	2026-09-12T04:45:53.9968443Z   CI_TREE: /tmp/ci-tree
qemu-smoke	Checkout exact dispatched revision	2026-09-12T04:45:53.9968930Z ##[endgroup]
qemu-smoke	Checkout exact dispatched revision	2026-09-12T04:45:54.0967801Z Syncing repository: CN-JJB/essential-cs
qemu-smoke	Checkout exact dispatched revision	2026-09-12T04:45:54.0969685Z ##[group]Getting Git version info
qemu-smoke	Checkout exact dispatched revision	2026-09-12T04:45:54.0970491Z Working directory is '/home/runner/work/essential-cs/essential-cs'
qemu-smoke	Checkout exact dispatched revision	2026-09-12T04:45:54.0971736Z [command]/usr/bin/git version
qemu-smoke	Checkout exact dispatched revision	2026-09-12T04:45:54.1077554Z git version 2.55.0
qemu-smoke	Checkout exact dispatched revision	2026-09-12T04:45:54.1106643Z ##[endgroup]
qemu-smoke	Checkout exact dispatched revision	2026-09-12T04:45:54.1124125Z Temporarily overriding HOME='/home/runner/work/_temp/f0d31a1d-3f7b-447e-a6fa-fa784b7d2ab6' before making global git config changes
qemu-smoke	Checkout exact dispatched revision	2026-09-12T04:45:54.1126825Z Adding repository directory to the temporary git global config as a safe directory
qemu-smoke	Checkout exact dispatched revision	2026-09-12T04:45:54.1130740Z [command]/usr/bin/git config --global --add safe.directory /home/runner/work/essential-cs/essential-cs
qemu-smoke	Checkout exact dispatched revision	2026-09-12T04:45:54.1190509Z Deleting the contents of '/home/runner/work/essential-cs/essential-cs'
qemu-smoke	Checkout exact dispatched revision	2026-09-12T04:45:54.1194610Z ##[group]Initializing the repository
qemu-smoke	Checkout exact dispatched revision	2026-09-12T04:45:54.1199016Z [command]/usr/bin/git init /home/runner/work/essential-cs/essential-cs
qemu-smoke	Checkout exact dispatched revision	2026-09-12T04:45:54.1335341Z hint: Using 'master' as the name for the initial branch. This default branch name
qemu-smoke	Checkout exact dispatched revision	2026-09-12T04:45:54.1337305Z hint: will change to "main" in Git 3.0. To configure the initial branch name
qemu-smoke	Checkout exact dispatched revision	2026-09-12T04:45:54.1338835Z hint: to use in all of your new repositories, which will suppress this warning,
qemu-smoke	Checkout exact dispatched revision	2026-09-12T04:45:54.1340100Z hint: call:
qemu-smoke	Checkout exact dispatched revision	2026-09-12T04:45:54.1340757Z hint:
qemu-smoke	Checkout exact dispatched revision	2026-09-12T04:45:54.1341543Z hint: 	git config --global init.defaultBranch <name>
qemu-smoke	Checkout exact dispatched revision	2026-09-12T04:45:54.1342514Z hint:
qemu-smoke	Checkout exact dispatched revision	2026-09-12T04:45:54.1343424Z hint: Names commonly chosen instead of 'master' are 'main', 'trunk' and
qemu-smoke	Checkout exact dispatched revision	2026-09-12T04:45:54.1345027Z hint: 'development'. The just-created branch can be renamed via this command:
qemu-smoke	Checkout exact dispatched revision	2026-09-12T04:45:54.1346528Z hint:
qemu-smoke	Checkout exact dispatched revision	2026-09-12T04:45:54.1347190Z hint: 	git branch -m <name>
qemu-smoke	Checkout exact dispatched revision	2026-09-12T04:45:54.1347931Z hint:
qemu-smoke	Checkout exact dispatched revision	2026-09-12T04:45:54.1348919Z hint: Disable this message with "git config set advice.defaultBranchName false"
qemu-smoke	Checkout exact dispatched revision	2026-09-12T04:45:54.1350695Z Initialized empty Git repository in /home/runner/work/essential-cs/essential-cs/.git/
qemu-smoke	Checkout exact dispatched revision	2026-09-12T04:45:54.1353447Z [command]/usr/bin/git remote add origin https://github.com/CN-JJB/essential-cs
qemu-smoke	Checkout exact dispatched revision	2026-09-12T04:45:54.1407628Z ##[endgroup]
qemu-smoke	Checkout exact dispatched revision	2026-09-12T04:45:54.1409085Z ##[group]Disabling automatic garbage collection
qemu-smoke	Checkout exact dispatched revision	2026-09-12T04:45:54.1411356Z [command]/usr/bin/git config --local gc.auto 0
qemu-smoke	Checkout exact dispatched revision	2026-09-12T04:45:54.1442912Z ##[endgroup]
qemu-smoke	Checkout exact dispatched revision	2026-09-12T04:45:54.1444064Z ##[group]Setting up auth
qemu-smoke	Checkout exact dispatched revision	2026-09-12T04:45:54.1450185Z [command]/usr/bin/git config --local --name-only --get-regexp core\.sshCommand
qemu-smoke	Checkout exact dispatched revision	2026-09-12T04:45:54.1491441Z [command]/usr/bin/git submodule foreach --recursive sh -c "git config --local --name-only --get-regexp 'core\.sshCommand' && git config --local --unset-all 'core.sshCommand' || :"
qemu-smoke	Checkout exact dispatched revision	2026-09-12T04:45:54.1918432Z [command]/usr/bin/git config --local --name-only --get-regexp http\.https\:\/\/github\.com\/\.extraheader
qemu-smoke	Checkout exact dispatched revision	2026-09-12T04:45:54.1954575Z [command]/usr/bin/git submodule foreach --recursive sh -c "git config --local --name-only --get-regexp 'http\.https\:\/\/github\.com\/\.extraheader' && git config --local --unset-all 'http.https://github.com/.extraheader' || :"
qemu-smoke	Checkout exact dispatched revision	2026-09-12T04:45:54.2179694Z [command]/usr/bin/git config --local --name-only --get-regexp ^includeIf\.gitdir:
qemu-smoke	Checkout exact dispatched revision	2026-09-12T04:45:54.2216533Z [command]/usr/bin/git submodule foreach --recursive git config --local --show-origin --name-only --get-regexp remote.origin.url
qemu-smoke	Checkout exact dispatched revision	2026-09-12T04:45:54.2439643Z [command]/usr/bin/git config --local http.https://github.com/.extraheader AUTHORIZATION: basic ***
qemu-smoke	Checkout exact dispatched revision	2026-09-12T04:45:54.2479589Z ##[endgroup]
qemu-smoke	Checkout exact dispatched revision	2026-09-12T04:45:54.2480613Z ##[group]Fetching the repository
qemu-smoke	Checkout exact dispatched revision	2026-09-12T04:45:54.2491499Z [command]/usr/bin/git -c protocol.version=2 fetch --prune --no-recurse-submodules origin +refs/heads/*:refs/remotes/origin/* +refs/tags/*:refs/tags/*
qemu-smoke	Checkout exact dispatched revision	2026-09-12T04:45:55.0401658Z From https://github.com/CN-JJB/essential-cs
qemu-smoke	Checkout exact dispatched revision	2026-09-12T04:45:55.0407844Z  * [new branch]      architecture/issue-36-build-first -> origin/architecture/issue-36-build-first
qemu-smoke	Checkout exact dispatched revision	2026-09-12T04:45:55.0410260Z  * [new branch]      audit/issue-140-post-v09-v10-gap-plan -> origin/audit/issue-140-post-v09-v10-gap-plan
qemu-smoke	Checkout exact dispatched revision	2026-09-12T04:45:55.0412622Z  * [new branch]      audit/issue-2-external-curriculum-v0.1 -> origin/audit/issue-2-external-curriculum-v0.1
qemu-smoke	Checkout exact dispatched revision	2026-09-12T04:45:55.0413965Z  * [new branch]      blueprint/issue-1-core-map -> origin/blueprint/issue-1-core-map
qemu-smoke	Checkout exact dispatched revision	2026-09-12T04:45:55.0415231Z  * [new branch]      blueprint/issue-10-audit-disposition -> origin/blueprint/issue-10-audit-disposition
qemu-smoke	Checkout exact dispatched revision	2026-09-12T04:45:55.0416958Z  * [new branch]      blueprint/issue-11-mini-cloud-alignment -> origin/blueprint/issue-11-mini-cloud-alignment
qemu-smoke	Checkout exact dispatched revision	2026-09-12T04:45:55.0418828Z  * [new branch]      blueprint/issue-12-lab-source-selection -> origin/blueprint/issue-12-lab-source-selection
qemu-smoke	Checkout exact dispatched revision	2026-09-12T04:45:55.0422365Z  * [new branch]      blueprint/issue-13-competency-concepts -> origin/blueprint/issue-13-competency-concepts
qemu-smoke	Checkout exact dispatched revision	2026-09-12T04:45:55.0424991Z  * [new branch]      blueprint/issue-19-course-identity-entry -> origin/blueprint/issue-19-course-identity-entry
qemu-smoke	Checkout exact dispatched revision	2026-09-12T04:45:55.0427338Z  * [new branch]      blueprint/issue-21-assessment-tech-map -> origin/blueprint/issue-21-assessment-tech-map
qemu-smoke	Checkout exact dispatched revision	2026-09-12T04:45:55.0429057Z  * [new branch]      blueprint/issue-23-final-exit-audit -> origin/blueprint/issue-23-final-exit-audit
qemu-smoke	Checkout exact dispatched revision	2026-09-12T04:45:55.0430701Z  * [new branch]      blueprint/issue-3-mini-cloud-evolution -> origin/blueprint/issue-3-mini-cloud-evolution
qemu-smoke	Checkout exact dispatched revision	2026-09-12T04:45:55.0433109Z  * [new branch]      blueprint/issue-9-final-reconciliation -> origin/blueprint/issue-9-final-reconciliation
qemu-smoke	Checkout exact dispatched revision	2026-09-12T04:45:55.0436326Z  * [new branch]      design/issue-114-s7-m21-m24-security-judgment -> origin/design/issue-114-s7-m21-m24-security-judgment
qemu-smoke	Checkout exact dispatched revision	2026-09-12T04:45:55.0439687Z  * [new branch]      design/issue-50-m05-m09-runtime-os-persistence -> origin/design/issue-50-m05-m09-runtime-os-persistence
qemu-smoke	Checkout exact dispatched revision	2026-09-12T04:45:55.0442849Z  * [new branch]      design/issue-71-m10-m12-network-web-browser -> origin/design/issue-71-m10-m12-network-web-browser
qemu-smoke	Checkout exact dispatched revision	2026-09-12T04:45:55.0446289Z  * [new branch]      design/issue-86-m13-m15-data-concurrency -> origin/design/issue-86-m13-m15-data-concurrency
qemu-smoke	Checkout exact dispatched revision	2026-09-12T04:45:55.0449251Z  * [new branch]      design/issue-99-m16-m20-distributed-infra -> origin/design/issue-99-m16-m20-distributed-infra
qemu-smoke	Checkout exact dispatched revision	2026-09-12T04:45:55.0452038Z  * [new branch]      governance/issue-88-issue-pr-handoff -> origin/governance/issue-88-issue-pr-handoff
qemu-smoke	Checkout exact dispatched revision	2026-09-12T04:45:55.0454775Z  * [new branch]      governance/role-specific-agent-guides -> origin/governance/role-specific-agent-guides
qemu-smoke	Checkout exact dispatched revision	2026-09-12T04:45:55.0457499Z  * [new branch]      impl/issue-101-s6-b1-m16-rpc -> origin/impl/issue-101-s6-b1-m16-rpc
qemu-smoke	Checkout exact dispatched revision	2026-09-12T04:45:55.0460378Z  * [new branch]      impl/issue-103-s6-b2-m17-replication-consensus -> origin/impl/issue-103-s6-b2-m17-replication-consensus
qemu-smoke	Checkout exact dispatched revision	2026-09-12T04:45:55.0462094Z  * [new branch]      impl/issue-105-s6-b3-m18-coordination -> origin/impl/issue-105-s6-b3-m18-coordination
qemu-smoke	Checkout exact dispatched revision	2026-09-12T04:45:55.0463689Z  * [new branch]      impl/issue-107-s6-b4-m19-infrastructure -> origin/impl/issue-107-s6-b4-m19-infrastructure
qemu-smoke	Checkout exact dispatched revision	2026-09-12T04:45:55.0465253Z  * [new branch]      impl/issue-110-s6-b5-m20-observability -> origin/impl/issue-110-s6-b5-m20-observability
qemu-smoke	Checkout exact dispatched revision	2026-09-12T04:45:55.0468078Z  * [new branch]      impl/issue-116-s7-b1-m21-trust-crypto -> origin/impl/issue-116-s7-b1-m21-trust-crypto
qemu-smoke	Checkout exact dispatched revision	2026-09-12T04:45:55.0469861Z  * [new branch]      impl/issue-119-s7-b2-m22-auth-composition -> origin/impl/issue-119-s7-b2-m22-auth-composition
qemu-smoke	Checkout exact dispatched revision	2026-09-12T04:45:55.0471583Z  * [new branch]      impl/issue-121-s7-b3-m23-systems-judgment -> origin/impl/issue-121-s7-b3-m23-systems-judgment
qemu-smoke	Checkout exact dispatched revision	2026-09-12T04:45:55.0473476Z  * [new branch]      impl/issue-123-s7-b4-m24-final-system-defense -> origin/impl/issue-123-s7-b4-m24-final-system-defense
qemu-smoke	Checkout exact dispatched revision	2026-09-12T04:45:55.0475201Z  * [new branch]      impl/issue-90-m13-sqlite-exp02 -> origin/impl/issue-90-m13-sqlite-exp02
qemu-smoke	Checkout exact dispatched revision	2026-09-12T04:45:55.0477540Z  * [new branch]      impl/issue-93-m14-transactions-lab-req-05 -> origin/impl/issue-93-m14-transactions-lab-req-05
qemu-smoke	Checkout exact dispatched revision	2026-09-12T04:45:55.0480468Z  * [new branch]      impl/issue-95-m15-concurrency-lab-req-03 -> origin/impl/issue-95-m15-concurrency-lab-req-03
qemu-smoke	Checkout exact dispatched revision	2026-09-12T04:45:55.0482424Z  * [new branch]      implementation/durable-canonical-environment-pin-v0.1 -> origin/implementation/durable-canonical-environment-pin-v0.1
qemu-smoke	Checkout exact dispatched revision	2026-09-12T04:45:55.0484379Z  * [new branch]      implementation/issue-145-stable-environment-ci-v0.1 -> origin/implementation/issue-145-stable-environment-ci-v0.1
qemu-smoke	Checkout exact dispatched revision	2026-09-12T04:45:55.0486566Z  * [new branch]      implementation/issue-38-m02-computation-complexity -> origin/implementation/issue-38-m02-computation-complexity
qemu-smoke	Checkout exact dispatched revision	2026-09-12T04:45:55.0489517Z  * [new branch]      implementation/issue-41-m03-machine-isa-execution -> origin/implementation/issue-41-m03-machine-isa-execution
qemu-smoke	Checkout exact dispatched revision	2026-09-12T04:45:55.0492932Z  * [new branch]      implementation/issue-44-m04-memory-locality-measurement -> origin/implementation/issue-44-m04-memory-locality-measurement
qemu-smoke	Checkout exact dispatched revision	2026-09-12T04:45:55.0496707Z  * [new branch]      implementation/issue-53-m05-languages-runtime-compiler -> origin/implementation/issue-53-m05-languages-runtime-compiler
qemu-smoke	Checkout exact dispatched revision	2026-09-12T04:45:55.0500594Z  * [new branch]      implementation/issue-56-m06-processes-syscalls-lab-req-02 -> origin/implementation/issue-56-m06-processes-syscalls-lab-req-02
qemu-smoke	Checkout exact dispatched revision	2026-09-12T04:45:55.0504296Z  * [new branch]      implementation/issue-59-m07-virtual-memory-isolation -> origin/implementation/issue-59-m07-virtual-memory-isolation
qemu-smoke	Checkout exact dispatched revision	2026-09-12T04:45:55.0508002Z  * [new branch]      implementation/issue-62-m08-files-filesystems-io -> origin/implementation/issue-62-m08-files-filesystems-io
qemu-smoke	Checkout exact dispatched revision	2026-09-12T04:45:55.0511442Z  * [new branch]      implementation/issue-65-m09-storage-engine-durable-storage -> origin/implementation/issue-65-m09-storage-engine-durable-storage
qemu-smoke	Checkout exact dispatched revision	2026-09-12T04:45:55.0513598Z  * [new branch]      implementation/issue-74-m10-networking-ip-dns-transport -> origin/implementation/issue-74-m10-networking-ip-dns-transport
qemu-smoke	Checkout exact dispatched revision	2026-09-12T04:45:55.0515654Z  * [new branch]      implementation/issue-77-m11-tls-http-caching-lab-req-01 -> origin/implementation/issue-77-m11-tls-http-caching-lab-req-01
qemu-smoke	Checkout exact dispatched revision	2026-09-12T04:45:55.0518235Z  * [new branch]      implementation/issue-80-m12-web-browser-exp-03 -> origin/implementation/issue-80-m12-web-browser-exp-03
qemu-smoke	Checkout exact dispatched revision	2026-09-12T04:45:55.0519610Z  * [new branch]      lead-smoke/pr-66-m09    -> origin/lead-smoke/pr-66-m09
qemu-smoke	Checkout exact dispatched revision	2026-09-12T04:45:55.0520741Z  * [new branch]      lead-smoke/pr-66-m09-v2 -> origin/lead-smoke/pr-66-m09-v2
qemu-smoke	Checkout exact dispatched revision	2026-09-12T04:45:55.0521781Z  * [new branch]      lead-smoke/pr-78-m11    -> origin/lead-smoke/pr-78-m11
qemu-smoke	Checkout exact dispatched revision	2026-09-12T04:45:55.0527213Z  * [new branch]      lead-smoke/pr-78-m11-final -> origin/lead-smoke/pr-78-m11-final
qemu-smoke	Checkout exact dispatched revision	2026-09-12T04:45:55.0528916Z  * [new branch]      lead-smoke/pr-78-m11-v2 -> origin/lead-smoke/pr-78-m11-v2
qemu-smoke	Checkout exact dispatched revision	2026-09-12T04:45:55.0530944Z  * [new branch]      lead-smoke/pr-81-m12-final -> origin/lead-smoke/pr-81-m12-final
qemu-smoke	Checkout exact dispatched revision	2026-09-12T04:45:55.0532745Z  * [new branch]      main                    -> origin/main
qemu-smoke	Checkout exact dispatched revision	2026-09-12T04:45:55.0534886Z  * [new branch]      repair/issue-125-m22-layer56-report-key -> origin/repair/issue-125-m22-layer56-report-key
qemu-smoke	Checkout exact dispatched revision	2026-09-12T04:45:55.0538236Z  * [new branch]      repair/issue-127-pre-v09-known-regressions -> origin/repair/issue-127-pre-v09-known-regressions
qemu-smoke	Checkout exact dispatched revision	2026-09-12T04:45:55.0540795Z  * [new branch]      repair/issue-131-v09-smoke-license-gates -> origin/repair/issue-131-v09-smoke-license-gates
qemu-smoke	Checkout exact dispatched revision	2026-09-12T04:45:55.0542536Z  * [new branch]      repair/issue-135-lab-req-02-executable-bits -> origin/repair/issue-135-lab-req-02-executable-bits
qemu-smoke	Checkout exact dispatched revision	2026-09-12T04:45:55.0544930Z  * [new branch]      repair/issue-149-qemu-ci-false-green-v0.1 -> origin/repair/issue-149-qemu-ci-false-green-v0.1
qemu-smoke	Checkout exact dispatched revision	2026-09-12T04:45:55.0548447Z  * [new branch]      research/issue-112-s7-m21-m24-security-judgment -> origin/research/issue-112-s7-m21-m24-security-judgment
qemu-smoke	Checkout exact dispatched revision	2026-09-12T04:45:55.0551007Z  * [new branch]      research/issue-143-stable-environment-pin-decision-packet -> origin/research/issue-143-stable-environment-pin-decision-packet
qemu-smoke	Checkout exact dispatched revision	2026-09-12T04:45:55.0554507Z  * [new branch]      research/issue-4-classic-labs-sources -> origin/research/issue-4-classic-labs-sources
qemu-smoke	Checkout exact dispatched revision	2026-09-12T04:45:55.0557464Z  * [new branch]      research/issue-47-m05-m09-runtime-os-persistence -> origin/research/issue-47-m05-m09-runtime-os-persistence
qemu-smoke	Checkout exact dispatched revision	2026-09-12T04:45:55.0559637Z  * [new branch]      research/issue-68-m10-m12-network-web-browser -> origin/research/issue-68-m10-m12-network-web-browser
qemu-smoke	Checkout exact dispatched revision	2026-09-12T04:45:55.0561638Z  * [new branch]      research/issue-83-m13-m15-data-concurrency -> origin/research/issue-83-m13-m15-data-concurrency
qemu-smoke	Checkout exact dispatched revision	2026-09-12T04:45:55.0563584Z  * [new branch]      research/issue-97-m16-m20-distributed-infra -> origin/research/issue-97-m16-m20-distributed-infra
qemu-smoke	Checkout exact dispatched revision	2026-09-12T04:45:55.0565762Z  * [new branch]      status/advance-production-to-m08 -> origin/status/advance-production-to-m08
qemu-smoke	Checkout exact dispatched revision	2026-09-12T04:45:55.0567804Z  * [new branch]      status/advance-production-to-m09 -> origin/status/advance-production-to-m09
qemu-smoke	Checkout exact dispatched revision	2026-09-12T04:45:55.0569549Z  * [new branch]      status/record-m09-and-advance-to-s4-research -> origin/status/record-m09-and-advance-to-s4-research
qemu-smoke	Checkout exact dispatched revision	2026-09-12T04:45:55.0571576Z  * [new branch]      status/record-m10-and-advance-to-m11 -> origin/status/record-m10-and-advance-to-m11
qemu-smoke	Checkout exact dispatched revision	2026-09-12T04:45:55.0573240Z  * [new branch]      status/record-m11-and-advance-to-m12 -> origin/status/record-m11-and-advance-to-m12
qemu-smoke	Checkout exact dispatched revision	2026-09-12T04:45:55.0575033Z  * [new branch]      status/record-m12-and-advance-to-s5-research -> origin/status/record-m12-and-advance-to-s5-research
qemu-smoke	Checkout exact dispatched revision	2026-09-12T04:45:55.0577354Z  * [new branch]      status/record-s4-design-and-advance-to-m10 -> origin/status/record-s4-design-and-advance-to-m10
qemu-smoke	Checkout exact dispatched revision	2026-09-12T04:45:55.0579475Z  * [new branch]      status/record-s4-research-and-advance-to-design -> origin/status/record-s4-research-and-advance-to-design
qemu-smoke	Checkout exact dispatched revision	2026-09-12T04:45:55.0583420Z  * [new branch]      status/record-s5-research-and-advance-to-design -> origin/status/record-s5-research-and-advance-to-design
qemu-smoke	Checkout exact dispatched revision	2026-09-12T04:45:55.0587504Z  * [new branch]      validation/issue-34-m00-m01-first-pilot -> origin/validation/issue-34-m00-m01-first-pilot
qemu-smoke	Checkout exact dispatched revision	2026-09-12T04:45:55.0590892Z  * [new branch]      verification/issue-129-full-core-v09-rc-readiness -> origin/verification/issue-129-full-core-v09-rc-readiness
qemu-smoke	Checkout exact dispatched revision	2026-09-12T04:45:55.0595005Z  * [new branch]      verification/issue-133-v09-rc-readiness-reverify -> origin/verification/issue-133-v09-rc-readiness-reverify
qemu-smoke	Checkout exact dispatched revision	2026-09-12T04:45:55.0599325Z  * [new branch]      verification/issue-137-lab-req-02-direct-invocation -> origin/verification/issue-137-lab-req-02-direct-invocation
qemu-smoke	Checkout exact dispatched revision	2026-09-12T04:45:55.0603982Z  * [new branch]      verification/issue-147-stable-environment-ci-independent -> origin/verification/issue-147-stable-environment-ci-independent
qemu-smoke	Checkout exact dispatched revision	2026-09-12T04:45:55.0607972Z  * [new branch]      verification/issue-31-m00-m01-gate -> origin/verification/issue-31-m00-m01-gate
qemu-smoke	Checkout exact dispatched revision	2026-09-12T04:45:55.0610403Z  * [new branch]      vertical-slice/issue-25-foundations-system-mechanics-research -> origin/vertical-slice/issue-25-foundations-system-mechanics-research
qemu-smoke	Checkout exact dispatched revision	2026-09-12T04:45:55.0614823Z  * [new branch]      vertical-slice/issue-27-foundations-system-mechanics-design -> origin/vertical-slice/issue-27-foundations-system-mechanics-design
qemu-smoke	Checkout exact dispatched revision	2026-09-12T04:45:55.0618372Z  * [new branch]      vertical-slice/issue-29-m00-m01-lesson-activity -> origin/vertical-slice/issue-29-m00-m01-lesson-activity
qemu-smoke	Checkout exact dispatched revision	2026-09-12T04:45:55.0621313Z  * [new branch]      web-lead/post-pr30-status -> origin/web-lead/post-pr30-status
qemu-smoke	Checkout exact dispatched revision	2026-09-12T04:45:55.0622745Z  * [new branch]      web-lead/post-pr33-status -> origin/web-lead/post-pr33-status
qemu-smoke	Checkout exact dispatched revision	2026-09-12T04:45:55.0624108Z  * [new branch]      web-lead/post-pr39-status -> origin/web-lead/post-pr39-status
qemu-smoke	Checkout exact dispatched revision	2026-09-12T04:45:55.0625535Z  * [new branch]      web-lead/post-pr42-issue-first -> origin/web-lead/post-pr42-issue-first
qemu-smoke	Checkout exact dispatched revision	2026-09-12T04:45:55.0627851Z  * [new branch]      web-lead/post-pr45-status -> origin/web-lead/post-pr45-status
qemu-smoke	Checkout exact dispatched revision	2026-09-12T04:45:55.0630065Z  * [new branch]      web-lead/post-pr48-status -> origin/web-lead/post-pr48-status
qemu-smoke	Checkout exact dispatched revision	2026-09-12T04:45:55.0632471Z  * [new branch]      web-lead/post-pr51-status -> origin/web-lead/post-pr51-status
qemu-smoke	Checkout exact dispatched revision	2026-09-12T04:45:55.0634660Z  * [new branch]      web-lead/post-pr54-status -> origin/web-lead/post-pr54-status
qemu-smoke	Checkout exact dispatched revision	2026-09-12T04:45:55.0637143Z  * [new branch]      web-lead/post-pr57-status -> origin/web-lead/post-pr57-status
qemu-smoke	Checkout exact dispatched revision	2026-09-12T04:45:55.0639117Z  * [new tag]         v0.9                    -> v0.9
qemu-smoke	Checkout exact dispatched revision	2026-09-12T04:45:55.0642837Z [command]/usr/bin/git rev-parse --verify --quiet bb5552c7f22036cf1df31e7e7cbced3aedb26350^{object}
qemu-smoke	Checkout exact dispatched revision	2026-09-12T04:45:55.0645461Z bb5552c7f22036cf1df31e7e7cbced3aedb26350
qemu-smoke	Checkout exact dispatched revision	2026-09-12T04:45:55.0648785Z ##[endgroup]
qemu-smoke	Checkout exact dispatched revision	2026-09-12T04:45:55.0650272Z ##[group]Determining the checkout info
qemu-smoke	Checkout exact dispatched revision	2026-09-12T04:45:55.0652205Z ##[endgroup]
qemu-smoke	Checkout exact dispatched revision	2026-09-12T04:45:55.0653253Z [command]/usr/bin/git sparse-checkout disable
qemu-smoke	Checkout exact dispatched revision	2026-09-12T04:45:55.0655608Z [command]/usr/bin/git config --local --unset-all extensions.worktreeConfig
qemu-smoke	Checkout exact dispatched revision	2026-09-12T04:45:55.0658676Z ##[group]Checking out the ref
qemu-smoke	Checkout exact dispatched revision	2026-09-12T04:45:55.0660225Z [command]/usr/bin/git checkout --progress --force bb5552c7f22036cf1df31e7e7cbced3aedb26350
qemu-smoke	Checkout exact dispatched revision	2026-09-12T04:45:55.1123857Z Note: switching to 'bb5552c7f22036cf1df31e7e7cbced3aedb26350'.
qemu-smoke	Checkout exact dispatched revision	2026-09-12T04:45:55.1125089Z 
qemu-smoke	Checkout exact dispatched revision	2026-09-12T04:45:55.1126131Z You are in 'detached HEAD' state. You can look around, make experimental
qemu-smoke	Checkout exact dispatched revision	2026-09-12T04:45:55.1127936Z changes and commit them, and you can discard any commits you make in this
qemu-smoke	Checkout exact dispatched revision	2026-09-12T04:45:55.1130048Z state without impacting any branches by switching back to a branch.
qemu-smoke	Checkout exact dispatched revision	2026-09-12T04:45:55.1132311Z 
qemu-smoke	Checkout exact dispatched revision	2026-09-12T04:45:55.1133371Z If you want to create a new branch to retain commits you create, you may
qemu-smoke	Checkout exact dispatched revision	2026-09-12T04:45:55.1136033Z do so (now or later) by using -c with the switch command. Example:
qemu-smoke	Checkout exact dispatched revision	2026-09-12T04:45:55.1137638Z 
qemu-smoke	Checkout exact dispatched revision	2026-09-12T04:45:55.1138091Z   git switch -c <new-branch-name>
qemu-smoke	Checkout exact dispatched revision	2026-09-12T04:45:55.1139045Z 
qemu-smoke	Checkout exact dispatched revision	2026-09-12T04:45:55.1139470Z Or undo this operation with:
qemu-smoke	Checkout exact dispatched revision	2026-09-12T04:45:55.1140290Z 
qemu-smoke	Checkout exact dispatched revision	2026-09-12T04:45:55.1140661Z   git switch -
qemu-smoke	Checkout exact dispatched revision	2026-09-12T04:45:55.1141246Z 
qemu-smoke	Checkout exact dispatched revision	2026-09-12T04:45:55.1142474Z Turn off this advice by setting config variable advice.detachedHead to false
qemu-smoke	Checkout exact dispatched revision	2026-09-12T04:45:55.1144332Z 
qemu-smoke	Checkout exact dispatched revision	2026-09-12T04:45:55.1146365Z HEAD is now at bb5552c docs(verification): durable canonical environment pin implementation report (#150)
qemu-smoke	Checkout exact dispatched revision	2026-09-12T04:45:55.1151508Z ##[endgroup]
qemu-smoke	Checkout exact dispatched revision	2026-09-12T04:45:55.1185558Z [command]/usr/bin/git log -1 --format=%H
qemu-smoke	Checkout exact dispatched revision	2026-09-12T04:45:55.1214242Z bb5552c7f22036cf1df31e7e7cbced3aedb26350
qemu-smoke	Assert exact checked-out revision	﻿2026-09-12T04:45:55.1513458Z ##[group]Run actual="$(git rev-parse HEAD)"
qemu-smoke	Assert exact checked-out revision	2026-09-12T04:45:55.1514499Z ^[[36;1mactual="$(git rev-parse HEAD)"^[[0m
qemu-smoke	Assert exact checked-out revision	2026-09-12T04:45:55.1515450Z ^[[36;1mecho "EXPECTED_REVISION=${GITHUB_SHA}"^[[0m
qemu-smoke	Assert exact checked-out revision	2026-09-12T04:45:55.1516794Z ^[[36;1mecho "ACTUAL_REVISION=${actual}"^[[0m
qemu-smoke	Assert exact checked-out revision	2026-09-12T04:45:55.1517685Z ^[[36;1mtest "${actual}" = "${GITHUB_SHA}"^[[0m
qemu-smoke	Assert exact checked-out revision	2026-09-12T04:45:55.1558019Z shell: /usr/bin/bash -e {0}
qemu-smoke	Assert exact checked-out revision	2026-09-12T04:45:55.1558728Z env:
qemu-smoke	Assert exact checked-out revision	2026-09-12T04:45:55.1559188Z   CI_TREE: /tmp/ci-tree
qemu-smoke	Assert exact checked-out revision	2026-09-12T04:45:55.1559781Z ##[endgroup]
qemu-smoke	Assert exact checked-out revision	2026-09-12T04:45:55.1661928Z EXPECTED_REVISION=bb5552c7f22036cf1df31e7e7cbced3aedb26350
qemu-smoke	Assert exact checked-out revision	2026-09-12T04:45:55.1664233Z ACTUAL_REVISION=bb5552c7f22036cf1df31e7e7cbced3aedb26350
qemu-smoke	Record hosted substrate identity (informational only, not the pin)	﻿2026-09-12T04:45:55.1722147Z ##[group]Run cat /etc/os-release | head -n 3
qemu-smoke	Record hosted substrate identity (informational only, not the pin)	2026-09-12T04:45:55.1723095Z ^[[36;1mcat /etc/os-release | head -n 3^[[0m
qemu-smoke	Record hosted substrate identity (informational only, not the pin)	2026-09-12T04:45:55.1724047Z ^[[36;1mecho "runner_image_version=${ImageVersion}"^[[0m
qemu-smoke	Record hosted substrate identity (informational only, not the pin)	2026-09-12T04:45:55.1724993Z ^[[36;1mecho "runner_arch=$(uname -m)"^[[0m
qemu-smoke	Record hosted substrate identity (informational only, not the pin)	2026-09-12T04:45:55.1758544Z shell: /usr/bin/bash -e {0}
qemu-smoke	Record hosted substrate identity (informational only, not the pin)	2026-09-12T04:45:55.1759182Z env:
qemu-smoke	Record hosted substrate identity (informational only, not the pin)	2026-09-12T04:45:55.1759640Z   CI_TREE: /tmp/ci-tree
qemu-smoke	Record hosted substrate identity (informational only, not the pin)	2026-09-12T04:45:55.1760209Z ##[endgroup]
qemu-smoke	Record hosted substrate identity (informational only, not the pin)	2026-09-12T04:45:55.1828385Z PRETTY_NAME="Ubuntu 24.04.5 LTS"
qemu-smoke	Record hosted substrate identity (informational only, not the pin)	2026-09-12T04:45:55.1829562Z NAME="Ubuntu"
qemu-smoke	Record hosted substrate identity (informational only, not the pin)	2026-09-12T04:45:55.1830410Z VERSION_ID="24.04"
qemu-smoke	Record hosted substrate identity (informational only, not the pin)	2026-09-12T04:45:55.1831197Z runner_image_version=20260907.300.1
qemu-smoke	Record hosted substrate identity (informational only, not the pin)	2026-09-12T04:45:55.1841861Z runner_arch=x86_64
qemu-smoke	Materialize canonical environment by immutable registry digest	﻿2026-09-12T04:45:55.1916427Z ##[group]Run set -ueo pipefail
qemu-smoke	Materialize canonical environment by immutable registry digest	2026-09-12T04:45:55.1917253Z ^[[36;1mset -ueo pipefail^[[0m
qemu-smoke	Materialize canonical environment by immutable registry digest	2026-09-12T04:45:55.1928006Z ^[[36;1mecho "***" | docker login ghcr.io -u "CN-JJB" --password-stdin^[[0m
qemu-smoke	Materialize canonical environment by immutable registry digest	2026-09-12T04:45:55.1929266Z ^[[36;1mbash scripts/canonical-image-pull.sh^[[0m
qemu-smoke	Materialize canonical environment by immutable registry digest	2026-09-12T04:45:55.1962692Z shell: /usr/bin/bash -e {0}
qemu-smoke	Materialize canonical environment by immutable registry digest	2026-09-12T04:45:55.1963332Z env:
qemu-smoke	Materialize canonical environment by immutable registry digest	2026-09-12T04:45:55.1963792Z   CI_TREE: /tmp/ci-tree
qemu-smoke	Materialize canonical environment by immutable registry digest	2026-09-12T04:45:55.1964360Z ##[endgroup]
qemu-smoke	Materialize canonical environment by immutable registry digest	2026-09-12T04:45:55.7151802Z 
qemu-smoke	Materialize canonical environment by immutable registry digest	2026-09-12T04:45:55.7154522Z WARNING! Your credentials are stored unencrypted in '/home/runner/.docker/config.json'.
qemu-smoke	Materialize canonical environment by immutable registry digest	2026-09-12T04:45:55.7157694Z Configure a credential helper to remove this warning. See
qemu-smoke	Materialize canonical environment by immutable registry digest	2026-09-12T04:45:55.7160079Z https://docs.docker.com/go/credential-store/
qemu-smoke	Materialize canonical environment by immutable registry digest	2026-09-12T04:45:55.7161270Z 
qemu-smoke	Materialize canonical environment by immutable registry digest	2026-09-12T04:45:55.7161745Z Login Succeeded
qemu-smoke	Materialize canonical environment by immutable registry digest	2026-09-12T04:45:55.7273643Z RECIPE_DOCKERFILE=.devcontainer/Dockerfile
qemu-smoke	Materialize canonical environment by immutable registry digest	2026-09-12T04:45:55.7275304Z RECIPE_BLOB_COMMITTED=51198ea12c3c9ddfa18a2246bddef491ea729559
qemu-smoke	Materialize canonical environment by immutable registry digest	2026-09-12T04:45:55.7277221Z RECIPE_BLOB_ACTUAL=51198ea12c3c9ddfa18a2246bddef491ea729559
qemu-smoke	Materialize canonical environment by immutable registry digest	2026-09-12T04:45:55.7278493Z RECIPE_BLOB_MATCH=YES
qemu-smoke	Materialize canonical environment by immutable registry digest	2026-09-12T04:45:55.7293788Z === CANONICAL IMAGE IDENTITY (pre-pull) ===
qemu-smoke	Materialize canonical environment by immutable registry digest	2026-09-12T04:45:55.7296802Z intended_registry_digest=sha256:766ce07ba3073cc28049ff07d6d4f643bd6e3cc7a7967a3ebd2bb8738219e460
qemu-smoke	Materialize canonical environment by immutable registry digest	2026-09-12T04:45:55.7300365Z pull_reference=ghcr.io/cn-jjb/essential-cs/canonical@sha256:766ce07ba3073cc28049ff07d6d4f643bd6e3cc7a7967a3ebd2bb8738219e460
qemu-smoke	Materialize canonical environment by immutable registry digest	2026-09-12T04:45:55.7302721Z platform=linux/amd64
qemu-smoke	Materialize canonical environment by immutable registry digest	2026-09-12T04:45:55.7303599Z local_image_id=(not yet pulled)
qemu-smoke	Materialize canonical environment by immutable registry digest	2026-09-12T04:45:55.7305151Z mutable_tag_candidate=ghcr.io/cn-jjb/essential-cs/canonical:candidate
qemu-smoke	Materialize canonical environment by immutable registry digest	2026-09-12T04:45:55.7308080Z source_dockerfile=.devcontainer/Dockerfile
qemu-smoke	Materialize canonical environment by immutable registry digest	2026-09-12T04:45:55.7310300Z source_base_digest=sha256:224a1869083a311ef3f13648a154ba79832fbef6364d31493642ca03082da254
qemu-smoke	Materialize canonical environment by immutable registry digest	2026-09-12T04:45:55.7312276Z git_sha=bb5552c7f22036cf1df31e7e7cbced3aedb26350
qemu-smoke	Materialize canonical environment by immutable registry digest	2026-09-12T04:45:55.7313772Z workflow_run_id=34673855952
qemu-smoke	Materialize canonical environment by immutable registry digest	2026-09-12T04:45:55.7315023Z runner_image_version=20260907.300.1
qemu-smoke	Materialize canonical environment by immutable registry digest	2026-09-12T04:45:55.7316723Z runner_arch=x86_64
qemu-smoke	Materialize canonical environment by immutable registry digest	2026-09-12T04:45:55.7318321Z NOTE: intended_registry_digest is the pin; local image ID, mutable tags,
qemu-smoke	Materialize canonical environment by immutable registry digest	2026-09-12T04:45:55.7320502Z       git SHA and runner image version are audit fields, NOT the pin.
qemu-smoke	Materialize canonical environment by immutable registry digest	2026-09-12T04:45:55.7322234Z ===========================================
qemu-smoke	Materialize canonical environment by immutable registry digest	2026-09-12T04:45:56.1740292Z ghcr.io/cn-jjb/essential-cs/canonical@sha256:766ce07ba3073cc28049ff07d6d4f643bd6e3cc7a7967a3ebd2bb8738219e460: Pulling from cn-jjb/essential-cs/canonical
qemu-smoke	Materialize canonical environment by immutable registry digest	2026-09-12T04:45:56.1746935Z ef852a656105: Pulling fs layer
qemu-smoke	Materialize canonical environment by immutable registry digest	2026-09-12T04:45:56.1748477Z facb0d65c012: Pulling fs layer
qemu-smoke	Materialize canonical environment by immutable registry digest	2026-09-12T04:45:56.1749601Z 5affce2cbffd: Pulling fs layer
qemu-smoke	Materialize canonical environment by immutable registry digest	2026-09-12T04:45:56.1750677Z 818d662cd74f: Pulling fs layer
qemu-smoke	Materialize canonical environment by immutable registry digest	2026-09-12T04:45:56.1751725Z 818d662cd74f: Waiting
qemu-smoke	Materialize canonical environment by immutable registry digest	2026-09-12T04:45:57.0155190Z ef852a656105: Verifying Checksum
qemu-smoke	Materialize canonical environment by immutable registry digest	2026-09-12T04:45:57.0158194Z ef852a656105: Download complete
qemu-smoke	Materialize canonical environment by immutable registry digest	2026-09-12T04:45:57.2211285Z 818d662cd74f: Verifying Checksum
qemu-smoke	Materialize canonical environment by immutable registry digest	2026-09-12T04:45:57.2211962Z 818d662cd74f: Download complete
qemu-smoke	Materialize canonical environment by immutable registry digest	2026-09-12T04:45:58.1189898Z ef852a656105: Pull complete
qemu-smoke	Materialize canonical environment by immutable registry digest	2026-09-12T04:45:59.9770616Z facb0d65c012: Verifying Checksum
qemu-smoke	Materialize canonical environment by immutable registry digest	2026-09-12T04:45:59.9771239Z facb0d65c012: Download complete
qemu-smoke	Materialize canonical environment by immutable registry digest	2026-09-12T04:46:00.7521836Z 5affce2cbffd: Verifying Checksum
qemu-smoke	Materialize canonical environment by immutable registry digest	2026-09-12T04:46:00.7523049Z 5affce2cbffd: Download complete
qemu-smoke	Materialize canonical environment by immutable registry digest	2026-09-12T04:46:05.0215551Z facb0d65c012: Pull complete
qemu-smoke	Materialize canonical environment by immutable registry digest	2026-09-12T04:46:09.4171803Z 5affce2cbffd: Pull complete
qemu-smoke	Materialize canonical environment by immutable registry digest	2026-09-12T04:46:09.4274115Z 818d662cd74f: Pull complete
qemu-smoke	Materialize canonical environment by immutable registry digest	2026-09-12T04:46:09.4321262Z Digest: sha256:766ce07ba3073cc28049ff07d6d4f643bd6e3cc7a7967a3ebd2bb8738219e460
qemu-smoke	Materialize canonical environment by immutable registry digest	2026-09-12T04:46:09.4330987Z Status: Downloaded newer image for ghcr.io/cn-jjb/essential-cs/canonical@sha256:766ce07ba3073cc28049ff07d6d4f643bd6e3cc7a7967a3ebd2bb8738219e460
qemu-smoke	Materialize canonical environment by immutable registry digest	2026-09-12T04:46:09.4338343Z ghcr.io/cn-jjb/essential-cs/canonical@sha256:766ce07ba3073cc28049ff07d6d4f643bd6e3cc7a7967a3ebd2bb8738219e460
qemu-smoke	Materialize canonical environment by immutable registry digest	2026-09-12T04:46:09.4624839Z === CANONICAL IMAGE IDENTITY (post-pull) ===
qemu-smoke	Materialize canonical environment by immutable registry digest	2026-09-12T04:46:09.4626529Z intended_registry_digest=sha256:766ce07ba3073cc28049ff07d6d4f643bd6e3cc7a7967a3ebd2bb8738219e460
qemu-smoke	Materialize canonical environment by immutable registry digest	2026-09-12T04:46:09.4628158Z pull_reference=ghcr.io/cn-jjb/essential-cs/canonical@sha256:766ce07ba3073cc28049ff07d6d4f643bd6e3cc7a7967a3ebd2bb8738219e460
qemu-smoke	Materialize canonical environment by immutable registry digest	2026-09-12T04:46:09.4629209Z platform=linux/amd64
qemu-smoke	Materialize canonical environment by immutable registry digest	2026-09-12T04:46:09.4629854Z local_image_id=sha256:24a926a0dcc9b98b7298b8728d68417233f15f32a23350bf1273bb26089d7805
qemu-smoke	Materialize canonical environment by immutable registry digest	2026-09-12T04:46:09.4630473Z repo_digests_begin
qemu-smoke	Materialize canonical environment by immutable registry digest	2026-09-12T04:46:09.4630967Z ghcr.io/cn-jjb/essential-cs/canonical@sha256:766ce07ba3073cc28049ff07d6d4f643bd6e3cc7a7967a3ebd2bb8738219e460 
qemu-smoke	Materialize canonical environment by immutable registry digest	2026-09-12T04:46:09.4631816Z repo_digests_end
qemu-smoke	Materialize canonical environment by immutable registry digest	2026-09-12T04:46:09.4632315Z NOTE: local_image_id is a daemon-local identifier produced by this pull;
qemu-smoke	Materialize canonical environment by immutable registry digest	2026-09-12T04:46:09.4632822Z       it is NOT durable, NOT retrievable by itself, and NOT the pin.
qemu-smoke	Materialize canonical environment by immutable registry digest	2026-09-12T04:46:09.4633161Z ===========================================
qemu-smoke	Materialize canonical environment by immutable registry digest	2026-09-12T04:46:09.4644219Z REPO_DIGESTS_CONTAIN_PIN=YES
qemu-smoke	Materialize canonical environment by immutable registry digest	2026-09-12T04:46:09.4644724Z INTENDED_REGISTRY_DIGEST=sha256:766ce07ba3073cc28049ff07d6d4f643bd6e3cc7a7967a3ebd2bb8738219e460
qemu-smoke	Materialize canonical environment by immutable registry digest	2026-09-12T04:46:09.4646553Z CANONICAL_IMAGE=ghcr.io/cn-jjb/essential-cs/canonical@sha256:766ce07ba3073cc28049ff07d6d4f643bd6e3cc7a7967a3ebd2bb8738219e460
qemu-smoke	Assert this lane consumes the committed digest	﻿2026-09-12T04:46:09.4689160Z ##[group]Run set -ueo pipefail
qemu-smoke	Assert this lane consumes the committed digest	2026-09-12T04:46:09.4689511Z ^[[36;1mset -ueo pipefail^[[0m
qemu-smoke	Assert this lane consumes the committed digest	2026-09-12T04:46:09.4689954Z ^[[36;1mdigest="$(sed -n 's/^CANONICAL_IMAGE_DIGEST=//p' .devcontainer/canonical-image.env)"^[[0m
qemu-smoke	Assert this lane consumes the committed digest	2026-09-12T04:46:09.4690458Z ^[[36;1mecho "COMMITTED_CANONICAL_DIGEST=${digest}"^[[0m
qemu-smoke	Assert this lane consumes the committed digest	2026-09-12T04:46:09.4690820Z ^[[36;1mecho "CONSUMED_CANONICAL_IMAGE=${CANONICAL_IMAGE}"^[[0m
qemu-smoke	Assert this lane consumes the committed digest	2026-09-12T04:46:09.4691171Z ^[[36;1mcase "${CANONICAL_IMAGE}" in^[[0m
qemu-smoke	Assert this lane consumes the committed digest	2026-09-12T04:46:09.4691513Z ^[[36;1m  *"@${digest}") echo "DIGEST_CONSUMPTION_ASSERT=PASS" ;;^[[0m
qemu-smoke	Assert this lane consumes the committed digest	2026-09-12T04:46:09.4692038Z ^[[36;1m  *) echo "FAIL: canonical image reference does not carry the committed digest"; exit 1 ;;^[[0m
qemu-smoke	Assert this lane consumes the committed digest	2026-09-12T04:46:09.4692471Z ^[[36;1mesac^[[0m
qemu-smoke	Assert this lane consumes the committed digest	2026-09-12T04:46:09.4692946Z ^[[36;1mdocker image inspect "${CANONICAL_IMAGE}" --format 'CONSUMED_LOCAL_IMAGE_ID={{.Id}} ARCH={{.Architecture}} OS={{.Os}}'^[[0m
qemu-smoke	Assert this lane consumes the committed digest	2026-09-12T04:46:09.4730517Z shell: /usr/bin/bash -e {0}
qemu-smoke	Assert this lane consumes the committed digest	2026-09-12T04:46:09.4730782Z env:
qemu-smoke	Assert this lane consumes the committed digest	2026-09-12T04:46:09.4730982Z   CI_TREE: /tmp/ci-tree
qemu-smoke	Assert this lane consumes the committed digest	2026-09-12T04:46:09.4731584Z   CANONICAL_IMAGE: ghcr.io/cn-jjb/essential-cs/canonical@sha256:766ce07ba3073cc28049ff07d6d4f643bd6e3cc7a7967a3ebd2bb8738219e460
qemu-smoke	Assert this lane consumes the committed digest	2026-09-12T04:46:09.4732364Z   CANONICAL_IMAGE_DIGEST: sha256:766ce07ba3073cc28049ff07d6d4f643bd6e3cc7a7967a3ebd2bb8738219e460
qemu-smoke	Assert this lane consumes the committed digest	2026-09-12T04:46:09.4732912Z   CANONICAL_IMAGE_REF: ghcr.io/cn-jjb/essential-cs/canonical
qemu-smoke	Assert this lane consumes the committed digest	2026-09-12T04:46:09.4733246Z ##[endgroup]
qemu-smoke	Assert this lane consumes the committed digest	2026-09-12T04:46:09.4803449Z COMMITTED_CANONICAL_DIGEST=sha256:766ce07ba3073cc28049ff07d6d4f643bd6e3cc7a7967a3ebd2bb8738219e460
qemu-smoke	Assert this lane consumes the committed digest	2026-09-12T04:46:09.4804360Z CONSUMED_CANONICAL_IMAGE=ghcr.io/cn-jjb/essential-cs/canonical@sha256:766ce07ba3073cc28049ff07d6d4f643bd6e3cc7a7967a3ebd2bb8738219e460
qemu-smoke	Assert this lane consumes the committed digest	2026-09-12T04:46:09.4804982Z DIGEST_CONSUMPTION_ASSERT=PASS
qemu-smoke	Assert this lane consumes the committed digest	2026-09-12T04:46:09.4921846Z CONSUMED_LOCAL_IMAGE_ID=sha256:24a926a0dcc9b98b7298b8728d68417233f15f32a23350bf1273bb26089d7805 ARCH=amd64 OS=linux
qemu-smoke	Materialize LF tree for course execution	﻿2026-09-12T04:46:09.4963018Z ##[group]Run rm -rf "${CI_TREE}"
qemu-smoke	Materialize LF tree for course execution	2026-09-12T04:46:09.4963338Z ^[[36;1mrm -rf "${CI_TREE}"^[[0m
qemu-smoke	Materialize LF tree for course execution	2026-09-12T04:46:09.4963597Z ^[[36;1mmkdir -p "${CI_TREE}/.ci-logs"^[[0m
qemu-smoke	Materialize LF tree for course execution	2026-09-12T04:46:09.4964023Z ^[[36;1mgit -c core.autocrlf=false archive --format=tar HEAD | tar -x -C "${CI_TREE}"^[[0m
qemu-smoke	Materialize LF tree for course execution	2026-09-12T04:46:09.4998405Z shell: /usr/bin/bash -e {0}
qemu-smoke	Materialize LF tree for course execution	2026-09-12T04:46:09.4998662Z env:
qemu-smoke	Materialize LF tree for course execution	2026-09-12T04:46:09.4998863Z   CI_TREE: /tmp/ci-tree
qemu-smoke	Materialize LF tree for course execution	2026-09-12T04:46:09.4999410Z   CANONICAL_IMAGE: ghcr.io/cn-jjb/essential-cs/canonical@sha256:766ce07ba3073cc28049ff07d6d4f643bd6e3cc7a7967a3ebd2bb8738219e460
qemu-smoke	Materialize LF tree for course execution	2026-09-12T04:46:09.5000192Z   CANONICAL_IMAGE_DIGEST: sha256:766ce07ba3073cc28049ff07d6d4f643bd6e3cc7a7967a3ebd2bb8738219e460
qemu-smoke	Materialize LF tree for course execution	2026-09-12T04:46:09.5000728Z   CANONICAL_IMAGE_REF: ghcr.io/cn-jjb/essential-cs/canonical
qemu-smoke	Materialize LF tree for course execution	2026-09-12T04:46:09.5001059Z ##[endgroup]
qemu-smoke	Record canonical digest consumption in the retained evidence bundle	﻿2026-09-12T04:46:09.5440473Z ##[group]Run set -ueo pipefail
qemu-smoke	Record canonical digest consumption in the retained evidence bundle	2026-09-12T04:46:09.5440842Z ^[[36;1mset -ueo pipefail^[[0m
qemu-smoke	Record canonical digest consumption in the retained evidence bundle	2026-09-12T04:46:09.5441079Z ^[[36;1m{^[[0m
qemu-smoke	Record canonical digest consumption in the retained evidence bundle	2026-09-12T04:46:09.5441303Z ^[[36;1m  echo "lane=canonical-qemu-lane"^[[0m
qemu-smoke	Record canonical digest consumption in the retained evidence bundle	2026-09-12T04:46:09.5441632Z ^[[36;1m  echo "canonical_image=${CANONICAL_IMAGE}"^[[0m
qemu-smoke	Record canonical digest consumption in the retained evidence bundle	2026-09-12T04:46:09.5442009Z ^[[36;1m  echo "canonical_image_digest=${CANONICAL_IMAGE_DIGEST}"^[[0m
qemu-smoke	Record canonical digest consumption in the retained evidence bundle	2026-09-12T04:46:09.5442584Z ^[[36;1m  echo "committed_pin_digest=$(sed -n 's/^CANONICAL_IMAGE_DIGEST=//p' .devcontainer/canonical-image.env)"^[[0m
qemu-smoke	Record canonical digest consumption in the retained evidence bundle	2026-09-12T04:46:09.5443437Z ^[[36;1m  echo "local_image_id=$(docker image inspect "${CANONICAL_IMAGE}" --format '{{.Id}}')"^[[0m
qemu-smoke	Record canonical digest consumption in the retained evidence bundle	2026-09-12T04:46:09.5443929Z ^[[36;1m  echo "local_image_id_role=NOT-PIN (daemon-local)"^[[0m
qemu-smoke	Record canonical digest consumption in the retained evidence bundle	2026-09-12T04:46:09.5444302Z ^[[36;1m  echo "runner_image_version=${ImageVersion}"^[[0m
qemu-smoke	Record canonical digest consumption in the retained evidence bundle	2026-09-12T04:46:09.5444632Z ^[[36;1m  echo "git_sha=$(git rev-parse HEAD)"^[[0m
qemu-smoke	Record canonical digest consumption in the retained evidence bundle	2026-09-12T04:46:09.5445004Z ^[[36;1m} | tee "${CI_TREE}/.ci-logs/canonical-digest-consumption.txt"^[[0m
qemu-smoke	Record canonical digest consumption in the retained evidence bundle	2026-09-12T04:46:09.5481413Z shell: /usr/bin/bash -e {0}
qemu-smoke	Record canonical digest consumption in the retained evidence bundle	2026-09-12T04:46:09.5481676Z env:
qemu-smoke	Record canonical digest consumption in the retained evidence bundle	2026-09-12T04:46:09.5481872Z   CI_TREE: /tmp/ci-tree
qemu-smoke	Record canonical digest consumption in the retained evidence bundle	2026-09-12T04:46:09.5482423Z   CANONICAL_IMAGE: ghcr.io/cn-jjb/essential-cs/canonical@sha256:766ce07ba3073cc28049ff07d6d4f643bd6e3cc7a7967a3ebd2bb8738219e460
qemu-smoke	Record canonical digest consumption in the retained evidence bundle	2026-09-12T04:46:09.5483184Z   CANONICAL_IMAGE_DIGEST: sha256:766ce07ba3073cc28049ff07d6d4f643bd6e3cc7a7967a3ebd2bb8738219e460
qemu-smoke	Record canonical digest consumption in the retained evidence bundle	2026-09-12T04:46:09.5483713Z   CANONICAL_IMAGE_REF: ghcr.io/cn-jjb/essential-cs/canonical
qemu-smoke	Record canonical digest consumption in the retained evidence bundle	2026-09-12T04:46:09.5484036Z ##[endgroup]
qemu-smoke	Record canonical digest consumption in the retained evidence bundle	2026-09-12T04:46:09.5553693Z lane=canonical-qemu-lane
qemu-smoke	Record canonical digest consumption in the retained evidence bundle	2026-09-12T04:46:09.5554336Z canonical_image=ghcr.io/cn-jjb/essential-cs/canonical@sha256:766ce07ba3073cc28049ff07d6d4f643bd6e3cc7a7967a3ebd2bb8738219e460
qemu-smoke	Record canonical digest consumption in the retained evidence bundle	2026-09-12T04:46:09.5555112Z canonical_image_digest=sha256:766ce07ba3073cc28049ff07d6d4f643bd6e3cc7a7967a3ebd2bb8738219e460
qemu-smoke	Record canonical digest consumption in the retained evidence bundle	2026-09-12T04:46:09.5561599Z committed_pin_digest=sha256:766ce07ba3073cc28049ff07d6d4f643bd6e3cc7a7967a3ebd2bb8738219e460
qemu-smoke	Record canonical digest consumption in the retained evidence bundle	2026-09-12T04:46:09.5697233Z local_image_id=sha256:24a926a0dcc9b98b7298b8728d68417233f15f32a23350bf1273bb26089d7805
qemu-smoke	Record canonical digest consumption in the retained evidence bundle	2026-09-12T04:46:09.5697974Z local_image_id_role=NOT-PIN (daemon-local)
qemu-smoke	Record canonical digest consumption in the retained evidence bundle	2026-09-12T04:46:09.5698293Z runner_image_version=20260907.300.1
qemu-smoke	Record canonical digest consumption in the retained evidence bundle	2026-09-12T04:46:09.5713617Z git_sha=bb5552c7f22036cf1df31e7e7cbced3aedb26350
qemu-smoke	Canonical floor gate + version snapshot	﻿2026-09-12T04:46:09.5747690Z ##[group]Run docker run --rm -v "${CI_TREE}:/work" -w /work "${CANONICAL_IMAGE}" \
qemu-smoke	Canonical floor gate + version snapshot	2026-09-12T04:46:09.5748289Z ^[[36;1mdocker run --rm -v "${CI_TREE}:/work" -w /work "${CANONICAL_IMAGE}" \^[[0m
qemu-smoke	Canonical floor gate + version snapshot	2026-09-12T04:46:09.5748917Z ^[[36;1m  bash /work/scripts/canonical-env-capture.sh | tee "${CI_TREE}/.ci-logs/qemu-env-snapshot.txt"^[[0m
qemu-smoke	Canonical floor gate + version snapshot	2026-09-12T04:46:09.5786729Z shell: /usr/bin/bash -e {0}
qemu-smoke	Canonical floor gate + version snapshot	2026-09-12T04:46:09.5786988Z env:
qemu-smoke	Canonical floor gate + version snapshot	2026-09-12T04:46:09.5787182Z   CI_TREE: /tmp/ci-tree
qemu-smoke	Canonical floor gate + version snapshot	2026-09-12T04:46:09.5787735Z   CANONICAL_IMAGE: ghcr.io/cn-jjb/essential-cs/canonical@sha256:766ce07ba3073cc28049ff07d6d4f643bd6e3cc7a7967a3ebd2bb8738219e460
qemu-smoke	Canonical floor gate + version snapshot	2026-09-12T04:46:09.5788523Z   CANONICAL_IMAGE_DIGEST: sha256:766ce07ba3073cc28049ff07d6d4f643bd6e3cc7a7967a3ebd2bb8738219e460
qemu-smoke	Canonical floor gate + version snapshot	2026-09-12T04:46:09.5789054Z   CANONICAL_IMAGE_REF: ghcr.io/cn-jjb/essential-cs/canonical
qemu-smoke	Canonical floor gate + version snapshot	2026-09-12T04:46:09.5789382Z ##[endgroup]
qemu-smoke	Canonical floor gate + version snapshot	2026-09-12T04:46:09.7996590Z CANONICAL_ENV_CAPTURE version=2
qemu-smoke	Canonical floor gate + version snapshot	2026-09-12T04:46:09.8021978Z os=Ubuntu 24.04.4 LTS
qemu-smoke	Canonical floor gate + version snapshot	2026-09-12T04:46:09.8037858Z kernel=6.17.0-1022-azure
qemu-smoke	Canonical floor gate + version snapshot	2026-09-12T04:46:09.8052549Z arch=x86_64
qemu-smoke	Canonical floor gate + version snapshot	2026-09-12T04:46:09.8053191Z FLOOR PASS canonical-arch=x86_64
qemu-smoke	Canonical floor gate + version snapshot	2026-09-12T04:46:09.8438143Z python_impl=CPython
qemu-smoke	Canonical floor gate + version snapshot	2026-09-12T04:46:09.8438600Z python_version=3.12.3
qemu-smoke	Canonical floor gate + version snapshot	2026-09-12T04:46:09.8462189Z FLOOR PASS python>=3.12 (CPython 3.12.3)
qemu-smoke	Canonical floor gate + version snapshot	2026-09-12T04:46:09.8621065Z sqlite_embedded=3.45.1
qemu-smoke	Canonical floor gate + version snapshot	2026-09-12T04:46:09.8644390Z FLOOR PASS sqlite-engine>=3.45 (3.45.1)
qemu-smoke	Canonical floor gate + version snapshot	2026-09-12T04:46:09.8667272Z sqlite_cli=3.45.1
qemu-smoke	Canonical floor gate + version snapshot	2026-09-12T04:46:09.8691418Z FLOOR PASS sqlite3-cli>=3.45 (3.45.1)
qemu-smoke	Canonical floor gate + version snapshot	2026-09-12T04:46:09.8728113Z gcc=13.3.0
qemu-smoke	Canonical floor gate + version snapshot	2026-09-12T04:46:09.8749768Z FLOOR PASS gcc>=13 (13.3.0)
qemu-smoke	Canonical floor gate + version snapshot	2026-09-12T04:46:09.9036769Z FLOOR PASS gcc-c11-surface
qemu-smoke	Canonical floor gate + version snapshot	2026-09-12T04:46:09.9117278Z curl=8.5.0
qemu-smoke	Canonical floor gate + version snapshot	2026-09-12T04:46:09.9139141Z FLOOR PASS curl>=8.5 (8.5.0)
qemu-smoke	Canonical floor gate + version snapshot	2026-09-12T04:46:09.9919462Z gdb=15.1
qemu-smoke	Canonical floor gate + version snapshot	2026-09-12T04:46:09.9948215Z FLOOR PASS gdb>=15.0 (15.1) REQUIRED-present
qemu-smoke	Canonical floor gate + version snapshot	2026-09-12T04:46:10.0065301Z qemu_riscv=QEMU emulator version 8.2.2 (Debian 1:8.2.2+ds-0ubuntu1.18)
qemu-smoke	Canonical floor gate + version snapshot	2026-09-12T04:46:10.0092937Z riscv_unknown_elf_gcc=riscv64-unknown-elf-gcc (13.2.0-11ubuntu1+12) 13.2.0
qemu-smoke	Canonical floor gate + version snapshot	2026-09-12T04:46:10.0118290Z riscv_gnu_gcc=riscv64-linux-gnu-gcc (Ubuntu 13.3.0-6ubuntu2~24.04.1) 13.3.0
qemu-smoke	Canonical floor gate + version snapshot	2026-09-12T04:46:10.0145754Z binutils=GNU objdump (GNU Binutils for Ubuntu) 2.42
qemu-smoke	Canonical floor gate + version snapshot	2026-09-12T04:46:10.0167510Z git=git version 2.43.0
qemu-smoke	Canonical floor gate + version snapshot	2026-09-12T04:46:10.0170521Z strace=present-capability-gated
qemu-smoke	Canonical floor gate + version snapshot	2026-09-12T04:46:10.0194858Z bash=GNU bash, version 5.2.21(1)-release (x86_64-pc-linux-gnu)
qemu-smoke	Canonical floor gate + version snapshot	2026-09-12T04:46:10.0321772Z qemu_system_misc_package=1:8.2.2+ds-0ubuntu1.18
qemu-smoke	Canonical floor gate + version snapshot	2026-09-12T04:46:10.0323849Z gcc_riscv64_unknown_elf_package=13.2.0-11ubuntu1+12
qemu-smoke	Canonical floor gate + version snapshot	2026-09-12T04:46:10.0324478Z gcc_riscv64_linux_gnu_package=4:13.2.0-7ubuntu1
qemu-smoke	Canonical floor gate + version snapshot	2026-09-12T04:46:10.0325099Z FLOOR PASS qemu-system-misc exact package identity
qemu-smoke	Canonical floor gate + version snapshot	2026-09-12T04:46:10.0325626Z FLOOR PASS gcc-riscv64-unknown-elf exact package identity
qemu-smoke	Canonical floor gate + version snapshot	2026-09-12T04:46:10.0326410Z dpkg_lane_identities_BEGIN
qemu-smoke	Canonical floor gate + version snapshot	2026-09-12T04:46:10.0384007Z ii  bash                         5.2.21-2ubuntu4        amd64        GNU Bourne Again SHell
qemu-smoke	Canonical floor gate + version snapshot	2026-09-12T04:46:10.0385342Z ii  bc                           1.07.1-3ubuntu4        amd64        GNU bc arbitrary precision calculator language
qemu-smoke	Canonical floor gate + version snapshot	2026-09-12T04:46:10.0387231Z ii  binutils                     2.42-4ubuntu2.10       amd64        GNU assembler, linker and binary utilities
qemu-smoke	Canonical floor gate + version snapshot	2026-09-12T04:46:10.0389255Z ii  binutils-riscv64-linux-gnu   2.42-4ubuntu2.10       amd64        GNU binary utilities, for riscv64-linux-gnu target
qemu-smoke	Canonical floor gate + version snapshot	2026-09-12T04:46:10.0391284Z ii  binutils-riscv64-unknown-elf 2.42-1ubuntu1+6        amd64        GNU assembler, linker and binary utilities for Risc-V processors
qemu-smoke	Canonical floor gate + version snapshot	2026-09-12T04:46:10.0392711Z ii  build-essential              12.10ubuntu1           amd64        Informational list of build-essential packages
qemu-smoke	Canonical floor gate + version snapshot	2026-09-12T04:46:10.0393804Z ii  ca-certificates              20260601~24.04.1       all          Common CA certificates
qemu-smoke	Canonical floor gate + version snapshot	2026-09-12T04:46:10.0415992Z ii  curl                         8.5.0-2ubuntu10.13     amd64        command line tool for transferring data with URL syntax
qemu-smoke	Canonical floor gate + version snapshot	2026-09-12T04:46:10.0417839Z ii  gcc-riscv64-linux-gnu        4:13.2.0-7ubuntu1      amd64        GNU C compiler for the riscv64 architecture
qemu-smoke	Canonical floor gate + version snapshot	2026-09-12T04:46:10.0419111Z ii  gcc-riscv64-unknown-elf      13.2.0-11ubuntu1+12    amd64        GCC cross compiler for Risc-V processors
qemu-smoke	Canonical floor gate + version snapshot	2026-09-12T04:46:10.0420152Z ii  gdb                          15.1-1ubuntu1~24.04.1  amd64        GNU Debugger
qemu-smoke	Canonical floor gate + version snapshot	2026-09-12T04:46:10.0421112Z ii  git                          1:2.43.0-1ubuntu7.3    amd64        fast, scalable, distributed revision control system
qemu-smoke	Canonical floor gate + version snapshot	2026-09-12T04:46:10.0422152Z ii  make                         4.3-4.1build2          amd64        utility for directing compilation
qemu-smoke	Canonical floor gate + version snapshot	2026-09-12T04:46:10.0423209Z ii  perl                         5.38.2-3.2ubuntu0.4    amd64        Larry Wall's Practical Extraction and Report Language
qemu-smoke	Canonical floor gate + version snapshot	2026-09-12T04:46:10.0424535Z ii  python3                      3.12.3-0ubuntu2.1      amd64        interactive high-level object-oriented language (default python3 version)
qemu-smoke	Canonical floor gate + version snapshot	2026-09-12T04:46:10.0426178Z ii  qemu-system-common           1:8.2.2+ds-0ubuntu1.18 amd64        QEMU full system emulation binaries (common files)
qemu-smoke	Canonical floor gate + version snapshot	2026-09-12T04:46:10.0427414Z ii  qemu-system-data             1:8.2.2+ds-0ubuntu1.18 all          QEMU full system emulation (data files)
qemu-smoke	Canonical floor gate + version snapshot	2026-09-12T04:46:10.0428673Z ii  qemu-system-misc             1:8.2.2+ds-0ubuntu1.18 amd64        QEMU full system emulation binaries (miscellaneous)
qemu-smoke	Canonical floor gate + version snapshot	2026-09-12T04:46:10.0429843Z ii  sqlite3                      3.45.1-1ubuntu2.7      amd64        Command line interface for SQLite 3
qemu-smoke	Canonical floor gate + version snapshot	2026-09-12T04:46:10.0430752Z ii  strace                       6.8-0ubuntu2           amd64        System call tracer
qemu-smoke	Canonical floor gate + version snapshot	2026-09-12T04:46:10.0431413Z dpkg_lane_identities_END
qemu-smoke	Canonical floor gate + version snapshot	2026-09-12T04:46:10.0431862Z CANONICAL_ENV_CAPTURE result=PASS
qemu-smoke	LAB-REQ-02 real QEMU lane (setup/source-route/fixture/smoke/fail-closed)	﻿2026-09-12T04:46:10.1487335Z ##[group]Run docker run --rm -v "${CI_TREE}:/work" -w /work "${CANONICAL_IMAGE}" bash -c '
qemu-smoke	LAB-REQ-02 real QEMU lane (setup/source-route/fixture/smoke/fail-closed)	2026-09-12T04:46:10.1488020Z ^[[36;1mdocker run --rm -v "${CI_TREE}:/work" -w /work "${CANONICAL_IMAGE}" bash -c '^[[0m
qemu-smoke	LAB-REQ-02 real QEMU lane (setup/source-route/fixture/smoke/fail-closed)	2026-09-12T04:46:10.1488432Z ^[[36;1m  set -ueo pipefail^[[0m
qemu-smoke	LAB-REQ-02 real QEMU lane (setup/source-route/fixture/smoke/fail-closed)	2026-09-12T04:46:10.1488690Z ^[[36;1m  cd labs/lab-req-02-xv6-syscall^[[0m
qemu-smoke	LAB-REQ-02 real QEMU lane (setup/source-route/fixture/smoke/fail-closed)	2026-09-12T04:46:10.1489041Z ^[[36;1m  ./preflight.sh | tee /work/.ci-logs/req02-preflight.log^[[0m
qemu-smoke	LAB-REQ-02 real QEMU lane (setup/source-route/fixture/smoke/fail-closed)	2026-09-12T04:46:10.1489618Z ^[[36;1m  ./setup.sh | tee /work/.ci-logs/req02-setup.log^[[0m
qemu-smoke	LAB-REQ-02 real QEMU lane (setup/source-route/fixture/smoke/fail-closed)	2026-09-12T04:46:10.1490096Z ^[[36;1m  python3 verify_source_route.py worktree | tee /work/.ci-logs/req02-source-route.log^[[0m
qemu-smoke	LAB-REQ-02 real QEMU lane (setup/source-route/fixture/smoke/fail-closed)	2026-09-12T04:46:10.1490533Z ^[[36;1m  printf "%s\n" \^[[0m
qemu-smoke	LAB-REQ-02 real QEMU lane (setup/source-route/fixture/smoke/fail-closed)	2026-09-12T04:46:10.1490788Z ^[[36;1m    "#include \"kernel/types.h\"" \^[[0m
qemu-smoke	LAB-REQ-02 real QEMU lane (setup/source-route/fixture/smoke/fail-closed)	2026-09-12T04:46:10.1491084Z ^[[36;1m    "#include \"user/user.h\"" \^[[0m
qemu-smoke	LAB-REQ-02 real QEMU lane (setup/source-route/fixture/smoke/fail-closed)	2026-09-12T04:46:10.1491343Z ^[[36;1m    "int" \^[[0m
qemu-smoke	LAB-REQ-02 real QEMU lane (setup/source-route/fixture/smoke/fail-closed)	2026-09-12T04:46:10.1491575Z ^[[36;1m    "main(int argc, char *argv[])" \^[[0m
qemu-smoke	LAB-REQ-02 real QEMU lane (setup/source-route/fixture/smoke/fail-closed)	2026-09-12T04:46:10.1491839Z ^[[36;1m    "{" \^[[0m
qemu-smoke	LAB-REQ-02 real QEMU lane (setup/source-route/fixture/smoke/fail-closed)	2026-09-12T04:46:10.1492077Z ^[[36;1m    "  if(argc != 2){" \^[[0m
qemu-smoke	LAB-REQ-02 real QEMU lane (setup/source-route/fixture/smoke/fail-closed)	2026-09-12T04:46:10.1492365Z ^[[36;1m    "    fprintf(2, \"Usage: sleep ticks\\n\");" \^[[0m
qemu-smoke	LAB-REQ-02 real QEMU lane (setup/source-route/fixture/smoke/fail-closed)	2026-09-12T04:46:10.1492664Z ^[[36;1m    "    exit(1);" \^[[0m
qemu-smoke	LAB-REQ-02 real QEMU lane (setup/source-route/fixture/smoke/fail-closed)	2026-09-12T04:46:10.1492883Z ^[[36;1m    "  }" \^[[0m
qemu-smoke	LAB-REQ-02 real QEMU lane (setup/source-route/fixture/smoke/fail-closed)	2026-09-12T04:46:10.1493097Z ^[[36;1m    "  pause(atoi(argv[1]));" \^[[0m
qemu-smoke	LAB-REQ-02 real QEMU lane (setup/source-route/fixture/smoke/fail-closed)	2026-09-12T04:46:10.1493353Z ^[[36;1m    "  exit(0);" \^[[0m
qemu-smoke	LAB-REQ-02 real QEMU lane (setup/source-route/fixture/smoke/fail-closed)	2026-09-12T04:46:10.1493591Z ^[[36;1m    "}" > worktree/user/sleep.c^[[0m
qemu-smoke	LAB-REQ-02 real QEMU lane (setup/source-route/fixture/smoke/fail-closed)	2026-09-12T04:46:10.1493850Z ^[[36;1m  printf "%s\n" \^[[0m
qemu-smoke	LAB-REQ-02 real QEMU lane (setup/source-route/fixture/smoke/fail-closed)	2026-09-12T04:46:10.1494076Z ^[[36;1m    "import sys" \^[[0m
qemu-smoke	LAB-REQ-02 real QEMU lane (setup/source-route/fixture/smoke/fail-closed)	2026-09-12T04:46:10.1494302Z ^[[36;1m    "p = sys.argv[1]" \^[[0m
qemu-smoke	LAB-REQ-02 real QEMU lane (setup/source-route/fixture/smoke/fail-closed)	2026-09-12T04:46:10.1494550Z ^[[36;1m    "s = open(p).read()" \^[[0m
qemu-smoke	LAB-REQ-02 real QEMU lane (setup/source-route/fixture/smoke/fail-closed)	2026-09-12T04:46:10.1494825Z ^[[36;1m    "T = chr(9); N = chr(10); B = chr(92)" \^[[0m
qemu-smoke	LAB-REQ-02 real QEMU lane (setup/source-route/fixture/smoke/fail-closed)	2026-09-12T04:46:10.1495132Z ^[[36;1m    "anchor = T + \"\$U/_zombie\" + B" \^[[0m
qemu-smoke	LAB-REQ-02 real QEMU lane (setup/source-route/fixture/smoke/fail-closed)	2026-09-12T04:46:10.1495427Z ^[[36;1m    "add = N + T + \"\$U/_sleep\" + B" \^[[0m
qemu-smoke	LAB-REQ-02 real QEMU lane (setup/source-route/fixture/smoke/fail-closed)	2026-09-12T04:46:10.1495757Z ^[[36;1m    "assert anchor in s, \"UPROGS anchor not found\"" \^[[0m
qemu-smoke	LAB-REQ-02 real QEMU lane (setup/source-route/fixture/smoke/fail-closed)	2026-09-12T04:46:10.1496535Z ^[[36;1m    "open(p, \"w\").write(s.replace(anchor, anchor + add, 1))" > /tmp/patch_uprogs.py^[[0m
qemu-smoke	LAB-REQ-02 real QEMU lane (setup/source-route/fixture/smoke/fail-closed)	2026-09-12T04:46:10.1497005Z ^[[36;1m  python3 /tmp/patch_uprogs.py worktree/Makefile^[[0m
qemu-smoke	LAB-REQ-02 real QEMU lane (setup/source-route/fixture/smoke/fail-closed)	2026-09-12T04:46:10.1497355Z ^[[36;1m  grep -q "U/_sleep" worktree/Makefile^[[0m
qemu-smoke	LAB-REQ-02 real QEMU lane (setup/source-route/fixture/smoke/fail-closed)	2026-09-12T04:46:10.1497688Z ^[[36;1m  ./smoke.sh | tee /work/.ci-logs/req02-smoke.log^[[0m
qemu-smoke	LAB-REQ-02 real QEMU lane (setup/source-route/fixture/smoke/fail-closed)	2026-09-12T04:46:10.1498044Z ^[[36;1m  SMOKE_LOG=/work/.ci-logs/req02-smoke.log^[[0m
qemu-smoke	LAB-REQ-02 real QEMU lane (setup/source-route/fixture/smoke/fail-closed)	2026-09-12T04:46:10.1498513Z ^[[36;1m  test -s "${SMOKE_LOG}" || { echo "FAIL-CLOSED: req02-smoke.log missing or empty"; exit 1; }^[[0m
qemu-smoke	LAB-REQ-02 real QEMU lane (setup/source-route/fixture/smoke/fail-closed)	2026-09-12T04:46:10.1499205Z ^[[36;1m  grep -q "QEMU_SMOKE_STATUS: PASS" "${SMOKE_LOG}" || { echo "FAIL-CLOSED: QEMU_SMOKE_STATUS: PASS marker absent"; exit 1; }^[[0m
qemu-smoke	LAB-REQ-02 real QEMU lane (setup/source-route/fixture/smoke/fail-closed)	2026-09-12T04:46:10.1499985Z ^[[36;1m  grep -q "=== LAB-REQ-02 Smoke Test PASS ===" "${SMOKE_LOG}" || { echo "FAIL-CLOSED: final smoke PASS banner absent"; exit 1; }^[[0m
qemu-smoke	LAB-REQ-02 real QEMU lane (setup/source-route/fixture/smoke/fail-closed)	2026-09-12T04:46:10.1500836Z ^[[36;1m  grep -qE "^[[:space:]]*LAB_REQ_02_OK[[:space:]]*\$" "${SMOKE_LOG}" || { echo "FAIL-CLOSED: standalone LAB_REQ_02_OK execution marker absent"; exit 1; }^[[0m
qemu-smoke	LAB-REQ-02 real QEMU lane (setup/source-route/fixture/smoke/fail-closed)	2026-09-12T04:46:10.1501657Z ^[[36;1m  grep -q "QEMU_REAPED: TRUE" "${SMOKE_LOG}" || { echo "FAIL-CLOSED: QEMU_REAPED: TRUE absent"; exit 1; }^[[0m
qemu-smoke	LAB-REQ-02 real QEMU lane (setup/source-route/fixture/smoke/fail-closed)	2026-09-12T04:46:10.1502332Z ^[[36;1m  grep -q "PID_MARKER_CLEAN: YES" "${SMOKE_LOG}" || { echo "FAIL-CLOSED: PID_MARKER_CLEAN: YES absent"; exit 1; }^[[0m
qemu-smoke	LAB-REQ-02 real QEMU lane (setup/source-route/fixture/smoke/fail-closed)	2026-09-12T04:46:10.1503077Z ^[[36;1m  echo "REQ02_SMOKE_EVIDENCE: FAIL-CLOSED POSTCONDITION PASS"' 2>&1 | tee "${CI_TREE}/.ci-logs/qemu-lane-outer.log"^[[0m
qemu-smoke	LAB-REQ-02 real QEMU lane (setup/source-route/fixture/smoke/fail-closed)	2026-09-12T04:46:10.1503607Z ^[[36;1mtest "${PIPESTATUS[0]}" -eq 0^[[0m
qemu-smoke	LAB-REQ-02 real QEMU lane (setup/source-route/fixture/smoke/fail-closed)	2026-09-12T04:46:10.1539540Z shell: /usr/bin/bash -e {0}
qemu-smoke	LAB-REQ-02 real QEMU lane (setup/source-route/fixture/smoke/fail-closed)	2026-09-12T04:46:10.1539798Z env:
qemu-smoke	LAB-REQ-02 real QEMU lane (setup/source-route/fixture/smoke/fail-closed)	2026-09-12T04:46:10.1539989Z   CI_TREE: /tmp/ci-tree
qemu-smoke	LAB-REQ-02 real QEMU lane (setup/source-route/fixture/smoke/fail-closed)	2026-09-12T04:46:10.1540533Z   CANONICAL_IMAGE: ghcr.io/cn-jjb/essential-cs/canonical@sha256:766ce07ba3073cc28049ff07d6d4f643bd6e3cc7a7967a3ebd2bb8738219e460
qemu-smoke	LAB-REQ-02 real QEMU lane (setup/source-route/fixture/smoke/fail-closed)	2026-09-12T04:46:10.1541302Z   CANONICAL_IMAGE_DIGEST: sha256:766ce07ba3073cc28049ff07d6d4f643bd6e3cc7a7967a3ebd2bb8738219e460
qemu-smoke	LAB-REQ-02 real QEMU lane (setup/source-route/fixture/smoke/fail-closed)	2026-09-12T04:46:10.1542050Z   CANONICAL_IMAGE_REF: ghcr.io/cn-jjb/essential-cs/canonical
qemu-smoke	LAB-REQ-02 real QEMU lane (setup/source-route/fixture/smoke/fail-closed)	2026-09-12T04:46:10.1542375Z ##[endgroup]
qemu-smoke	LAB-REQ-02 real QEMU lane (setup/source-route/fixture/smoke/fail-closed)	2026-09-12T04:46:10.2823906Z === LAB-REQ-02 xv6 Syscall Preflight ===
qemu-smoke	LAB-REQ-02 real QEMU lane (setup/source-route/fixture/smoke/fail-closed)	2026-09-12T04:46:10.2843748Z [+] git: git version 2.43.0
qemu-smoke	LAB-REQ-02 real QEMU lane (setup/source-route/fixture/smoke/fail-closed)	2026-09-12T04:46:10.2861561Z [+] make: GNU Make 4.3
qemu-smoke	LAB-REQ-02 real QEMU lane (setup/source-route/fixture/smoke/fail-closed)	2026-09-12T04:46:10.2880336Z [+] python3: Python 3.12.3
qemu-smoke	LAB-REQ-02 real QEMU lane (setup/source-route/fixture/smoke/fail-closed)	2026-09-12T04:46:10.2906324Z [+] perl: 
qemu-smoke	LAB-REQ-02 real QEMU lane (setup/source-route/fixture/smoke/fail-closed)	2026-09-12T04:46:10.2923785Z [+] bc: bc 1.07.1
qemu-smoke	LAB-REQ-02 real QEMU lane (setup/source-route/fixture/smoke/fail-closed)	2026-09-12T04:46:10.2944309Z [+] RISC-V GCC: riscv64-linux-gnu-gcc (Ubuntu 13.3.0-6ubuntu2~24.04.1) 13.3.0
qemu-smoke	LAB-REQ-02 real QEMU lane (setup/source-route/fixture/smoke/fail-closed)	2026-09-12T04:46:10.2966090Z [+] RISC-V objdump: GNU objdump (GNU Binutils for Ubuntu) 2.42
qemu-smoke	LAB-REQ-02 real QEMU lane (setup/source-route/fixture/smoke/fail-closed)	2026-09-12T04:46:10.3079688Z [+] QEMU RISC-V: QEMU emulator version 8.2.2 (Debian 1:8.2.2+ds-0ubuntu1.18)
qemu-smoke	LAB-REQ-02 real QEMU lane (setup/source-route/fixture/smoke/fail-closed)	2026-09-12T04:46:10.3080606Z ----------------------------------------
qemu-smoke	LAB-REQ-02 real QEMU lane (setup/source-route/fixture/smoke/fail-closed)	2026-09-12T04:46:10.3081568Z STATUS: PASS — Required LAB-REQ-02 build/smoke capabilities are present.
qemu-smoke	LAB-REQ-02 real QEMU lane (setup/source-route/fixture/smoke/fail-closed)	2026-09-12T04:46:10.3082283Z NOTE: PASS means capability-present, not that xv6 build/QEMU execution has already succeeded.
qemu-smoke	LAB-REQ-02 real QEMU lane (setup/source-route/fixture/smoke/fail-closed)	2026-09-12T04:46:10.3119654Z === LAB-REQ-02 Setup ===
qemu-smoke	LAB-REQ-02 real QEMU lane (setup/source-route/fixture/smoke/fail-closed)	2026-09-12T04:46:10.3121800Z [*] Cloning official xv6-riscv repository...
qemu-smoke	LAB-REQ-02 real QEMU lane (setup/source-route/fixture/smoke/fail-closed)	2026-09-12T04:46:10.3132295Z Cloning into '/work/labs/lab-req-02-xv6-syscall/worktree'...
qemu-smoke	LAB-REQ-02 real QEMU lane (setup/source-route/fixture/smoke/fail-closed)	2026-09-12T04:46:11.4347990Z [*] Checking out pinned commit 35b088427ef37611c38afdeed5a52a278cae38f9...
qemu-smoke	LAB-REQ-02 real QEMU lane (setup/source-route/fixture/smoke/fail-closed)	2026-09-12T04:46:11.4386408Z HEAD is now at 35b0884 test for nlink overflow
qemu-smoke	LAB-REQ-02 real QEMU lane (setup/source-route/fixture/smoke/fail-closed)	2026-09-12T04:46:11.4404951Z [+] Pinned xv6 worktree: 35b088427ef37611c38afdeed5a52a278cae38f9
qemu-smoke	LAB-REQ-02 real QEMU lane (setup/source-route/fixture/smoke/fail-closed)	2026-09-12T04:46:11.4405608Z [+] Canonical origin: https://github.com/mit-pdos/xv6-riscv.git
qemu-smoke	LAB-REQ-02 real QEMU lane (setup/source-route/fixture/smoke/fail-closed)	2026-09-12T04:46:11.4406450Z [+] xv6 software license file present: /work/labs/lab-req-02-xv6-syscall/worktree/LICENSE
qemu-smoke	LAB-REQ-02 real QEMU lane (setup/source-route/fixture/smoke/fail-closed)	2026-09-12T04:46:11.4407083Z === Setup Complete ===
qemu-smoke	LAB-REQ-02 real QEMU lane (setup/source-route/fixture/smoke/fail-closed)	2026-09-12T04:46:11.4687000Z === Verifying pinned xv6 syscall route in: worktree ===
qemu-smoke	LAB-REQ-02 real QEMU lane (setup/source-route/fixture/smoke/fail-closed)	2026-09-12T04:46:11.4687999Z [+] Pin: HEAD == 35b088427ef37611c38afdeed5a52a278cae38f9
qemu-smoke	LAB-REQ-02 real QEMU lane (setup/source-route/fixture/smoke/fail-closed)	2026-09-12T04:46:11.4688791Z [+] syscall number: SYS_pause == 13
qemu-smoke	LAB-REQ-02 real QEMU lane (setup/source-route/fixture/smoke/fail-closed)	2026-09-12T04:46:11.4689531Z [+] dispatcher: [SYS_pause] -> sys_pause
qemu-smoke	LAB-REQ-02 real QEMU lane (setup/source-route/fixture/smoke/fail-closed)	2026-09-12T04:46:11.4689957Z [+] kernel implementation: sys_pause(void)
qemu-smoke	LAB-REQ-02 real QEMU lane (setup/source-route/fixture/smoke/fail-closed)	2026-09-12T04:46:11.4690268Z [+] user declaration: int pause(int);
qemu-smoke	LAB-REQ-02 real QEMU lane (setup/source-route/fixture/smoke/fail-closed)	2026-09-12T04:46:11.4690642Z [+] stub generator: pause entry -> a7 syscall number -> ecall -> ret
qemu-smoke	LAB-REQ-02 real QEMU lane (setup/source-route/fixture/smoke/fail-closed)	2026-09-12T04:46:11.4691057Z [+] trap: U-mode ecall scause 8 -> syscall()
qemu-smoke	LAB-REQ-02 real QEMU lane (setup/source-route/fixture/smoke/fail-closed)	2026-09-12T04:46:11.4691357Z [+] trampoline: uservec entry present
qemu-smoke	LAB-REQ-02 real QEMU lane (setup/source-route/fixture/smoke/fail-closed)	2026-09-12T04:46:11.4691715Z [*] learner user/sleep.c not present yet; upstream route still checked
qemu-smoke	LAB-REQ-02 real QEMU lane (setup/source-route/fixture/smoke/fail-closed)	2026-09-12T04:46:11.4692429Z STATUS: PASS — Exact pin and current pause/sys_pause route verified.
qemu-smoke	LAB-REQ-02 real QEMU lane (setup/source-route/fixture/smoke/fail-closed)	2026-09-12T04:46:11.4895039Z === LAB-REQ-02 Smoke Test ===
qemu-smoke	LAB-REQ-02 real QEMU lane (setup/source-route/fixture/smoke/fail-closed)	2026-09-12T04:46:11.4936206Z [+] Step 1: Build kernel, filesystem image, and user/_sleep...
qemu-smoke	LAB-REQ-02 real QEMU lane (setup/source-route/fixture/smoke/fail-closed)	2026-09-12T04:46:11.5158073Z gcc -Wno-unknown-attributes -I. -o mkfs/mkfs mkfs/mkfs.c
qemu-smoke	LAB-REQ-02 real QEMU lane (setup/source-route/fixture/smoke/fail-closed)	2026-09-12T04:46:11.5807341Z riscv64-unknown-elf-gcc -Wall -Werror -Wno-unknown-attributes -O -fno-omit-frame-pointer -ggdb -gdwarf-2 -ffile-prefix-map=/work/labs/lab-req-02-xv6-syscall/worktree=. -march=rv64gc -std=gnu99 -MD -mcmodel=medany -ffreestanding -fno-common -nostdlib -fno-builtin-strncpy -fno-builtin-strncmp -fno-builtin-strlen -fno-builtin-memset -fno-builtin-memmove -fno-builtin-memcmp -fno-builtin-log -fno-builtin-bzero -fno-builtin-strchr -fno-builtin-exit -fno-builtin-malloc -fno-builtin-putc -fno-builtin-free -fno-builtin-memcpy -Wno-main -fno-builtin-printf -fno-builtin-fprintf -fno-builtin-vprintf -I. -fno-stack-protector -fno-pie -no-pie   -c -o user/ulib.o user/ulib.c
qemu-smoke	LAB-REQ-02 real QEMU lane (setup/source-route/fixture/smoke/fail-closed)	2026-09-12T04:46:11.6245262Z perl user/usys.pl > user/usys.S
qemu-smoke	LAB-REQ-02 real QEMU lane (setup/source-route/fixture/smoke/fail-closed)	2026-09-12T04:46:11.6356887Z riscv64-unknown-elf-gcc -Wall -Werror -Wno-unknown-attributes -O -fno-omit-frame-pointer -ggdb -gdwarf-2 -ffile-prefix-map=/work/labs/lab-req-02-xv6-syscall/worktree=. -march=rv64gc -std=gnu99 -MD -mcmodel=medany -ffreestanding -fno-common -nostdlib -fno-builtin-strncpy -fno-builtin-strncmp -fno-builtin-strlen -fno-builtin-memset -fno-builtin-memmove -fno-builtin-memcmp -fno-builtin-log -fno-builtin-bzero -fno-builtin-strchr -fno-builtin-exit -fno-builtin-malloc -fno-builtin-putc -fno-builtin-free -fno-builtin-memcpy -Wno-main -fno-builtin-printf -fno-builtin-fprintf -fno-builtin-vprintf -I. -fno-stack-protector -fno-pie -no-pie -c -o user/usys.o user/usys.S
qemu-smoke	LAB-REQ-02 real QEMU lane (setup/source-route/fixture/smoke/fail-closed)	2026-09-12T04:46:11.6492018Z riscv64-unknown-elf-gcc -Wall -Werror -Wno-unknown-attributes -O -fno-omit-frame-pointer -ggdb -gdwarf-2 -ffile-prefix-map=/work/labs/lab-req-02-xv6-syscall/worktree=. -march=rv64gc -std=gnu99 -MD -mcmodel=medany -ffreestanding -fno-common -nostdlib -fno-builtin-strncpy -fno-builtin-strncmp -fno-builtin-strlen -fno-builtin-memset -fno-builtin-memmove -fno-builtin-memcmp -fno-builtin-log -fno-builtin-bzero -fno-builtin-strchr -fno-builtin-exit -fno-builtin-malloc -fno-builtin-putc -fno-builtin-free -fno-builtin-memcpy -Wno-main -fno-builtin-printf -fno-builtin-fprintf -fno-builtin-vprintf -I. -fno-stack-protector -fno-pie -no-pie   -c -o user/printf.o user/printf.c
qemu-smoke	LAB-REQ-02 real QEMU lane (setup/source-route/fixture/smoke/fail-closed)	2026-09-12T04:46:11.6938967Z riscv64-unknown-elf-gcc -Wall -Werror -Wno-unknown-attributes -O -fno-omit-frame-pointer -ggdb -gdwarf-2 -ffile-prefix-map=/work/labs/lab-req-02-xv6-syscall/worktree=. -march=rv64gc -std=gnu99 -MD -mcmodel=medany -ffreestanding -fno-common -nostdlib -fno-builtin-strncpy -fno-builtin-strncmp -fno-builtin-strlen -fno-builtin-memset -fno-builtin-memmove -fno-builtin-memcmp -fno-builtin-log -fno-builtin-bzero -fno-builtin-strchr -fno-builtin-exit -fno-builtin-malloc -fno-builtin-putc -fno-builtin-free -fno-builtin-memcpy -Wno-main -fno-builtin-printf -fno-builtin-fprintf -fno-builtin-vprintf -I. -fno-stack-protector -fno-pie -no-pie   -c -o user/umalloc.o user/umalloc.c
qemu-smoke	LAB-REQ-02 real QEMU lane (setup/source-route/fixture/smoke/fail-closed)	2026-09-12T04:46:11.7246714Z riscv64-unknown-elf-gcc -Wall -Werror -Wno-unknown-attributes -O -fno-omit-frame-pointer -ggdb -gdwarf-2 -ffile-prefix-map=/work/labs/lab-req-02-xv6-syscall/worktree=. -march=rv64gc -std=gnu99 -MD -mcmodel=medany -ffreestanding -fno-common -nostdlib -fno-builtin-strncpy -fno-builtin-strncmp -fno-builtin-strlen -fno-builtin-memset -fno-builtin-memmove -fno-builtin-memcmp -fno-builtin-log -fno-builtin-bzero -fno-builtin-strchr -fno-builtin-exit -fno-builtin-malloc -fno-builtin-putc -fno-builtin-free -fno-builtin-memcpy -Wno-main -fno-builtin-printf -fno-builtin-fprintf -fno-builtin-vprintf -I. -fno-stack-protector -fno-pie -no-pie   -c -o user/cat.o user/cat.c
qemu-smoke	LAB-REQ-02 real QEMU lane (setup/source-route/fixture/smoke/fail-closed)	2026-09-12T04:46:11.7431516Z riscv64-unknown-elf-ld -z max-page-size=4096 -T user/user.ld -o user/_cat user/cat.o user/ulib.o user/usys.o user/printf.o user/umalloc.o
qemu-smoke	LAB-REQ-02 real QEMU lane (setup/source-route/fixture/smoke/fail-closed)	2026-09-12T04:46:11.7461213Z riscv64-unknown-elf-objdump -S user/_cat > user/cat.asm
qemu-smoke	LAB-REQ-02 real QEMU lane (setup/source-route/fixture/smoke/fail-closed)	2026-09-12T04:46:11.7498072Z riscv64-unknown-elf-objdump -t user/_cat | sed '1,/SYMBOL TABLE/d; s/ .* / /; /^$/d' > user/cat.sym
qemu-smoke	LAB-REQ-02 real QEMU lane (setup/source-route/fixture/smoke/fail-closed)	2026-09-12T04:46:11.7583716Z riscv64-unknown-elf-gcc -Wall -Werror -Wno-unknown-attributes -O -fno-omit-frame-pointer -ggdb -gdwarf-2 -ffile-prefix-map=/work/labs/lab-req-02-xv6-syscall/worktree=. -march=rv64gc -std=gnu99 -MD -mcmodel=medany -ffreestanding -fno-common -nostdlib -fno-builtin-strncpy -fno-builtin-strncmp -fno-builtin-strlen -fno-builtin-memset -fno-builtin-memmove -fno-builtin-memcmp -fno-builtin-log -fno-builtin-bzero -fno-builtin-strchr -fno-builtin-exit -fno-builtin-malloc -fno-builtin-putc -fno-builtin-free -fno-builtin-memcpy -Wno-main -fno-builtin-printf -fno-builtin-fprintf -fno-builtin-vprintf -I. -fno-stack-protector -fno-pie -no-pie   -c -o user/echo.o user/echo.c
qemu-smoke	LAB-REQ-02 real QEMU lane (setup/source-route/fixture/smoke/fail-closed)	2026-09-12T04:46:11.7738206Z riscv64-unknown-elf-ld -z max-page-size=4096 -T user/user.ld -o user/_echo user/echo.o user/ulib.o user/usys.o user/printf.o user/umalloc.o
qemu-smoke	LAB-REQ-02 real QEMU lane (setup/source-route/fixture/smoke/fail-closed)	2026-09-12T04:46:11.7767240Z riscv64-unknown-elf-objdump -S user/_echo > user/echo.asm
qemu-smoke	LAB-REQ-02 real QEMU lane (setup/source-route/fixture/smoke/fail-closed)	2026-09-12T04:46:11.7804104Z riscv64-unknown-elf-objdump -t user/_echo | sed '1,/SYMBOL TABLE/d; s/ .* / /; /^$/d' > user/echo.sym
qemu-smoke	LAB-REQ-02 real QEMU lane (setup/source-route/fixture/smoke/fail-closed)	2026-09-12T04:46:11.7889741Z riscv64-unknown-elf-gcc -Wall -Werror -Wno-unknown-attributes -O -fno-omit-frame-pointer -ggdb -gdwarf-2 -ffile-prefix-map=/work/labs/lab-req-02-xv6-syscall/worktree=. -march=rv64gc -std=gnu99 -MD -mcmodel=medany -ffreestanding -fno-common -nostdlib -fno-builtin-strncpy -fno-builtin-strncmp -fno-builtin-strlen -fno-builtin-memset -fno-builtin-memmove -fno-builtin-memcmp -fno-builtin-log -fno-builtin-bzero -fno-builtin-strchr -fno-builtin-exit -fno-builtin-malloc -fno-builtin-putc -fno-builtin-free -fno-builtin-memcpy -Wno-main -fno-builtin-printf -fno-builtin-fprintf -fno-builtin-vprintf -I. -fno-stack-protector -fno-pie -no-pie   -c -o user/forktest.o user/forktest.c
qemu-smoke	LAB-REQ-02 real QEMU lane (setup/source-route/fixture/smoke/fail-closed)	2026-09-12T04:46:11.8074768Z # forktest has less library code linked in - needs to be small
qemu-smoke	LAB-REQ-02 real QEMU lane (setup/source-route/fixture/smoke/fail-closed)	2026-09-12T04:46:11.8083884Z # in order to be able to max out the proc table.
qemu-smoke	LAB-REQ-02 real QEMU lane (setup/source-route/fixture/smoke/fail-closed)	2026-09-12T04:46:11.8089192Z riscv64-unknown-elf-ld -z max-page-size=4096 -N -e main -Ttext 0 -o user/_forktest user/forktest.o user/ulib.o user/usys.o
qemu-smoke	LAB-REQ-02 real QEMU lane (setup/source-route/fixture/smoke/fail-closed)	2026-09-12T04:46:11.8111367Z riscv64-unknown-elf-ld: warning: user/_forktest has a LOAD segment with RWX permissions
qemu-smoke	LAB-REQ-02 real QEMU lane (setup/source-route/fixture/smoke/fail-closed)	2026-09-12T04:46:11.8117671Z riscv64-unknown-elf-objdump -S user/_forktest > user/forktest.asm
qemu-smoke	LAB-REQ-02 real QEMU lane (setup/source-route/fixture/smoke/fail-closed)	2026-09-12T04:46:11.8208053Z riscv64-unknown-elf-gcc -Wall -Werror -Wno-unknown-attributes -O -fno-omit-frame-pointer -ggdb -gdwarf-2 -ffile-prefix-map=/work/labs/lab-req-02-xv6-syscall/worktree=. -march=rv64gc -std=gnu99 -MD -mcmodel=medany -ffreestanding -fno-common -nostdlib -fno-builtin-strncpy -fno-builtin-strncmp -fno-builtin-strlen -fno-builtin-memset -fno-builtin-memmove -fno-builtin-memcmp -fno-builtin-log -fno-builtin-bzero -fno-builtin-strchr -fno-builtin-exit -fno-builtin-malloc -fno-builtin-putc -fno-builtin-free -fno-builtin-memcpy -Wno-main -fno-builtin-printf -fno-builtin-fprintf -fno-builtin-vprintf -I. -fno-stack-protector -fno-pie -no-pie   -c -o user/grep.o user/grep.c
qemu-smoke	LAB-REQ-02 real QEMU lane (setup/source-route/fixture/smoke/fail-closed)	2026-09-12T04:46:11.8515726Z riscv64-unknown-elf-ld -z max-page-size=4096 -T user/user.ld -o user/_grep user/grep.o user/ulib.o user/usys.o user/printf.o user/umalloc.o
qemu-smoke	LAB-REQ-02 real QEMU lane (setup/source-route/fixture/smoke/fail-closed)	2026-09-12T04:46:11.8546786Z riscv64-unknown-elf-objdump -S user/_grep > user/grep.asm
qemu-smoke	LAB-REQ-02 real QEMU lane (setup/source-route/fixture/smoke/fail-closed)	2026-09-12T04:46:11.8586109Z riscv64-unknown-elf-objdump -t user/_grep | sed '1,/SYMBOL TABLE/d; s/ .* / /; /^$/d' > user/grep.sym
qemu-smoke	LAB-REQ-02 real QEMU lane (setup/source-route/fixture/smoke/fail-closed)	2026-09-12T04:46:11.8673301Z riscv64-unknown-elf-gcc -Wall -Werror -Wno-unknown-attributes -O -fno-omit-frame-pointer -ggdb -gdwarf-2 -ffile-prefix-map=/work/labs/lab-req-02-xv6-syscall/worktree=. -march=rv64gc -std=gnu99 -MD -mcmodel=medany -ffreestanding -fno-common -nostdlib -fno-builtin-strncpy -fno-builtin-strncmp -fno-builtin-strlen -fno-builtin-memset -fno-builtin-memmove -fno-builtin-memcmp -fno-builtin-log -fno-builtin-bzero -fno-builtin-strchr -fno-builtin-exit -fno-builtin-malloc -fno-builtin-putc -fno-builtin-free -fno-builtin-memcpy -Wno-main -fno-builtin-printf -fno-builtin-fprintf -fno-builtin-vprintf -I. -fno-stack-protector -fno-pie -no-pie   -c -o user/init.o user/init.c
qemu-smoke	LAB-REQ-02 real QEMU lane (setup/source-route/fixture/smoke/fail-closed)	2026-09-12T04:46:11.8824325Z riscv64-unknown-elf-ld -z max-page-size=4096 -T user/user.ld -o user/_init user/init.o user/ulib.o user/usys.o user/printf.o user/umalloc.o
qemu-smoke	LAB-REQ-02 real QEMU lane (setup/source-route/fixture/smoke/fail-closed)	2026-09-12T04:46:11.8853304Z riscv64-unknown-elf-objdump -S user/_init > user/init.asm
qemu-smoke	LAB-REQ-02 real QEMU lane (setup/source-route/fixture/smoke/fail-closed)	2026-09-12T04:46:11.8889477Z riscv64-unknown-elf-objdump -t user/_init | sed '1,/SYMBOL TABLE/d; s/ .* / /; /^$/d' > user/init.sym
qemu-smoke	LAB-REQ-02 real QEMU lane (setup/source-route/fixture/smoke/fail-closed)	2026-09-12T04:46:11.8975214Z riscv64-unknown-elf-gcc -Wall -Werror -Wno-unknown-attributes -O -fno-omit-frame-pointer -ggdb -gdwarf-2 -ffile-prefix-map=/work/labs/lab-req-02-xv6-syscall/worktree=. -march=rv64gc -std=gnu99 -MD -mcmodel=medany -ffreestanding -fno-common -nostdlib -fno-builtin-strncpy -fno-builtin-strncmp -fno-builtin-strlen -fno-builtin-memset -fno-builtin-memmove -fno-builtin-memcmp -fno-builtin-log -fno-builtin-bzero -fno-builtin-strchr -fno-builtin-exit -fno-builtin-malloc -fno-builtin-putc -fno-builtin-free -fno-builtin-memcpy -Wno-main -fno-builtin-printf -fno-builtin-fprintf -fno-builtin-vprintf -I. -fno-stack-protector -fno-pie -no-pie   -c -o user/kill.o user/kill.c
qemu-smoke	LAB-REQ-02 real QEMU lane (setup/source-route/fixture/smoke/fail-closed)	2026-09-12T04:46:11.9121266Z riscv64-unknown-elf-ld -z max-page-size=4096 -T user/user.ld -o user/_kill user/kill.o user/ulib.o user/usys.o user/printf.o user/umalloc.o
qemu-smoke	LAB-REQ-02 real QEMU lane (setup/source-route/fixture/smoke/fail-closed)	2026-09-12T04:46:11.9150106Z riscv64-unknown-elf-objdump -S user/_kill > user/kill.asm
qemu-smoke	LAB-REQ-02 real QEMU lane (setup/source-route/fixture/smoke/fail-closed)	2026-09-12T04:46:11.9187117Z riscv64-unknown-elf-objdump -t user/_kill | sed '1,/SYMBOL TABLE/d; s/ .* / /; /^$/d' > user/kill.sym
qemu-smoke	LAB-REQ-02 real QEMU lane (setup/source-route/fixture/smoke/fail-closed)	2026-09-12T04:46:11.9274145Z riscv64-unknown-elf-gcc -Wall -Werror -Wno-unknown-attributes -O -fno-omit-frame-pointer -ggdb -gdwarf-2 -ffile-prefix-map=/work/labs/lab-req-02-xv6-syscall/worktree=. -march=rv64gc -std=gnu99 -MD -mcmodel=medany -ffreestanding -fno-common -nostdlib -fno-builtin-strncpy -fno-builtin-strncmp -fno-builtin-strlen -fno-builtin-memset -fno-builtin-memmove -fno-builtin-memcmp -fno-builtin-log -fno-builtin-bzero -fno-builtin-strchr -fno-builtin-exit -fno-builtin-malloc -fno-builtin-putc -fno-builtin-free -fno-builtin-memcpy -Wno-main -fno-builtin-printf -fno-builtin-fprintf -fno-builtin-vprintf -I. -fno-stack-protector -fno-pie -no-pie   -c -o user/ln.o user/ln.c
qemu-smoke	LAB-REQ-02 real QEMU lane (setup/source-route/fixture/smoke/fail-closed)	2026-09-12T04:46:11.9406992Z riscv64-unknown-elf-ld -z max-page-size=4096 -T user/user.ld -o user/_ln user/ln.o user/ulib.o user/usys.o user/printf.o user/umalloc.o
qemu-smoke	LAB-REQ-02 real QEMU lane (setup/source-route/fixture/smoke/fail-closed)	2026-09-12T04:46:11.9436857Z riscv64-unknown-elf-objdump -S user/_ln > user/ln.asm
qemu-smoke	LAB-REQ-02 real QEMU lane (setup/source-route/fixture/smoke/fail-closed)	2026-09-12T04:46:11.9473210Z riscv64-unknown-elf-objdump -t user/_ln | sed '1,/SYMBOL TABLE/d; s/ .* / /; /^$/d' > user/ln.sym
qemu-smoke	LAB-REQ-02 real QEMU lane (setup/source-route/fixture/smoke/fail-closed)	2026-09-12T04:46:11.9560923Z riscv64-unknown-elf-gcc -Wall -Werror -Wno-unknown-attributes -O -fno-omit-frame-pointer -ggdb -gdwarf-2 -ffile-prefix-map=/work/labs/lab-req-02-xv6-syscall/worktree=. -march=rv64gc -std=gnu99 -MD -mcmodel=medany -ffreestanding -fno-common -nostdlib -fno-builtin-strncpy -fno-builtin-strncmp -fno-builtin-strlen -fno-builtin-memset -fno-builtin-memmove -fno-builtin-memcmp -fno-builtin-log -fno-builtin-bzero -fno-builtin-strchr -fno-builtin-exit -fno-builtin-malloc -fno-builtin-putc -fno-builtin-free -fno-builtin-memcpy -Wno-main -fno-builtin-printf -fno-builtin-fprintf -fno-builtin-vprintf -I. -fno-stack-protector -fno-pie -no-pie   -c -o user/ls.o user/ls.c
qemu-smoke	LAB-REQ-02 real QEMU lane (setup/source-route/fixture/smoke/fail-closed)	2026-09-12T04:46:11.9837441Z riscv64-unknown-elf-ld -z max-page-size=4096 -T user/user.ld -o user/_ls user/ls.o user/ulib.o user/usys.o user/printf.o user/umalloc.o
qemu-smoke	LAB-REQ-02 real QEMU lane (setup/source-route/fixture/smoke/fail-closed)	2026-09-12T04:46:11.9868319Z riscv64-unknown-elf-objdump -S user/_ls > user/ls.asm
qemu-smoke	LAB-REQ-02 real QEMU lane (setup/source-route/fixture/smoke/fail-closed)	2026-09-12T04:46:11.9907291Z riscv64-unknown-elf-objdump -t user/_ls | sed '1,/SYMBOL TABLE/d; s/ .* / /; /^$/d' > user/ls.sym
qemu-smoke	LAB-REQ-02 real QEMU lane (setup/source-route/fixture/smoke/fail-closed)	2026-09-12T04:46:11.9994890Z riscv64-unknown-elf-gcc -Wall -Werror -Wno-unknown-attributes -O -fno-omit-frame-pointer -ggdb -gdwarf-2 -ffile-prefix-map=/work/labs/lab-req-02-xv6-syscall/worktree=. -march=rv64gc -std=gnu99 -MD -mcmodel=medany -ffreestanding -fno-common -nostdlib -fno-builtin-strncpy -fno-builtin-strncmp -fno-builtin-strlen -fno-builtin-memset -fno-builtin-memmove -fno-builtin-memcmp -fno-builtin-log -fno-builtin-bzero -fno-builtin-strchr -fno-builtin-exit -fno-builtin-malloc -fno-builtin-putc -fno-builtin-free -fno-builtin-memcpy -Wno-main -fno-builtin-printf -fno-builtin-fprintf -fno-builtin-vprintf -I. -fno-stack-protector -fno-pie -no-pie   -c -o user/mkdir.o user/mkdir.c
qemu-smoke	LAB-REQ-02 real QEMU lane (setup/source-route/fixture/smoke/fail-closed)	2026-09-12T04:46:12.0147387Z riscv64-unknown-elf-ld -z max-page-size=4096 -T user/user.ld -o user/_mkdir user/mkdir.o user/ulib.o user/usys.o user/printf.o user/umalloc.o
qemu-smoke	LAB-REQ-02 real QEMU lane (setup/source-route/fixture/smoke/fail-closed)	2026-09-12T04:46:12.0176355Z riscv64-unknown-elf-objdump -S user/_mkdir > user/mkdir.asm
qemu-smoke	LAB-REQ-02 real QEMU lane (setup/source-route/fixture/smoke/fail-closed)	2026-09-12T04:46:12.0212807Z riscv64-unknown-elf-objdump -t user/_mkdir | sed '1,/SYMBOL TABLE/d; s/ .* / /; /^$/d' > user/mkdir.sym
qemu-smoke	LAB-REQ-02 real QEMU lane (setup/source-route/fixture/smoke/fail-closed)	2026-09-12T04:46:12.0299832Z riscv64-unknown-elf-gcc -Wall -Werror -Wno-unknown-attributes -O -fno-omit-frame-pointer -ggdb -gdwarf-2 -ffile-prefix-map=/work/labs/lab-req-02-xv6-syscall/worktree=. -march=rv64gc -std=gnu99 -MD -mcmodel=medany -ffreestanding -fno-common -nostdlib -fno-builtin-strncpy -fno-builtin-strncmp -fno-builtin-strlen -fno-builtin-memset -fno-builtin-memmove -fno-builtin-memcmp -fno-builtin-log -fno-builtin-bzero -fno-builtin-strchr -fno-builtin-exit -fno-builtin-malloc -fno-builtin-putc -fno-builtin-free -fno-builtin-memcpy -Wno-main -fno-builtin-printf -fno-builtin-fprintf -fno-builtin-vprintf -I. -fno-stack-protector -fno-pie -no-pie   -c -o user/rm.o user/rm.c
qemu-smoke	LAB-REQ-02 real QEMU lane (setup/source-route/fixture/smoke/fail-closed)	2026-09-12T04:46:12.0450783Z riscv64-unknown-elf-ld -z max-page-size=4096 -T user/user.ld -o user/_rm user/rm.o user/ulib.o user/usys.o user/printf.o user/umalloc.o
qemu-smoke	LAB-REQ-02 real QEMU lane (setup/source-route/fixture/smoke/fail-closed)	2026-09-12T04:46:12.0479784Z riscv64-unknown-elf-objdump -S user/_rm > user/rm.asm
qemu-smoke	LAB-REQ-02 real QEMU lane (setup/source-route/fixture/smoke/fail-closed)	2026-09-12T04:46:12.0517501Z riscv64-unknown-elf-objdump -t user/_rm | sed '1,/SYMBOL TABLE/d; s/ .* / /; /^$/d' > user/rm.sym
qemu-smoke	LAB-REQ-02 real QEMU lane (setup/source-route/fixture/smoke/fail-closed)	2026-09-12T04:46:12.0603029Z riscv64-unknown-elf-gcc -Wall -Werror -Wno-unknown-attributes -O -fno-omit-frame-pointer -ggdb -gdwarf-2 -ffile-prefix-map=/work/labs/lab-req-02-xv6-syscall/worktree=. -march=rv64gc -std=gnu99 -MD -mcmodel=medany -ffreestanding -fno-common -nostdlib -fno-builtin-strncpy -fno-builtin-strncmp -fno-builtin-strlen -fno-builtin-memset -fno-builtin-memmove -fno-builtin-memcmp -fno-builtin-log -fno-builtin-bzero -fno-builtin-strchr -fno-builtin-exit -fno-builtin-malloc -fno-builtin-putc -fno-builtin-free -fno-builtin-memcpy -Wno-main -fno-builtin-printf -fno-builtin-fprintf -fno-builtin-vprintf -I. -fno-stack-protector -fno-pie -no-pie   -c -o user/sh.o user/sh.c
qemu-smoke	LAB-REQ-02 real QEMU lane (setup/source-route/fixture/smoke/fail-closed)	2026-09-12T04:46:12.1355943Z riscv64-unknown-elf-ld -z max-page-size=4096 -T user/user.ld -o user/_sh user/sh.o user/ulib.o user/usys.o user/printf.o user/umalloc.o
qemu-smoke	LAB-REQ-02 real QEMU lane (setup/source-route/fixture/smoke/fail-closed)	2026-09-12T04:46:12.1390349Z riscv64-unknown-elf-objdump -S user/_sh > user/sh.asm
qemu-smoke	LAB-REQ-02 real QEMU lane (setup/source-route/fixture/smoke/fail-closed)	2026-09-12T04:46:12.1439680Z riscv64-unknown-elf-objdump -t user/_sh | sed '1,/SYMBOL TABLE/d; s/ .* / /; /^$/d' > user/sh.sym
qemu-smoke	LAB-REQ-02 real QEMU lane (setup/source-route/fixture/smoke/fail-closed)	2026-09-12T04:46:12.1523649Z riscv64-unknown-elf-gcc -Wall -Werror -Wno-unknown-attributes -O -fno-omit-frame-pointer -ggdb -gdwarf-2 -ffile-prefix-map=/work/labs/lab-req-02-xv6-syscall/worktree=. -march=rv64gc -std=gnu99 -MD -mcmodel=medany -ffreestanding -fno-common -nostdlib -fno-builtin-strncpy -fno-builtin-strncmp -fno-builtin-strlen -fno-builtin-memset -fno-builtin-memmove -fno-builtin-memcmp -fno-builtin-log -fno-builtin-bzero -fno-builtin-strchr -fno-builtin-exit -fno-builtin-malloc -fno-builtin-putc -fno-builtin-free -fno-builtin-memcpy -Wno-main -fno-builtin-printf -fno-builtin-fprintf -fno-builtin-vprintf -I. -fno-stack-protector -fno-pie -no-pie   -c -o user/stressfs.o user/stressfs.c
qemu-smoke	LAB-REQ-02 real QEMU lane (setup/source-route/fixture/smoke/fail-closed)	2026-09-12T04:46:12.1692282Z riscv64-unknown-elf-ld -z max-page-size=4096 -T user/user.ld -o user/_stressfs user/stressfs.o user/ulib.o user/usys.o user/printf.o user/umalloc.o
qemu-smoke	LAB-REQ-02 real QEMU lane (setup/source-route/fixture/smoke/fail-closed)	2026-09-12T04:46:12.1722214Z riscv64-unknown-elf-objdump -S user/_stressfs > user/stressfs.asm
qemu-smoke	LAB-REQ-02 real QEMU lane (setup/source-route/fixture/smoke/fail-closed)	2026-09-12T04:46:12.1757291Z riscv64-unknown-elf-objdump -t user/_stressfs | sed '1,/SYMBOL TABLE/d; s/ .* / /; /^$/d' > user/stressfs.sym
qemu-smoke	LAB-REQ-02 real QEMU lane (setup/source-route/fixture/smoke/fail-closed)	2026-09-12T04:46:12.1840168Z riscv64-unknown-elf-gcc -Wall -Werror -Wno-unknown-attributes -O -fno-omit-frame-pointer -ggdb -gdwarf-2 -ffile-prefix-map=/work/labs/lab-req-02-xv6-syscall/worktree=. -march=rv64gc -std=gnu99 -MD -mcmodel=medany -ffreestanding -fno-common -nostdlib -fno-builtin-strncpy -fno-builtin-strncmp -fno-builtin-strlen -fno-builtin-memset -fno-builtin-memmove -fno-builtin-memcmp -fno-builtin-log -fno-builtin-bzero -fno-builtin-strchr -fno-builtin-exit -fno-builtin-malloc -fno-builtin-putc -fno-builtin-free -fno-builtin-memcpy -Wno-main -fno-builtin-printf -fno-builtin-fprintf -fno-builtin-vprintf -I. -fno-stack-protector -fno-pie -no-pie   -c -o user/usertests.o user/usertests.c
qemu-smoke	LAB-REQ-02 real QEMU lane (setup/source-route/fixture/smoke/fail-closed)	2026-09-12T04:46:12.6492720Z riscv64-unknown-elf-ld -z max-page-size=4096 -T user/user.ld -o user/_usertests user/usertests.o user/ulib.o user/usys.o user/printf.o user/umalloc.o
qemu-smoke	LAB-REQ-02 real QEMU lane (setup/source-route/fixture/smoke/fail-closed)	2026-09-12T04:46:12.6718552Z riscv64-unknown-elf-objdump -S user/_usertests > user/usertests.asm
qemu-smoke	LAB-REQ-02 real QEMU lane (setup/source-route/fixture/smoke/fail-closed)	2026-09-12T04:46:12.6853903Z riscv64-unknown-elf-objdump -t user/_usertests | sed '1,/SYMBOL TABLE/d; s/ .* / /; /^$/d' > user/usertests.sym
qemu-smoke	LAB-REQ-02 real QEMU lane (setup/source-route/fixture/smoke/fail-closed)	2026-09-12T04:46:12.6945197Z riscv64-unknown-elf-gcc -Wall -Werror -Wno-unknown-attributes -O -fno-omit-frame-pointer -ggdb -gdwarf-2 -ffile-prefix-map=/work/labs/lab-req-02-xv6-syscall/worktree=. -march=rv64gc -std=gnu99 -MD -mcmodel=medany -ffreestanding -fno-common -nostdlib -fno-builtin-strncpy -fno-builtin-strncmp -fno-builtin-strlen -fno-builtin-memset -fno-builtin-memmove -fno-builtin-memcmp -fno-builtin-log -fno-builtin-bzero -fno-builtin-strchr -fno-builtin-exit -fno-builtin-malloc -fno-builtin-putc -fno-builtin-free -fno-builtin-memcpy -Wno-main -fno-builtin-printf -fno-builtin-fprintf -fno-builtin-vprintf -I. -fno-stack-protector -fno-pie -no-pie   -c -o user/grind.o user/grind.c
qemu-smoke	LAB-REQ-02 real QEMU lane (setup/source-route/fixture/smoke/fail-closed)	2026-09-12T04:46:12.7510741Z riscv64-unknown-elf-ld -z max-page-size=4096 -T user/user.ld -o user/_grind user/grind.o user/ulib.o user/usys.o user/printf.o user/umalloc.o
qemu-smoke	LAB-REQ-02 real QEMU lane (setup/source-route/fixture/smoke/fail-closed)	2026-09-12T04:46:12.7545862Z riscv64-unknown-elf-objdump -S user/_grind > user/grind.asm
qemu-smoke	LAB-REQ-02 real QEMU lane (setup/source-route/fixture/smoke/fail-closed)	2026-09-12T04:46:12.7592786Z riscv64-unknown-elf-objdump -t user/_grind | sed '1,/SYMBOL TABLE/d; s/ .* / /; /^$/d' > user/grind.sym
qemu-smoke	LAB-REQ-02 real QEMU lane (setup/source-route/fixture/smoke/fail-closed)	2026-09-12T04:46:12.7680966Z riscv64-unknown-elf-gcc -Wall -Werror -Wno-unknown-attributes -O -fno-omit-frame-pointer -ggdb -gdwarf-2 -ffile-prefix-map=/work/labs/lab-req-02-xv6-syscall/worktree=. -march=rv64gc -std=gnu99 -MD -mcmodel=medany -ffreestanding -fno-common -nostdlib -fno-builtin-strncpy -fno-builtin-strncmp -fno-builtin-strlen -fno-builtin-memset -fno-builtin-memmove -fno-builtin-memcmp -fno-builtin-log -fno-builtin-bzero -fno-builtin-strchr -fno-builtin-exit -fno-builtin-malloc -fno-builtin-putc -fno-builtin-free -fno-builtin-memcpy -Wno-main -fno-builtin-printf -fno-builtin-fprintf -fno-builtin-vprintf -I. -fno-stack-protector -fno-pie -no-pie   -c -o user/wc.o user/wc.c
qemu-smoke	LAB-REQ-02 real QEMU lane (setup/source-route/fixture/smoke/fail-closed)	2026-09-12T04:46:12.7900579Z riscv64-unknown-elf-ld -z max-page-size=4096 -T user/user.ld -o user/_wc user/wc.o user/ulib.o user/usys.o user/printf.o user/umalloc.o
qemu-smoke	LAB-REQ-02 real QEMU lane (setup/source-route/fixture/smoke/fail-closed)	2026-09-12T04:46:12.7930351Z riscv64-unknown-elf-objdump -S user/_wc > user/wc.asm
qemu-smoke	LAB-REQ-02 real QEMU lane (setup/source-route/fixture/smoke/fail-closed)	2026-09-12T04:46:12.7967917Z riscv64-unknown-elf-objdump -t user/_wc | sed '1,/SYMBOL TABLE/d; s/ .* / /; /^$/d' > user/wc.sym
qemu-smoke	LAB-REQ-02 real QEMU lane (setup/source-route/fixture/smoke/fail-closed)	2026-09-12T04:46:12.8051599Z riscv64-unknown-elf-gcc -Wall -Werror -Wno-unknown-attributes -O -fno-omit-frame-pointer -ggdb -gdwarf-2 -ffile-prefix-map=/work/labs/lab-req-02-xv6-syscall/worktree=. -march=rv64gc -std=gnu99 -MD -mcmodel=medany -ffreestanding -fno-common -nostdlib -fno-builtin-strncpy -fno-builtin-strncmp -fno-builtin-strlen -fno-builtin-memset -fno-builtin-memmove -fno-builtin-memcmp -fno-builtin-log -fno-builtin-bzero -fno-builtin-strchr -fno-builtin-exit -fno-builtin-malloc -fno-builtin-putc -fno-builtin-free -fno-builtin-memcpy -Wno-main -fno-builtin-printf -fno-builtin-fprintf -fno-builtin-vprintf -I. -fno-stack-protector -fno-pie -no-pie   -c -o user/zombie.o user/zombie.c
qemu-smoke	LAB-REQ-02 real QEMU lane (setup/source-route/fixture/smoke/fail-closed)	2026-09-12T04:46:12.8168963Z riscv64-unknown-elf-ld -z max-page-size=4096 -T user/user.ld -o user/_zombie user/zombie.o user/ulib.o user/usys.o user/printf.o user/umalloc.o
qemu-smoke	LAB-REQ-02 real QEMU lane (setup/source-route/fixture/smoke/fail-closed)	2026-09-12T04:46:12.8197407Z riscv64-unknown-elf-objdump -S user/_zombie > user/zombie.asm
qemu-smoke	LAB-REQ-02 real QEMU lane (setup/source-route/fixture/smoke/fail-closed)	2026-09-12T04:46:12.8232199Z riscv64-unknown-elf-objdump -t user/_zombie | sed '1,/SYMBOL TABLE/d; s/ .* / /; /^$/d' > user/zombie.sym
qemu-smoke	LAB-REQ-02 real QEMU lane (setup/source-route/fixture/smoke/fail-closed)	2026-09-12T04:46:12.8315451Z riscv64-unknown-elf-gcc -Wall -Werror -Wno-unknown-attributes -O -fno-omit-frame-pointer -ggdb -gdwarf-2 -ffile-prefix-map=/work/labs/lab-req-02-xv6-syscall/worktree=. -march=rv64gc -std=gnu99 -MD -mcmodel=medany -ffreestanding -fno-common -nostdlib -fno-builtin-strncpy -fno-builtin-strncmp -fno-builtin-strlen -fno-builtin-memset -fno-builtin-memmove -fno-builtin-memcmp -fno-builtin-log -fno-builtin-bzero -fno-builtin-strchr -fno-builtin-exit -fno-builtin-malloc -fno-builtin-putc -fno-builtin-free -fno-builtin-memcpy -Wno-main -fno-builtin-printf -fno-builtin-fprintf -fno-builtin-vprintf -I. -fno-stack-protector -fno-pie -no-pie   -c -o user/sleep.o user/sleep.c
qemu-smoke	LAB-REQ-02 real QEMU lane (setup/source-route/fixture/smoke/fail-closed)	2026-09-12T04:46:12.8436951Z riscv64-unknown-elf-ld -z max-page-size=4096 -T user/user.ld -o user/_sleep user/sleep.o user/ulib.o user/usys.o user/printf.o user/umalloc.o
qemu-smoke	LAB-REQ-02 real QEMU lane (setup/source-route/fixture/smoke/fail-closed)	2026-09-12T04:46:12.8465149Z riscv64-unknown-elf-objdump -S user/_sleep > user/sleep.asm
qemu-smoke	LAB-REQ-02 real QEMU lane (setup/source-route/fixture/smoke/fail-closed)	2026-09-12T04:46:12.8500668Z riscv64-unknown-elf-objdump -t user/_sleep | sed '1,/SYMBOL TABLE/d; s/ .* / /; /^$/d' > user/sleep.sym
qemu-smoke	LAB-REQ-02 real QEMU lane (setup/source-route/fixture/smoke/fail-closed)	2026-09-12T04:46:12.8587331Z riscv64-unknown-elf-gcc -Wall -Werror -Wno-unknown-attributes -O -fno-omit-frame-pointer -ggdb -gdwarf-2 -ffile-prefix-map=/work/labs/lab-req-02-xv6-syscall/worktree=. -march=rv64gc -std=gnu99 -MD -mcmodel=medany -ffreestanding -fno-common -nostdlib -fno-builtin-strncpy -fno-builtin-strncmp -fno-builtin-strlen -fno-builtin-memset -fno-builtin-memmove -fno-builtin-memcmp -fno-builtin-log -fno-builtin-bzero -fno-builtin-strchr -fno-builtin-exit -fno-builtin-malloc -fno-builtin-putc -fno-builtin-free -fno-builtin-memcpy -Wno-main -fno-builtin-printf -fno-builtin-fprintf -fno-builtin-vprintf -I. -fno-stack-protector -fno-pie -no-pie   -c -o user/logstress.o user/logstress.c
qemu-smoke	LAB-REQ-02 real QEMU lane (setup/source-route/fixture/smoke/fail-closed)	2026-09-12T04:46:12.8776320Z riscv64-unknown-elf-ld -z max-page-size=4096 -T user/user.ld -o user/_logstress user/logstress.o user/ulib.o user/usys.o user/printf.o user/umalloc.o
qemu-smoke	LAB-REQ-02 real QEMU lane (setup/source-route/fixture/smoke/fail-closed)	2026-09-12T04:46:12.8806050Z riscv64-unknown-elf-objdump -S user/_logstress > user/logstress.asm
qemu-smoke	LAB-REQ-02 real QEMU lane (setup/source-route/fixture/smoke/fail-closed)	2026-09-12T04:46:12.8842863Z riscv64-unknown-elf-objdump -t user/_logstress | sed '1,/SYMBOL TABLE/d; s/ .* / /; /^$/d' > user/logstress.sym
qemu-smoke	LAB-REQ-02 real QEMU lane (setup/source-route/fixture/smoke/fail-closed)	2026-09-12T04:46:12.8927945Z riscv64-unknown-elf-gcc -Wall -Werror -Wno-unknown-attributes -O -fno-omit-frame-pointer -ggdb -gdwarf-2 -ffile-prefix-map=/work/labs/lab-req-02-xv6-syscall/worktree=. -march=rv64gc -std=gnu99 -MD -mcmodel=medany -ffreestanding -fno-common -nostdlib -fno-builtin-strncpy -fno-builtin-strncmp -fno-builtin-strlen -fno-builtin-memset -fno-builtin-memmove -fno-builtin-memcmp -fno-builtin-log -fno-builtin-bzero -fno-builtin-strchr -fno-builtin-exit -fno-builtin-malloc -fno-builtin-putc -fno-builtin-free -fno-builtin-memcpy -Wno-main -fno-builtin-printf -fno-builtin-fprintf -fno-builtin-vprintf -I. -fno-stack-protector -fno-pie -no-pie   -c -o user/forphan.o user/forphan.c
qemu-smoke	LAB-REQ-02 real QEMU lane (setup/source-route/fixture/smoke/fail-closed)	2026-09-12T04:46:12.9074536Z riscv64-unknown-elf-ld -z max-page-size=4096 -T user/user.ld -o user/_forphan user/forphan.o user/ulib.o user/usys.o user/printf.o user/umalloc.o
qemu-smoke	LAB-REQ-02 real QEMU lane (setup/source-route/fixture/smoke/fail-closed)	2026-09-12T04:46:12.9103782Z riscv64-unknown-elf-objdump -S user/_forphan > user/forphan.asm
qemu-smoke	LAB-REQ-02 real QEMU lane (setup/source-route/fixture/smoke/fail-closed)	2026-09-12T04:46:12.9140305Z riscv64-unknown-elf-objdump -t user/_forphan | sed '1,/SYMBOL TABLE/d; s/ .* / /; /^$/d' > user/forphan.sym
qemu-smoke	LAB-REQ-02 real QEMU lane (setup/source-route/fixture/smoke/fail-closed)	2026-09-12T04:46:12.9225576Z riscv64-unknown-elf-gcc -Wall -Werror -Wno-unknown-attributes -O -fno-omit-frame-pointer -ggdb -gdwarf-2 -ffile-prefix-map=/work/labs/lab-req-02-xv6-syscall/worktree=. -march=rv64gc -std=gnu99 -MD -mcmodel=medany -ffreestanding -fno-common -nostdlib -fno-builtin-strncpy -fno-builtin-strncmp -fno-builtin-strlen -fno-builtin-memset -fno-builtin-memmove -fno-builtin-memcmp -fno-builtin-log -fno-builtin-bzero -fno-builtin-strchr -fno-builtin-exit -fno-builtin-malloc -fno-builtin-putc -fno-builtin-free -fno-builtin-memcpy -Wno-main -fno-builtin-printf -fno-builtin-fprintf -fno-builtin-vprintf -I. -fno-stack-protector -fno-pie -no-pie   -c -o user/dorphan.o user/dorphan.c
qemu-smoke	LAB-REQ-02 real QEMU lane (setup/source-route/fixture/smoke/fail-closed)	2026-09-12T04:46:12.9361673Z riscv64-unknown-elf-ld -z max-page-size=4096 -T user/user.ld -o user/_dorphan user/dorphan.o user/ulib.o user/usys.o user/printf.o user/umalloc.o
qemu-smoke	LAB-REQ-02 real QEMU lane (setup/source-route/fixture/smoke/fail-closed)	2026-09-12T04:46:12.9391334Z riscv64-unknown-elf-objdump -S user/_dorphan > user/dorphan.asm
qemu-smoke	LAB-REQ-02 real QEMU lane (setup/source-route/fixture/smoke/fail-closed)	2026-09-12T04:46:12.9427399Z riscv64-unknown-elf-objdump -t user/_dorphan | sed '1,/SYMBOL TABLE/d; s/ .* / /; /^$/d' > user/dorphan.sym
qemu-smoke	LAB-REQ-02 real QEMU lane (setup/source-route/fixture/smoke/fail-closed)	2026-09-12T04:46:12.9512947Z riscv64-unknown-elf-gcc -Wall -Werror -Wno-unknown-attributes -O -fno-omit-frame-pointer -ggdb -gdwarf-2 -ffile-prefix-map=/work/labs/lab-req-02-xv6-syscall/worktree=. -march=rv64gc -std=gnu99 -MD -mcmodel=medany -ffreestanding -fno-common -nostdlib -fno-builtin-strncpy -fno-builtin-strncmp -fno-builtin-strlen -fno-builtin-memset -fno-builtin-memmove -fno-builtin-memcmp -fno-builtin-log -fno-builtin-bzero -fno-builtin-strchr -fno-builtin-exit -fno-builtin-malloc -fno-builtin-putc -fno-builtin-free -fno-builtin-memcpy -Wno-main -fno-builtin-printf -fno-builtin-fprintf -fno-builtin-vprintf -I. -fno-stack-protector -fno-pie -no-pie   -c -o user/sync.o user/sync.c
qemu-smoke	LAB-REQ-02 real QEMU lane (setup/source-route/fixture/smoke/fail-closed)	2026-09-12T04:46:12.9627879Z riscv64-unknown-elf-ld -z max-page-size=4096 -T user/user.ld -o user/_sync user/sync.o user/ulib.o user/usys.o user/printf.o user/umalloc.o
qemu-smoke	LAB-REQ-02 real QEMU lane (setup/source-route/fixture/smoke/fail-closed)	2026-09-12T04:46:12.9658073Z riscv64-unknown-elf-objdump -S user/_sync > user/sync.asm
qemu-smoke	LAB-REQ-02 real QEMU lane (setup/source-route/fixture/smoke/fail-closed)	2026-09-12T04:46:12.9692765Z riscv64-unknown-elf-objdump -t user/_sync | sed '1,/SYMBOL TABLE/d; s/ .* / /; /^$/d' > user/sync.sym
qemu-smoke	LAB-REQ-02 real QEMU lane (setup/source-route/fixture/smoke/fail-closed)	2026-09-12T04:46:12.9716454Z mkfs/mkfs fs.img README user/_cat user/_echo user/_forktest user/_grep user/_init user/_kill user/_ln user/_ls user/_mkdir user/_rm user/_sh user/_stressfs user/_usertests user/_grind user/_wc user/_zombie user/_sleep user/_logstress user/_forphan user/_dorphan user/_sync 
qemu-smoke	LAB-REQ-02 real QEMU lane (setup/source-route/fixture/smoke/fail-closed)	2026-09-12T04:46:12.9843283Z nmeta 47 (boot, super, log blocks 31, inode blocks 13, bitmap blocks 1) blocks 1953 total 2000
qemu-smoke	LAB-REQ-02 real QEMU lane (setup/source-route/fixture/smoke/fail-closed)	2026-09-12T04:46:12.9844161Z balloc: first 1006 blocks have been allocated
qemu-smoke	LAB-REQ-02 real QEMU lane (setup/source-route/fixture/smoke/fail-closed)	2026-09-12T04:46:12.9844714Z balloc: write bitmap block at sector 46
qemu-smoke	LAB-REQ-02 real QEMU lane (setup/source-route/fixture/smoke/fail-closed)	2026-09-12T04:46:12.9846815Z riscv64-unknown-elf-gcc -march=rv64gc -g -ffile-prefix-map=/work/labs/lab-req-02-xv6-syscall/worktree=. -c -o kernel/entry.o kernel/entry.S
qemu-smoke	LAB-REQ-02 real QEMU lane (setup/source-route/fixture/smoke/fail-closed)	2026-09-12T04:46:12.9980715Z riscv64-unknown-elf-gcc -Wall -Werror -Wno-unknown-attributes -O -fno-omit-frame-pointer -ggdb -gdwarf-2 -ffile-prefix-map=/work/labs/lab-req-02-xv6-syscall/worktree=. -march=rv64gc -std=gnu99 -MD -mcmodel=medany -ffreestanding -fno-common -nostdlib -fno-builtin-strncpy -fno-builtin-strncmp -fno-builtin-strlen -fno-builtin-memset -fno-builtin-memmove -fno-builtin-memcmp -fno-builtin-log -fno-builtin-bzero -fno-builtin-strchr -fno-builtin-exit -fno-builtin-malloc -fno-builtin-putc -fno-builtin-free -fno-builtin-memcpy -Wno-main -fno-builtin-printf -fno-builtin-fprintf -fno-builtin-vprintf -I. -fno-stack-protector -fno-pie -no-pie   -c -o kernel/start.o kernel/start.c
qemu-smoke	LAB-REQ-02 real QEMU lane (setup/source-route/fixture/smoke/fail-closed)	2026-09-12T04:46:13.0210145Z riscv64-unknown-elf-gcc -Wall -Werror -Wno-unknown-attributes -O -fno-omit-frame-pointer -ggdb -gdwarf-2 -ffile-prefix-map=/work/labs/lab-req-02-xv6-syscall/worktree=. -march=rv64gc -std=gnu99 -MD -mcmodel=medany -ffreestanding -fno-common -nostdlib -fno-builtin-strncpy -fno-builtin-strncmp -fno-builtin-strlen -fno-builtin-memset -fno-builtin-memmove -fno-builtin-memcmp -fno-builtin-log -fno-builtin-bzero -fno-builtin-strchr -fno-builtin-exit -fno-builtin-malloc -fno-builtin-putc -fno-builtin-free -fno-builtin-memcpy -Wno-main -fno-builtin-printf -fno-builtin-fprintf -fno-builtin-vprintf -I. -fno-stack-protector -fno-pie -no-pie   -c -o kernel/console.o kernel/console.c
qemu-smoke	LAB-REQ-02 real QEMU lane (setup/source-route/fixture/smoke/fail-closed)	2026-09-12T04:46:13.0619207Z riscv64-unknown-elf-gcc -Wall -Werror -Wno-unknown-attributes -O -fno-omit-frame-pointer -ggdb -gdwarf-2 -ffile-prefix-map=/work/labs/lab-req-02-xv6-syscall/worktree=. -march=rv64gc -std=gnu99 -MD -mcmodel=medany -ffreestanding -fno-common -nostdlib -fno-builtin-strncpy -fno-builtin-strncmp -fno-builtin-strlen -fno-builtin-memset -fno-builtin-memmove -fno-builtin-memcmp -fno-builtin-log -fno-builtin-bzero -fno-builtin-strchr -fno-builtin-exit -fno-builtin-malloc -fno-builtin-putc -fno-builtin-free -fno-builtin-memcpy -Wno-main -fno-builtin-printf -fno-builtin-fprintf -fno-builtin-vprintf -I. -fno-stack-protector -fno-pie -no-pie   -c -o kernel/printk.o kernel/printk.c
qemu-smoke	LAB-REQ-02 real QEMU lane (setup/source-route/fixture/smoke/fail-closed)	2026-09-12T04:46:13.1091112Z riscv64-unknown-elf-gcc -Wall -Werror -Wno-unknown-attributes -O -fno-omit-frame-pointer -ggdb -gdwarf-2 -ffile-prefix-map=/work/labs/lab-req-02-xv6-syscall/worktree=. -march=rv64gc -std=gnu99 -MD -mcmodel=medany -ffreestanding -fno-common -nostdlib -fno-builtin-strncpy -fno-builtin-strncmp -fno-builtin-strlen -fno-builtin-memset -fno-builtin-memmove -fno-builtin-memcmp -fno-builtin-log -fno-builtin-bzero -fno-builtin-strchr -fno-builtin-exit -fno-builtin-malloc -fno-builtin-putc -fno-builtin-free -fno-builtin-memcpy -Wno-main -fno-builtin-printf -fno-builtin-fprintf -fno-builtin-vprintf -I. -fno-stack-protector -fno-pie -no-pie   -c -o kernel/uart.o kernel/uart.c
qemu-smoke	LAB-REQ-02 real QEMU lane (setup/source-route/fixture/smoke/fail-closed)	2026-09-12T04:46:13.1374774Z riscv64-unknown-elf-gcc -Wall -Werror -Wno-unknown-attributes -O -fno-omit-frame-pointer -ggdb -gdwarf-2 -ffile-prefix-map=/work/labs/lab-req-02-xv6-syscall/worktree=. -march=rv64gc -std=gnu99 -MD -mcmodel=medany -ffreestanding -fno-common -nostdlib -fno-builtin-strncpy -fno-builtin-strncmp -fno-builtin-strlen -fno-builtin-memset -fno-builtin-memmove -fno-builtin-memcmp -fno-builtin-log -fno-builtin-bzero -fno-builtin-strchr -fno-builtin-exit -fno-builtin-malloc -fno-builtin-putc -fno-builtin-free -fno-builtin-memcpy -Wno-main -fno-builtin-printf -fno-builtin-fprintf -fno-builtin-vprintf -I. -fno-stack-protector -fno-pie -no-pie   -c -o kernel/kalloc.o kernel/kalloc.c
qemu-smoke	LAB-REQ-02 real QEMU lane (setup/source-route/fixture/smoke/fail-closed)	2026-09-12T04:46:13.1640227Z riscv64-unknown-elf-gcc -Wall -Werror -Wno-unknown-attributes -O -fno-omit-frame-pointer -ggdb -gdwarf-2 -ffile-prefix-map=/work/labs/lab-req-02-xv6-syscall/worktree=. -march=rv64gc -std=gnu99 -MD -mcmodel=medany -ffreestanding -fno-common -nostdlib -fno-builtin-strncpy -fno-builtin-strncmp -fno-builtin-strlen -fno-builtin-memset -fno-builtin-memmove -fno-builtin-memcmp -fno-builtin-log -fno-builtin-bzero -fno-builtin-strchr -fno-builtin-exit -fno-builtin-malloc -fno-builtin-putc -fno-builtin-free -fno-builtin-memcpy -Wno-main -fno-builtin-printf -fno-builtin-fprintf -fno-builtin-vprintf -I. -fno-stack-protector -fno-pie -no-pie   -c -o kernel/spinlock.o kernel/spinlock.c
qemu-smoke	LAB-REQ-02 real QEMU lane (setup/source-route/fixture/smoke/fail-closed)	2026-09-12T04:46:13.1952223Z riscv64-unknown-elf-gcc -Wall -Werror -Wno-unknown-attributes -O -fno-omit-frame-pointer -ggdb -gdwarf-2 -ffile-prefix-map=/work/labs/lab-req-02-xv6-syscall/worktree=. -march=rv64gc -std=gnu99 -MD -mcmodel=medany -ffreestanding -fno-common -nostdlib -fno-builtin-strncpy -fno-builtin-strncmp -fno-builtin-strlen -fno-builtin-memset -fno-builtin-memmove -fno-builtin-memcmp -fno-builtin-log -fno-builtin-bzero -fno-builtin-strchr -fno-builtin-exit -fno-builtin-malloc -fno-builtin-putc -fno-builtin-free -fno-builtin-memcpy -Wno-main -fno-builtin-printf -fno-builtin-fprintf -fno-builtin-vprintf -I. -fno-stack-protector -fno-pie -no-pie   -c -o kernel/string.o kernel/string.c
qemu-smoke	LAB-REQ-02 real QEMU lane (setup/source-route/fixture/smoke/fail-closed)	2026-09-12T04:46:13.2362256Z riscv64-unknown-elf-gcc -Wall -Werror -Wno-unknown-attributes -O -fno-omit-frame-pointer -ggdb -gdwarf-2 -ffile-prefix-map=/work/labs/lab-req-02-xv6-syscall/worktree=. -march=rv64gc -std=gnu99 -MD -mcmodel=medany -ffreestanding -fno-common -nostdlib -fno-builtin-strncpy -fno-builtin-strncmp -fno-builtin-strlen -fno-builtin-memset -fno-builtin-memmove -fno-builtin-memcmp -fno-builtin-log -fno-builtin-bzero -fno-builtin-strchr -fno-builtin-exit -fno-builtin-malloc -fno-builtin-putc -fno-builtin-free -fno-builtin-memcpy -Wno-main -fno-builtin-printf -fno-builtin-fprintf -fno-builtin-vprintf -I. -fno-stack-protector -fno-pie -no-pie   -c -o kernel/main.o kernel/main.c
qemu-smoke	LAB-REQ-02 real QEMU lane (setup/source-route/fixture/smoke/fail-closed)	2026-09-12T04:46:13.2576901Z riscv64-unknown-elf-gcc -Wall -Werror -Wno-unknown-attributes -O -fno-omit-frame-pointer -ggdb -gdwarf-2 -ffile-prefix-map=/work/labs/lab-req-02-xv6-syscall/worktree=. -march=rv64gc -std=gnu99 -MD -mcmodel=medany -ffreestanding -fno-common -nostdlib -fno-builtin-strncpy -fno-builtin-strncmp -fno-builtin-strlen -fno-builtin-memset -fno-builtin-memmove -fno-builtin-memcmp -fno-builtin-log -fno-builtin-bzero -fno-builtin-strchr -fno-builtin-exit -fno-builtin-malloc -fno-builtin-putc -fno-builtin-free -fno-builtin-memcpy -Wno-main -fno-builtin-printf -fno-builtin-fprintf -fno-builtin-vprintf -I. -fno-stack-protector -fno-pie -no-pie   -c -o kernel/vm.o kernel/vm.c
qemu-smoke	LAB-REQ-02 real QEMU lane (setup/source-route/fixture/smoke/fail-closed)	2026-09-12T04:46:13.3472807Z riscv64-unknown-elf-gcc -Wall -Werror -Wno-unknown-attributes -O -fno-omit-frame-pointer -ggdb -gdwarf-2 -ffile-prefix-map=/work/labs/lab-req-02-xv6-syscall/worktree=. -march=rv64gc -std=gnu99 -MD -mcmodel=medany -ffreestanding -fno-common -nostdlib -fno-builtin-strncpy -fno-builtin-strncmp -fno-builtin-strlen -fno-builtin-memset -fno-builtin-memmove -fno-builtin-memcmp -fno-builtin-log -fno-builtin-bzero -fno-builtin-strchr -fno-builtin-exit -fno-builtin-malloc -fno-builtin-putc -fno-builtin-free -fno-builtin-memcpy -Wno-main -fno-builtin-printf -fno-builtin-fprintf -fno-builtin-vprintf -I. -fno-stack-protector -fno-pie -no-pie   -c -o kernel/proc.o kernel/proc.c
qemu-smoke	LAB-REQ-02 real QEMU lane (setup/source-route/fixture/smoke/fail-closed)	2026-09-12T04:46:13.4479458Z riscv64-unknown-elf-gcc -march=rv64gc -g -ffile-prefix-map=/work/labs/lab-req-02-xv6-syscall/worktree=. -c -o kernel/swtch.o kernel/swtch.S
qemu-smoke	LAB-REQ-02 real QEMU lane (setup/source-route/fixture/smoke/fail-closed)	2026-09-12T04:46:13.4560999Z riscv64-unknown-elf-gcc -march=rv64gc -g -ffile-prefix-map=/work/labs/lab-req-02-xv6-syscall/worktree=. -c -o kernel/trampoline.o kernel/trampoline.S
qemu-smoke	LAB-REQ-02 real QEMU lane (setup/source-route/fixture/smoke/fail-closed)	2026-09-12T04:46:13.4698711Z riscv64-unknown-elf-gcc -Wall -Werror -Wno-unknown-attributes -O -fno-omit-frame-pointer -ggdb -gdwarf-2 -ffile-prefix-map=/work/labs/lab-req-02-xv6-syscall/worktree=. -march=rv64gc -std=gnu99 -MD -mcmodel=medany -ffreestanding -fno-common -nostdlib -fno-builtin-strncpy -fno-builtin-strncmp -fno-builtin-strlen -fno-builtin-memset -fno-builtin-memmove -fno-builtin-memcmp -fno-builtin-log -fno-builtin-bzero -fno-builtin-strchr -fno-builtin-exit -fno-builtin-malloc -fno-builtin-putc -fno-builtin-free -fno-builtin-memcpy -Wno-main -fno-builtin-printf -fno-builtin-fprintf -fno-builtin-vprintf -I. -fno-stack-protector -fno-pie -no-pie   -c -o kernel/trap.o kernel/trap.c
qemu-smoke	LAB-REQ-02 real QEMU lane (setup/source-route/fixture/smoke/fail-closed)	2026-09-12T04:46:13.5106887Z riscv64-unknown-elf-gcc -Wall -Werror -Wno-unknown-attributes -O -fno-omit-frame-pointer -ggdb -gdwarf-2 -ffile-prefix-map=/work/labs/lab-req-02-xv6-syscall/worktree=. -march=rv64gc -std=gnu99 -MD -mcmodel=medany -ffreestanding -fno-common -nostdlib -fno-builtin-strncpy -fno-builtin-strncmp -fno-builtin-strlen -fno-builtin-memset -fno-builtin-memmove -fno-builtin-memcmp -fno-builtin-log -fno-builtin-bzero -fno-builtin-strchr -fno-builtin-exit -fno-builtin-malloc -fno-builtin-putc -fno-builtin-free -fno-builtin-memcpy -Wno-main -fno-builtin-printf -fno-builtin-fprintf -fno-builtin-vprintf -I. -fno-stack-protector -fno-pie -no-pie   -c -o kernel/syscall.o kernel/syscall.c
qemu-smoke	LAB-REQ-02 real QEMU lane (setup/source-route/fixture/smoke/fail-closed)	2026-09-12T04:46:13.5433650Z riscv64-unknown-elf-gcc -Wall -Werror -Wno-unknown-attributes -O -fno-omit-frame-pointer -ggdb -gdwarf-2 -ffile-prefix-map=/work/labs/lab-req-02-xv6-syscall/worktree=. -march=rv64gc -std=gnu99 -MD -mcmodel=medany -ffreestanding -fno-common -nostdlib -fno-builtin-strncpy -fno-builtin-strncmp -fno-builtin-strlen -fno-builtin-memset -fno-builtin-memmove -fno-builtin-memcmp -fno-builtin-log -fno-builtin-bzero -fno-builtin-strchr -fno-builtin-exit -fno-builtin-malloc -fno-builtin-putc -fno-builtin-free -fno-builtin-memcpy -Wno-main -fno-builtin-printf -fno-builtin-fprintf -fno-builtin-vprintf -I. -fno-stack-protector -fno-pie -no-pie   -c -o kernel/sysproc.o kernel/sysproc.c
qemu-smoke	LAB-REQ-02 real QEMU lane (setup/source-route/fixture/smoke/fail-closed)	2026-09-12T04:46:13.5760858Z riscv64-unknown-elf-gcc -Wall -Werror -Wno-unknown-attributes -O -fno-omit-frame-pointer -ggdb -gdwarf-2 -ffile-prefix-map=/work/labs/lab-req-02-xv6-syscall/worktree=. -march=rv64gc -std=gnu99 -MD -mcmodel=medany -ffreestanding -fno-common -nostdlib -fno-builtin-strncpy -fno-builtin-strncmp -fno-builtin-strlen -fno-builtin-memset -fno-builtin-memmove -fno-builtin-memcmp -fno-builtin-log -fno-builtin-bzero -fno-builtin-strchr -fno-builtin-exit -fno-builtin-malloc -fno-builtin-putc -fno-builtin-free -fno-builtin-memcpy -Wno-main -fno-builtin-printf -fno-builtin-fprintf -fno-builtin-vprintf -I. -fno-stack-protector -fno-pie -no-pie   -c -o kernel/bio.o kernel/bio.c
qemu-smoke	LAB-REQ-02 real QEMU lane (setup/source-route/fixture/smoke/fail-closed)	2026-09-12T04:46:13.6106903Z riscv64-unknown-elf-gcc -Wall -Werror -Wno-unknown-attributes -O -fno-omit-frame-pointer -ggdb -gdwarf-2 -ffile-prefix-map=/work/labs/lab-req-02-xv6-syscall/worktree=. -march=rv64gc -std=gnu99 -MD -mcmodel=medany -ffreestanding -fno-common -nostdlib -fno-builtin-strncpy -fno-builtin-strncmp -fno-builtin-strlen -fno-builtin-memset -fno-builtin-memmove -fno-builtin-memcmp -fno-builtin-log -fno-builtin-bzero -fno-builtin-strchr -fno-builtin-exit -fno-builtin-malloc -fno-builtin-putc -fno-builtin-free -fno-builtin-memcpy -Wno-main -fno-builtin-printf -fno-builtin-fprintf -fno-builtin-vprintf -I. -fno-stack-protector -fno-pie -no-pie   -c -o kernel/fs.o kernel/fs.c
qemu-smoke	LAB-REQ-02 real QEMU lane (setup/source-route/fixture/smoke/fail-closed)	2026-09-12T04:46:13.7305627Z riscv64-unknown-elf-gcc -Wall -Werror -Wno-unknown-attributes -O -fno-omit-frame-pointer -ggdb -gdwarf-2 -ffile-prefix-map=/work/labs/lab-req-02-xv6-syscall/worktree=. -march=rv64gc -std=gnu99 -MD -mcmodel=medany -ffreestanding -fno-common -nostdlib -fno-builtin-strncpy -fno-builtin-strncmp -fno-builtin-strlen -fno-builtin-memset -fno-builtin-memmove -fno-builtin-memcmp -fno-builtin-log -fno-builtin-bzero -fno-builtin-strchr -fno-builtin-exit -fno-builtin-malloc -fno-builtin-putc -fno-builtin-free -fno-builtin-memcpy -Wno-main -fno-builtin-printf -fno-builtin-fprintf -fno-builtin-vprintf -I. -fno-stack-protector -fno-pie -no-pie   -c -o kernel/log.o kernel/log.c
qemu-smoke	LAB-REQ-02 real QEMU lane (setup/source-route/fixture/smoke/fail-closed)	2026-09-12T04:46:13.7806381Z riscv64-unknown-elf-gcc -Wall -Werror -Wno-unknown-attributes -O -fno-omit-frame-pointer -ggdb -gdwarf-2 -ffile-prefix-map=/work/labs/lab-req-02-xv6-syscall/worktree=. -march=rv64gc -std=gnu99 -MD -mcmodel=medany -ffreestanding -fno-common -nostdlib -fno-builtin-strncpy -fno-builtin-strncmp -fno-builtin-strlen -fno-builtin-memset -fno-builtin-memmove -fno-builtin-memcmp -fno-builtin-log -fno-builtin-bzero -fno-builtin-strchr -fno-builtin-exit -fno-builtin-malloc -fno-builtin-putc -fno-builtin-free -fno-builtin-memcpy -Wno-main -fno-builtin-printf -fno-builtin-fprintf -fno-builtin-vprintf -I. -fno-stack-protector -fno-pie -no-pie   -c -o kernel/sleeplock.o kernel/sleeplock.c
qemu-smoke	LAB-REQ-02 real QEMU lane (setup/source-route/fixture/smoke/fail-closed)	2026-09-12T04:46:13.8064612Z riscv64-unknown-elf-gcc -Wall -Werror -Wno-unknown-attributes -O -fno-omit-frame-pointer -ggdb -gdwarf-2 -ffile-prefix-map=/work/labs/lab-req-02-xv6-syscall/worktree=. -march=rv64gc -std=gnu99 -MD -mcmodel=medany -ffreestanding -fno-common -nostdlib -fno-builtin-strncpy -fno-builtin-strncmp -fno-builtin-strlen -fno-builtin-memset -fno-builtin-memmove -fno-builtin-memcmp -fno-builtin-log -fno-builtin-bzero -fno-builtin-strchr -fno-builtin-exit -fno-builtin-malloc -fno-builtin-putc -fno-builtin-free -fno-builtin-memcpy -Wno-main -fno-builtin-printf -fno-builtin-fprintf -fno-builtin-vprintf -I. -fno-stack-protector -fno-pie -no-pie   -c -o kernel/file.o kernel/file.c
qemu-smoke	LAB-REQ-02 real QEMU lane (setup/source-route/fixture/smoke/fail-closed)	2026-09-12T04:46:13.8512750Z riscv64-unknown-elf-gcc -Wall -Werror -Wno-unknown-attributes -O -fno-omit-frame-pointer -ggdb -gdwarf-2 -ffile-prefix-map=/work/labs/lab-req-02-xv6-syscall/worktree=. -march=rv64gc -std=gnu99 -MD -mcmodel=medany -ffreestanding -fno-common -nostdlib -fno-builtin-strncpy -fno-builtin-strncmp -fno-builtin-strlen -fno-builtin-memset -fno-builtin-memmove -fno-builtin-memcmp -fno-builtin-log -fno-builtin-bzero -fno-builtin-strchr -fno-builtin-exit -fno-builtin-malloc -fno-builtin-putc -fno-builtin-free -fno-builtin-memcpy -Wno-main -fno-builtin-printf -fno-builtin-fprintf -fno-builtin-vprintf -I. -fno-stack-protector -fno-pie -no-pie   -c -o kernel/pipe.o kernel/pipe.c
qemu-smoke	LAB-REQ-02 real QEMU lane (setup/source-route/fixture/smoke/fail-closed)	2026-09-12T04:46:13.8918004Z riscv64-unknown-elf-gcc -Wall -Werror -Wno-unknown-attributes -O -fno-omit-frame-pointer -ggdb -gdwarf-2 -ffile-prefix-map=/work/labs/lab-req-02-xv6-syscall/worktree=. -march=rv64gc -std=gnu99 -MD -mcmodel=medany -ffreestanding -fno-common -nostdlib -fno-builtin-strncpy -fno-builtin-strncmp -fno-builtin-strlen -fno-builtin-memset -fno-builtin-memmove -fno-builtin-memcmp -fno-builtin-log -fno-builtin-bzero -fno-builtin-strchr -fno-builtin-exit -fno-builtin-malloc -fno-builtin-putc -fno-builtin-free -fno-builtin-memcpy -Wno-main -fno-builtin-printf -fno-builtin-fprintf -fno-builtin-vprintf -I. -fno-stack-protector -fno-pie -no-pie   -c -o kernel/exec.o kernel/exec.c
qemu-smoke	LAB-REQ-02 real QEMU lane (setup/source-route/fixture/smoke/fail-closed)	2026-09-12T04:46:13.9371184Z riscv64-unknown-elf-gcc -Wall -Werror -Wno-unknown-attributes -O -fno-omit-frame-pointer -ggdb -gdwarf-2 -ffile-prefix-map=/work/labs/lab-req-02-xv6-syscall/worktree=. -march=rv64gc -std=gnu99 -MD -mcmodel=medany -ffreestanding -fno-common -nostdlib -fno-builtin-strncpy -fno-builtin-strncmp -fno-builtin-strlen -fno-builtin-memset -fno-builtin-memmove -fno-builtin-memcmp -fno-builtin-log -fno-builtin-bzero -fno-builtin-strchr -fno-builtin-exit -fno-builtin-malloc -fno-builtin-putc -fno-builtin-free -fno-builtin-memcpy -Wno-main -fno-builtin-printf -fno-builtin-fprintf -fno-builtin-vprintf -I. -fno-stack-protector -fno-pie -no-pie   -c -o kernel/sysfile.o kernel/sysfile.c
qemu-smoke	LAB-REQ-02 real QEMU lane (setup/source-route/fixture/smoke/fail-closed)	2026-09-12T04:46:14.0192641Z riscv64-unknown-elf-gcc -march=rv64gc -g -ffile-prefix-map=/work/labs/lab-req-02-xv6-syscall/worktree=. -c -o kernel/kernelvec.o kernel/kernelvec.S
qemu-smoke	LAB-REQ-02 real QEMU lane (setup/source-route/fixture/smoke/fail-closed)	2026-09-12T04:46:14.0328267Z riscv64-unknown-elf-gcc -Wall -Werror -Wno-unknown-attributes -O -fno-omit-frame-pointer -ggdb -gdwarf-2 -ffile-prefix-map=/work/labs/lab-req-02-xv6-syscall/worktree=. -march=rv64gc -std=gnu99 -MD -mcmodel=medany -ffreestanding -fno-common -nostdlib -fno-builtin-strncpy -fno-builtin-strncmp -fno-builtin-strlen -fno-builtin-memset -fno-builtin-memmove -fno-builtin-memcmp -fno-builtin-log -fno-builtin-bzero -fno-builtin-strchr -fno-builtin-exit -fno-builtin-malloc -fno-builtin-putc -fno-builtin-free -fno-builtin-memcpy -Wno-main -fno-builtin-printf -fno-builtin-fprintf -fno-builtin-vprintf -I. -fno-stack-protector -fno-pie -no-pie   -c -o kernel/plic.o kernel/plic.c
qemu-smoke	LAB-REQ-02 real QEMU lane (setup/source-route/fixture/smoke/fail-closed)	2026-09-12T04:46:14.0557506Z riscv64-unknown-elf-gcc -Wall -Werror -Wno-unknown-attributes -O -fno-omit-frame-pointer -ggdb -gdwarf-2 -ffile-prefix-map=/work/labs/lab-req-02-xv6-syscall/worktree=. -march=rv64gc -std=gnu99 -MD -mcmodel=medany -ffreestanding -fno-common -nostdlib -fno-builtin-strncpy -fno-builtin-strncmp -fno-builtin-strlen -fno-builtin-memset -fno-builtin-memmove -fno-builtin-memcmp -fno-builtin-log -fno-builtin-bzero -fno-builtin-strchr -fno-builtin-exit -fno-builtin-malloc -fno-builtin-putc -fno-builtin-free -fno-builtin-memcpy -Wno-main -fno-builtin-printf -fno-builtin-fprintf -fno-builtin-vprintf -I. -fno-stack-protector -fno-pie -no-pie   -c -o kernel/virtio_disk.o kernel/virtio_disk.c
qemu-smoke	LAB-REQ-02 real QEMU lane (setup/source-route/fixture/smoke/fail-closed)	2026-09-12T04:46:14.1021261Z riscv64-unknown-elf-ld -z max-page-size=4096 -T kernel/kernel.ld -o kernel/kernel kernel/entry.o kernel/start.o kernel/console.o kernel/printk.o kernel/uart.o kernel/kalloc.o kernel/spinlock.o kernel/string.o kernel/main.o kernel/vm.o kernel/proc.o kernel/swtch.o kernel/trampoline.o kernel/trap.o kernel/syscall.o kernel/sysproc.o kernel/bio.o kernel/fs.o kernel/log.o kernel/sleeplock.o kernel/file.o kernel/pipe.o kernel/exec.o kernel/sysfile.o kernel/kernelvec.o kernel/plic.o kernel/virtio_disk.o 
qemu-smoke	LAB-REQ-02 real QEMU lane (setup/source-route/fixture/smoke/fail-closed)	2026-09-12T04:46:14.1104769Z riscv64-unknown-elf-ld: warning: kernel/kernel has a LOAD segment with RWX permissions
qemu-smoke	LAB-REQ-02 real QEMU lane (setup/source-route/fixture/smoke/fail-closed)	2026-09-12T04:46:14.1138682Z riscv64-unknown-elf-objdump -S kernel/kernel > kernel/kernel.asm
qemu-smoke	LAB-REQ-02 real QEMU lane (setup/source-route/fixture/smoke/fail-closed)	2026-09-12T04:46:14.1331143Z riscv64-unknown-elf-objdump -t kernel/kernel | sed '1,/SYMBOL TABLE/d; s/ .* / /; /^$/d' > kernel/kernel.sym
qemu-smoke	LAB-REQ-02 real QEMU lane (setup/source-route/fixture/smoke/fail-closed)	2026-09-12T04:46:14.1359412Z [+] Step 2: Verify disassembly relations...
qemu-smoke	LAB-REQ-02 real QEMU lane (setup/source-route/fixture/smoke/fail-closed)	2026-09-12T04:46:14.1453489Z [+] Disassembly relation verified: main -> pause stub -> ecall.
qemu-smoke	LAB-REQ-02 real QEMU lane (setup/source-route/fixture/smoke/fail-closed)	2026-09-12T04:46:14.1454142Z [+] Step 3: Marker predicate self-check (echo-only must not PASS)...
qemu-smoke	LAB-REQ-02 real QEMU lane (setup/source-route/fixture/smoke/fail-closed)	2026-09-12T04:46:14.1547032Z MARKER_SELF_CHECK: PASS
qemu-smoke	LAB-REQ-02 real QEMU lane (setup/source-route/fixture/smoke/fail-closed)	2026-09-12T04:46:14.1547577Z Echoed command text alone cannot satisfy the execution-marker predicate.
qemu-smoke	LAB-REQ-02 real QEMU lane (setup/source-route/fixture/smoke/fail-closed)	2026-09-12T04:46:14.1567969Z [+] Step 4: Run bounded, prompt-paced QEMU shell test...
qemu-smoke	LAB-REQ-02 real QEMU lane (setup/source-route/fixture/smoke/fail-closed)	2026-09-12T04:46:15.6872924Z qemu-system-riscv64 -machine virt -bios none -kernel kernel/kernel -m 128M -smp 3 -nographic -global virtio-mmio.force-legacy=false -drive file=fs.img,if=none,format=raw,id=x0 -device virtio-blk-device,drive=x0,bus=virtio-mmio-bus.0
qemu-smoke	LAB-REQ-02 real QEMU lane (setup/source-route/fixture/smoke/fail-closed)	2026-09-12T04:46:15.6873875Z 
qemu-smoke	LAB-REQ-02 real QEMU lane (setup/source-route/fixture/smoke/fail-closed)	2026-09-12T04:46:15.6873964Z xv6 kernel is booting
qemu-smoke	LAB-REQ-02 real QEMU lane (setup/source-route/fixture/smoke/fail-closed)	2026-09-12T04:46:15.6874127Z 
qemu-smoke	LAB-REQ-02 real QEMU lane (setup/source-route/fixture/smoke/fail-closed)	2026-09-12T04:46:15.6874203Z hart 2 starting
qemu-smoke	LAB-REQ-02 real QEMU lane (setup/source-route/fixture/smoke/fail-closed)	2026-09-12T04:46:15.6874396Z hart 1 starting
qemu-smoke	LAB-REQ-02 real QEMU lane (setup/source-route/fixture/smoke/fail-closed)	2026-09-12T04:46:15.6874591Z init: starting sh
qemu-smoke	LAB-REQ-02 real QEMU lane (setup/source-route/fixture/smoke/fail-closed)	2026-09-12T04:46:15.6874778Z $ sleep
qemu-smoke	LAB-REQ-02 real QEMU lane (setup/source-route/fixture/smoke/fail-closed)	2026-09-12T04:46:15.6874954Z Usage: sleep ticks
qemu-smoke	LAB-REQ-02 real QEMU lane (setup/source-route/fixture/smoke/fail-closed)	2026-09-12T04:46:15.6875145Z $ sleep 10
qemu-smoke	LAB-REQ-02 real QEMU lane (setup/source-route/fixture/smoke/fail-closed)	2026-09-12T04:46:15.6875326Z $ echo LAB_REQ_02_OK
qemu-smoke	LAB-REQ-02 real QEMU lane (setup/source-route/fixture/smoke/fail-closed)	2026-09-12T04:46:15.6875525Z LAB_REQ_02_OK
qemu-smoke	LAB-REQ-02 real QEMU lane (setup/source-route/fixture/smoke/fail-closed)	2026-09-12T04:46:15.6875717Z $ 
qemu-smoke	LAB-REQ-02 real QEMU lane (setup/source-route/fixture/smoke/fail-closed)	2026-09-12T04:46:15.6876985Z QEMU_SMOKE_STATUS: PASS
qemu-smoke	LAB-REQ-02 real QEMU lane (setup/source-route/fixture/smoke/fail-closed)	2026-09-12T04:46:15.6877389Z USAGE_OUTPUT_OBSERVED: YES
qemu-smoke	LAB-REQ-02 real QEMU lane (setup/source-route/fixture/smoke/fail-closed)	2026-09-12T04:46:15.6877769Z SLEEP10_RETURNED: YES
qemu-smoke	LAB-REQ-02 real QEMU lane (setup/source-route/fixture/smoke/fail-closed)	2026-09-12T04:46:15.6878138Z EXECUTION_MARKER_OBSERVED: YES
qemu-smoke	LAB-REQ-02 real QEMU lane (setup/source-route/fixture/smoke/fail-closed)	2026-09-12T04:46:15.6878530Z QEMU_REAPED: TRUE
qemu-smoke	LAB-REQ-02 real QEMU lane (setup/source-route/fixture/smoke/fail-closed)	2026-09-12T04:46:15.6878867Z PID_MARKER_CLEAN: YES
qemu-smoke	LAB-REQ-02 real QEMU lane (setup/source-route/fixture/smoke/fail-closed)	2026-09-12T04:46:15.6933775Z === LAB-REQ-02 Smoke Test PASS ===
qemu-smoke	LAB-REQ-02 real QEMU lane (setup/source-route/fixture/smoke/fail-closed)	2026-09-12T04:46:15.7007232Z REQ02_SMOKE_EVIDENCE: FAIL-CLOSED POSTCONDITION PASS
qemu-smoke	LAB-REQ-02 cleanup truth (pin restored, residue gone, no strays)	﻿2026-09-12T04:46:15.7784200Z ##[group]Run docker run --rm -v "${CI_TREE}:/work" -w /work "${CANONICAL_IMAGE}" bash -c '
qemu-smoke	LAB-REQ-02 cleanup truth (pin restored, residue gone, no strays)	2026-09-12T04:46:15.7784840Z ^[[36;1mdocker run --rm -v "${CI_TREE}:/work" -w /work "${CANONICAL_IMAGE}" bash -c '^[[0m
qemu-smoke	LAB-REQ-02 cleanup truth (pin restored, residue gone, no strays)	2026-09-12T04:46:15.7785247Z ^[[36;1m  set -ueo pipefail^[[0m
qemu-smoke	LAB-REQ-02 cleanup truth (pin restored, residue gone, no strays)	2026-09-12T04:46:15.7785516Z ^[[36;1m  cd labs/lab-req-02-xv6-syscall^[[0m
qemu-smoke	LAB-REQ-02 cleanup truth (pin restored, residue gone, no strays)	2026-09-12T04:46:15.7786611Z ^[[36;1m  ./reset.sh^[[0m
qemu-smoke	LAB-REQ-02 cleanup truth (pin restored, residue gone, no strays)	2026-09-12T04:46:15.7787056Z ^[[36;1m  test "$(git -C worktree rev-parse HEAD)" = "35b088427ef37611c38afdeed5a52a278cae38f9"^[[0m
qemu-smoke	LAB-REQ-02 cleanup truth (pin restored, residue gone, no strays)	2026-09-12T04:46:15.7787802Z ^[[36;1m  test -z "$(git -C worktree status --porcelain)"^[[0m
qemu-smoke	LAB-REQ-02 cleanup truth (pin restored, residue gone, no strays)	2026-09-12T04:46:15.7788140Z ^[[36;1m  test ! -e .qemu_smoke.pid^[[0m
qemu-smoke	LAB-REQ-02 cleanup truth (pin restored, residue gone, no strays)	2026-09-12T04:46:15.7788479Z ^[[36;1m  test -z "$(pgrep -f "[q]emu-system-riscv64" || true)"^[[0m
qemu-smoke	LAB-REQ-02 cleanup truth (pin restored, residue gone, no strays)	2026-09-12T04:46:15.7788824Z ^[[36;1m  echo REQ02_CLEANUP_TRUTH_DONE'^[[0m
qemu-smoke	LAB-REQ-02 cleanup truth (pin restored, residue gone, no strays)	2026-09-12T04:46:15.7823991Z shell: /usr/bin/bash -e {0}
qemu-smoke	LAB-REQ-02 cleanup truth (pin restored, residue gone, no strays)	2026-09-12T04:46:15.7824291Z env:
qemu-smoke	LAB-REQ-02 cleanup truth (pin restored, residue gone, no strays)	2026-09-12T04:46:15.7824484Z   CI_TREE: /tmp/ci-tree
qemu-smoke	LAB-REQ-02 cleanup truth (pin restored, residue gone, no strays)	2026-09-12T04:46:15.7825034Z   CANONICAL_IMAGE: ghcr.io/cn-jjb/essential-cs/canonical@sha256:766ce07ba3073cc28049ff07d6d4f643bd6e3cc7a7967a3ebd2bb8738219e460
qemu-smoke	LAB-REQ-02 cleanup truth (pin restored, residue gone, no strays)	2026-09-12T04:46:15.7826194Z   CANONICAL_IMAGE_DIGEST: sha256:766ce07ba3073cc28049ff07d6d4f643bd6e3cc7a7967a3ebd2bb8738219e460
qemu-smoke	LAB-REQ-02 cleanup truth (pin restored, residue gone, no strays)	2026-09-12T04:46:15.7826757Z   CANONICAL_IMAGE_REF: ghcr.io/cn-jjb/essential-cs/canonical
qemu-smoke	LAB-REQ-02 cleanup truth (pin restored, residue gone, no strays)	2026-09-12T04:46:15.7827081Z ##[endgroup]
qemu-smoke	LAB-REQ-02 cleanup truth (pin restored, residue gone, no strays)	2026-09-12T04:46:15.9485595Z === LAB-REQ-02 Reset ===
qemu-smoke	LAB-REQ-02 cleanup truth (pin restored, residue gone, no strays)	2026-09-12T04:46:15.9516480Z [*] Restoring dedicated xv6 worktree to exact pinned commit...
qemu-smoke	LAB-REQ-02 cleanup truth (pin restored, residue gone, no strays)	2026-09-12T04:46:15.9570188Z HEAD is now at 35b0884 test for nlink overflow
qemu-smoke	LAB-REQ-02 cleanup truth (pin restored, residue gone, no strays)	2026-09-12T04:46:15.9666407Z Removing fs.img
qemu-smoke	LAB-REQ-02 cleanup truth (pin restored, residue gone, no strays)	2026-09-12T04:46:15.9667172Z Removing kernel/bio.d
qemu-smoke	LAB-REQ-02 cleanup truth (pin restored, residue gone, no strays)	2026-09-12T04:46:15.9667809Z Removing kernel/bio.o
qemu-smoke	LAB-REQ-02 cleanup truth (pin restored, residue gone, no strays)	2026-09-12T04:46:15.9668454Z Removing kernel/console.d
qemu-smoke	LAB-REQ-02 cleanup truth (pin restored, residue gone, no strays)	2026-09-12T04:46:15.9669071Z Removing kernel/console.o
qemu-smoke	LAB-REQ-02 cleanup truth (pin restored, residue gone, no strays)	2026-09-12T04:46:15.9669693Z Removing kernel/entry.o
qemu-smoke	LAB-REQ-02 cleanup truth (pin restored, residue gone, no strays)	2026-09-12T04:46:15.9670324Z Removing kernel/exec.d
qemu-smoke	LAB-REQ-02 cleanup truth (pin restored, residue gone, no strays)	2026-09-12T04:46:15.9670945Z Removing kernel/exec.o
qemu-smoke	LAB-REQ-02 cleanup truth (pin restored, residue gone, no strays)	2026-09-12T04:46:15.9671590Z Removing kernel/file.d
qemu-smoke	LAB-REQ-02 cleanup truth (pin restored, residue gone, no strays)	2026-09-12T04:46:15.9672196Z Removing kernel/file.o
qemu-smoke	LAB-REQ-02 cleanup truth (pin restored, residue gone, no strays)	2026-09-12T04:46:15.9672799Z Removing kernel/fs.d
qemu-smoke	LAB-REQ-02 cleanup truth (pin restored, residue gone, no strays)	2026-09-12T04:46:15.9673424Z Removing kernel/fs.o
qemu-smoke	LAB-REQ-02 cleanup truth (pin restored, residue gone, no strays)	2026-09-12T04:46:15.9674013Z Removing kernel/kalloc.d
qemu-smoke	LAB-REQ-02 cleanup truth (pin restored, residue gone, no strays)	2026-09-12T04:46:15.9674649Z Removing kernel/kalloc.o
qemu-smoke	LAB-REQ-02 cleanup truth (pin restored, residue gone, no strays)	2026-09-12T04:46:15.9675341Z Removing kernel/kernel
qemu-smoke	LAB-REQ-02 cleanup truth (pin restored, residue gone, no strays)	2026-09-12T04:46:15.9676277Z Removing kernel/kernel.asm
qemu-smoke	LAB-REQ-02 cleanup truth (pin restored, residue gone, no strays)	2026-09-12T04:46:15.9676862Z Removing kernel/kernel.sym
qemu-smoke	LAB-REQ-02 cleanup truth (pin restored, residue gone, no strays)	2026-09-12T04:46:15.9677593Z Removing kernel/kernelvec.o
qemu-smoke	LAB-REQ-02 cleanup truth (pin restored, residue gone, no strays)	2026-09-12T04:46:15.9678281Z Removing kernel/log.d
qemu-smoke	LAB-REQ-02 cleanup truth (pin restored, residue gone, no strays)	2026-09-12T04:46:15.9679022Z Removing kernel/log.o
qemu-smoke	LAB-REQ-02 cleanup truth (pin restored, residue gone, no strays)	2026-09-12T04:46:15.9679870Z Removing kernel/main.d
qemu-smoke	LAB-REQ-02 cleanup truth (pin restored, residue gone, no strays)	2026-09-12T04:46:15.9680504Z Removing kernel/main.o
qemu-smoke	LAB-REQ-02 cleanup truth (pin restored, residue gone, no strays)	2026-09-12T04:46:15.9681188Z Removing kernel/pipe.d
qemu-smoke	LAB-REQ-02 cleanup truth (pin restored, residue gone, no strays)	2026-09-12T04:46:15.9681835Z Removing kernel/pipe.o
qemu-smoke	LAB-REQ-02 cleanup truth (pin restored, residue gone, no strays)	2026-09-12T04:46:15.9682445Z Removing kernel/plic.d
qemu-smoke	LAB-REQ-02 cleanup truth (pin restored, residue gone, no strays)	2026-09-12T04:46:15.9683085Z Removing kernel/plic.o
qemu-smoke	LAB-REQ-02 cleanup truth (pin restored, residue gone, no strays)	2026-09-12T04:46:15.9683707Z Removing kernel/printk.d
qemu-smoke	LAB-REQ-02 cleanup truth (pin restored, residue gone, no strays)	2026-09-12T04:46:15.9684389Z Removing kernel/printk.o
qemu-smoke	LAB-REQ-02 cleanup truth (pin restored, residue gone, no strays)	2026-09-12T04:46:15.9684988Z Removing kernel/proc.d
qemu-smoke	LAB-REQ-02 cleanup truth (pin restored, residue gone, no strays)	2026-09-12T04:46:15.9685603Z Removing kernel/proc.o
qemu-smoke	LAB-REQ-02 cleanup truth (pin restored, residue gone, no strays)	2026-09-12T04:46:15.9686760Z Removing kernel/sleeplock.d
qemu-smoke	LAB-REQ-02 cleanup truth (pin restored, residue gone, no strays)	2026-09-12T04:46:15.9687502Z Removing kernel/sleeplock.o
qemu-smoke	LAB-REQ-02 cleanup truth (pin restored, residue gone, no strays)	2026-09-12T04:46:15.9688148Z Removing kernel/spinlock.d
qemu-smoke	LAB-REQ-02 cleanup truth (pin restored, residue gone, no strays)	2026-09-12T04:46:15.9688787Z Removing kernel/spinlock.o
qemu-smoke	LAB-REQ-02 cleanup truth (pin restored, residue gone, no strays)	2026-09-12T04:46:15.9689405Z Removing kernel/start.d
qemu-smoke	LAB-REQ-02 cleanup truth (pin restored, residue gone, no strays)	2026-09-12T04:46:15.9689995Z Removing kernel/start.o
qemu-smoke	LAB-REQ-02 cleanup truth (pin restored, residue gone, no strays)	2026-09-12T04:46:15.9690592Z Removing kernel/string.d
qemu-smoke	LAB-REQ-02 cleanup truth (pin restored, residue gone, no strays)	2026-09-12T04:46:15.9691232Z Removing kernel/string.o
qemu-smoke	LAB-REQ-02 cleanup truth (pin restored, residue gone, no strays)	2026-09-12T04:46:15.9691851Z Removing kernel/swtch.o
qemu-smoke	LAB-REQ-02 cleanup truth (pin restored, residue gone, no strays)	2026-09-12T04:46:15.9692471Z Removing kernel/syscall.d
qemu-smoke	LAB-REQ-02 cleanup truth (pin restored, residue gone, no strays)	2026-09-12T04:46:15.9693099Z Removing kernel/syscall.o
qemu-smoke	LAB-REQ-02 cleanup truth (pin restored, residue gone, no strays)	2026-09-12T04:46:15.9693723Z Removing kernel/sysfile.d
qemu-smoke	LAB-REQ-02 cleanup truth (pin restored, residue gone, no strays)	2026-09-12T04:46:15.9694352Z Removing kernel/sysfile.o
qemu-smoke	LAB-REQ-02 cleanup truth (pin restored, residue gone, no strays)	2026-09-12T04:46:15.9694982Z Removing kernel/sysproc.d
qemu-smoke	LAB-REQ-02 cleanup truth (pin restored, residue gone, no strays)	2026-09-12T04:46:15.9695601Z Removing kernel/sysproc.o
qemu-smoke	LAB-REQ-02 cleanup truth (pin restored, residue gone, no strays)	2026-09-12T04:46:15.9696557Z Removing kernel/trampoline.o
qemu-smoke	LAB-REQ-02 cleanup truth (pin restored, residue gone, no strays)	2026-09-12T04:46:15.9697615Z Removing kernel/trap.d
qemu-smoke	LAB-REQ-02 cleanup truth (pin restored, residue gone, no strays)	2026-09-12T04:46:15.9698255Z Removing kernel/trap.o
qemu-smoke	LAB-REQ-02 cleanup truth (pin restored, residue gone, no strays)	2026-09-12T04:46:15.9698867Z Removing kernel/uart.d
qemu-smoke	LAB-REQ-02 cleanup truth (pin restored, residue gone, no strays)	2026-09-12T04:46:15.9699466Z Removing kernel/uart.o
qemu-smoke	LAB-REQ-02 cleanup truth (pin restored, residue gone, no strays)	2026-09-12T04:46:15.9700095Z Removing kernel/virtio_disk.d
qemu-smoke	LAB-REQ-02 cleanup truth (pin restored, residue gone, no strays)	2026-09-12T04:46:15.9700762Z Removing kernel/virtio_disk.o
qemu-smoke	LAB-REQ-02 cleanup truth (pin restored, residue gone, no strays)	2026-09-12T04:46:15.9701401Z Removing kernel/vm.d
qemu-smoke	LAB-REQ-02 cleanup truth (pin restored, residue gone, no strays)	2026-09-12T04:46:15.9702002Z Removing kernel/vm.o
qemu-smoke	LAB-REQ-02 cleanup truth (pin restored, residue gone, no strays)	2026-09-12T04:46:15.9702593Z Removing mkfs/mkfs
qemu-smoke	LAB-REQ-02 cleanup truth (pin restored, residue gone, no strays)	2026-09-12T04:46:15.9703185Z Removing user/_cat
qemu-smoke	LAB-REQ-02 cleanup truth (pin restored, residue gone, no strays)	2026-09-12T04:46:15.9704045Z Removing user/_dorphan
qemu-smoke	LAB-REQ-02 cleanup truth (pin restored, residue gone, no strays)	2026-09-12T04:46:15.9704652Z Removing user/_echo
qemu-smoke	LAB-REQ-02 cleanup truth (pin restored, residue gone, no strays)	2026-09-12T04:46:15.9705255Z Removing user/_forktest
qemu-smoke	LAB-REQ-02 cleanup truth (pin restored, residue gone, no strays)	2026-09-12T04:46:15.9706177Z Removing user/_forphan
qemu-smoke	LAB-REQ-02 cleanup truth (pin restored, residue gone, no strays)	2026-09-12T04:46:15.9706730Z Removing user/_grep
qemu-smoke	LAB-REQ-02 cleanup truth (pin restored, residue gone, no strays)	2026-09-12T04:46:15.9707329Z Removing user/_grind
qemu-smoke	LAB-REQ-02 cleanup truth (pin restored, residue gone, no strays)	2026-09-12T04:46:15.9707921Z Removing user/_init
qemu-smoke	LAB-REQ-02 cleanup truth (pin restored, residue gone, no strays)	2026-09-12T04:46:15.9708512Z Removing user/_kill
qemu-smoke	LAB-REQ-02 cleanup truth (pin restored, residue gone, no strays)	2026-09-12T04:46:15.9709089Z Removing user/_ln
qemu-smoke	LAB-REQ-02 cleanup truth (pin restored, residue gone, no strays)	2026-09-12T04:46:15.9709674Z Removing user/_logstress
qemu-smoke	LAB-REQ-02 cleanup truth (pin restored, residue gone, no strays)	2026-09-12T04:46:15.9710314Z Removing user/_ls
qemu-smoke	LAB-REQ-02 cleanup truth (pin restored, residue gone, no strays)	2026-09-12T04:46:15.9710895Z Removing user/_mkdir
qemu-smoke	LAB-REQ-02 cleanup truth (pin restored, residue gone, no strays)	2026-09-12T04:46:15.9711482Z Removing user/_rm
qemu-smoke	LAB-REQ-02 cleanup truth (pin restored, residue gone, no strays)	2026-09-12T04:46:15.9712055Z Removing user/_sh
qemu-smoke	LAB-REQ-02 cleanup truth (pin restored, residue gone, no strays)	2026-09-12T04:46:15.9712633Z Removing user/_sleep
qemu-smoke	LAB-REQ-02 cleanup truth (pin restored, residue gone, no strays)	2026-09-12T04:46:15.9713220Z Removing user/_stressfs
qemu-smoke	LAB-REQ-02 cleanup truth (pin restored, residue gone, no strays)	2026-09-12T04:46:15.9713806Z Removing user/_sync
qemu-smoke	LAB-REQ-02 cleanup truth (pin restored, residue gone, no strays)	2026-09-12T04:46:15.9714382Z Removing user/_usertests
qemu-smoke	LAB-REQ-02 cleanup truth (pin restored, residue gone, no strays)	2026-09-12T04:46:15.9715385Z Removing user/_wc
qemu-smoke	LAB-REQ-02 cleanup truth (pin restored, residue gone, no strays)	2026-09-12T04:46:15.9716409Z Removing user/_zombie
qemu-smoke	LAB-REQ-02 cleanup truth (pin restored, residue gone, no strays)	2026-09-12T04:46:15.9717063Z Removing user/cat.asm
qemu-smoke	LAB-REQ-02 cleanup truth (pin restored, residue gone, no strays)	2026-09-12T04:46:15.9717678Z Removing user/cat.d
qemu-smoke	LAB-REQ-02 cleanup truth (pin restored, residue gone, no strays)	2026-09-12T04:46:15.9718242Z Removing user/cat.o
qemu-smoke	LAB-REQ-02 cleanup truth (pin restored, residue gone, no strays)	2026-09-12T04:46:15.9718860Z Removing user/cat.sym
qemu-smoke	LAB-REQ-02 cleanup truth (pin restored, residue gone, no strays)	2026-09-12T04:46:15.9719482Z Removing user/dorphan.asm
qemu-smoke	LAB-REQ-02 cleanup truth (pin restored, residue gone, no strays)	2026-09-12T04:46:15.9720126Z Removing user/dorphan.d
qemu-smoke	LAB-REQ-02 cleanup truth (pin restored, residue gone, no strays)	2026-09-12T04:46:15.9720737Z Removing user/dorphan.o
qemu-smoke	LAB-REQ-02 cleanup truth (pin restored, residue gone, no strays)	2026-09-12T04:46:15.9721361Z Removing user/dorphan.sym
qemu-smoke	LAB-REQ-02 cleanup truth (pin restored, residue gone, no strays)	2026-09-12T04:46:15.9721975Z Removing user/echo.asm
qemu-smoke	LAB-REQ-02 cleanup truth (pin restored, residue gone, no strays)	2026-09-12T04:46:15.9722572Z Removing user/echo.d
qemu-smoke	LAB-REQ-02 cleanup truth (pin restored, residue gone, no strays)	2026-09-12T04:46:15.9723173Z Removing user/echo.o
qemu-smoke	LAB-REQ-02 cleanup truth (pin restored, residue gone, no strays)	2026-09-12T04:46:15.9723765Z Removing user/echo.sym
qemu-smoke	LAB-REQ-02 cleanup truth (pin restored, residue gone, no strays)	2026-09-12T04:46:15.9724385Z Removing user/forktest.asm
qemu-smoke	LAB-REQ-02 cleanup truth (pin restored, residue gone, no strays)	2026-09-12T04:46:15.9725025Z Removing user/forktest.d
qemu-smoke	LAB-REQ-02 cleanup truth (pin restored, residue gone, no strays)	2026-09-12T04:46:15.9725647Z Removing user/forktest.o
qemu-smoke	LAB-REQ-02 cleanup truth (pin restored, residue gone, no strays)	2026-09-12T04:46:15.9726647Z Removing user/forphan.asm
qemu-smoke	LAB-REQ-02 cleanup truth (pin restored, residue gone, no strays)	2026-09-12T04:46:15.9727316Z Removing user/forphan.d
qemu-smoke	LAB-REQ-02 cleanup truth (pin restored, residue gone, no strays)	2026-09-12T04:46:15.9727989Z Removing user/forphan.o
qemu-smoke	LAB-REQ-02 cleanup truth (pin restored, residue gone, no strays)	2026-09-12T04:46:15.9728615Z Removing user/forphan.sym
qemu-smoke	LAB-REQ-02 cleanup truth (pin restored, residue gone, no strays)	2026-09-12T04:46:15.9729235Z Removing user/grep.asm
qemu-smoke	LAB-REQ-02 cleanup truth (pin restored, residue gone, no strays)	2026-09-12T04:46:15.9729847Z Removing user/grep.d
qemu-smoke	LAB-REQ-02 cleanup truth (pin restored, residue gone, no strays)	2026-09-12T04:46:15.9730439Z Removing user/grep.o
qemu-smoke	LAB-REQ-02 cleanup truth (pin restored, residue gone, no strays)	2026-09-12T04:46:15.9731029Z Removing user/grep.sym
qemu-smoke	LAB-REQ-02 cleanup truth (pin restored, residue gone, no strays)	2026-09-12T04:46:15.9731630Z Removing user/grind.asm
qemu-smoke	LAB-REQ-02 cleanup truth (pin restored, residue gone, no strays)	2026-09-12T04:46:15.9732241Z Removing user/grind.d
qemu-smoke	LAB-REQ-02 cleanup truth (pin restored, residue gone, no strays)	2026-09-12T04:46:15.9732839Z Removing user/grind.o
qemu-smoke	LAB-REQ-02 cleanup truth (pin restored, residue gone, no strays)	2026-09-12T04:46:15.9733445Z Removing user/grind.sym
qemu-smoke	LAB-REQ-02 cleanup truth (pin restored, residue gone, no strays)	2026-09-12T04:46:15.9734057Z Removing user/init.asm
qemu-smoke	LAB-REQ-02 cleanup truth (pin restored, residue gone, no strays)	2026-09-12T04:46:15.9734654Z Removing user/init.d
qemu-smoke	LAB-REQ-02 cleanup truth (pin restored, residue gone, no strays)	2026-09-12T04:46:15.9735246Z Removing user/init.o
qemu-smoke	LAB-REQ-02 cleanup truth (pin restored, residue gone, no strays)	2026-09-12T04:46:15.9736099Z Removing user/init.sym
qemu-smoke	LAB-REQ-02 cleanup truth (pin restored, residue gone, no strays)	2026-09-12T04:46:15.9736668Z Removing user/kill.asm
qemu-smoke	LAB-REQ-02 cleanup truth (pin restored, residue gone, no strays)	2026-09-12T04:46:15.9737273Z Removing user/kill.d
qemu-smoke	LAB-REQ-02 cleanup truth (pin restored, residue gone, no strays)	2026-09-12T04:46:15.9737850Z Removing user/kill.o
qemu-smoke	LAB-REQ-02 cleanup truth (pin restored, residue gone, no strays)	2026-09-12T04:46:15.9738413Z Removing user/kill.sym
qemu-smoke	LAB-REQ-02 cleanup truth (pin restored, residue gone, no strays)	2026-09-12T04:46:15.9739014Z Removing user/ln.asm
qemu-smoke	LAB-REQ-02 cleanup truth (pin restored, residue gone, no strays)	2026-09-12T04:46:15.9739605Z Removing user/ln.d
qemu-smoke	LAB-REQ-02 cleanup truth (pin restored, residue gone, no strays)	2026-09-12T04:46:15.9740184Z Removing user/ln.o
qemu-smoke	LAB-REQ-02 cleanup truth (pin restored, residue gone, no strays)	2026-09-12T04:46:15.9740768Z Removing user/ln.sym
qemu-smoke	LAB-REQ-02 cleanup truth (pin restored, residue gone, no strays)	2026-09-12T04:46:15.9741387Z Removing user/logstress.asm
qemu-smoke	LAB-REQ-02 cleanup truth (pin restored, residue gone, no strays)	2026-09-12T04:46:15.9742032Z Removing user/logstress.d
qemu-smoke	LAB-REQ-02 cleanup truth (pin restored, residue gone, no strays)	2026-09-12T04:46:15.9742662Z Removing user/logstress.o
qemu-smoke	LAB-REQ-02 cleanup truth (pin restored, residue gone, no strays)	2026-09-12T04:46:15.9743285Z Removing user/logstress.sym
qemu-smoke	LAB-REQ-02 cleanup truth (pin restored, residue gone, no strays)	2026-09-12T04:46:15.9743918Z Removing user/ls.asm
qemu-smoke	LAB-REQ-02 cleanup truth (pin restored, residue gone, no strays)	2026-09-12T04:46:15.9744516Z Removing user/ls.d
qemu-smoke	LAB-REQ-02 cleanup truth (pin restored, residue gone, no strays)	2026-09-12T04:46:15.9745095Z Removing user/ls.o
qemu-smoke	LAB-REQ-02 cleanup truth (pin restored, residue gone, no strays)	2026-09-12T04:46:15.9745683Z Removing user/ls.sym
qemu-smoke	LAB-REQ-02 cleanup truth (pin restored, residue gone, no strays)	2026-09-12T04:46:15.9746712Z Removing user/mkdir.asm
qemu-smoke	LAB-REQ-02 cleanup truth (pin restored, residue gone, no strays)	2026-09-12T04:46:15.9747316Z Removing user/mkdir.d
qemu-smoke	LAB-REQ-02 cleanup truth (pin restored, residue gone, no strays)	2026-09-12T04:46:15.9747900Z Removing user/mkdir.o
qemu-smoke	LAB-REQ-02 cleanup truth (pin restored, residue gone, no strays)	2026-09-12T04:46:15.9748968Z Removing user/mkdir.sym
qemu-smoke	LAB-REQ-02 cleanup truth (pin restored, residue gone, no strays)	2026-09-12T04:46:15.9749645Z Removing user/printf.d
qemu-smoke	LAB-REQ-02 cleanup truth (pin restored, residue gone, no strays)	2026-09-12T04:46:15.9750261Z Removing user/printf.o
qemu-smoke	LAB-REQ-02 cleanup truth (pin restored, residue gone, no strays)	2026-09-12T04:46:15.9750870Z Removing user/rm.asm
qemu-smoke	LAB-REQ-02 cleanup truth (pin restored, residue gone, no strays)	2026-09-12T04:46:15.9751458Z Removing user/rm.d
qemu-smoke	LAB-REQ-02 cleanup truth (pin restored, residue gone, no strays)	2026-09-12T04:46:15.9752052Z Removing user/rm.o
qemu-smoke	LAB-REQ-02 cleanup truth (pin restored, residue gone, no strays)	2026-09-12T04:46:15.9752646Z Removing user/rm.sym
qemu-smoke	LAB-REQ-02 cleanup truth (pin restored, residue gone, no strays)	2026-09-12T04:46:15.9753238Z Removing user/sh.asm
qemu-smoke	LAB-REQ-02 cleanup truth (pin restored, residue gone, no strays)	2026-09-12T04:46:15.9753809Z Removing user/sh.d
qemu-smoke	LAB-REQ-02 cleanup truth (pin restored, residue gone, no strays)	2026-09-12T04:46:15.9754365Z Removing user/sh.o
qemu-smoke	LAB-REQ-02 cleanup truth (pin restored, residue gone, no strays)	2026-09-12T04:46:15.9755181Z Removing user/sh.sym
qemu-smoke	LAB-REQ-02 cleanup truth (pin restored, residue gone, no strays)	2026-09-12T04:46:15.9756096Z Removing user/sleep.asm
qemu-smoke	LAB-REQ-02 cleanup truth (pin restored, residue gone, no strays)	2026-09-12T04:46:15.9756669Z Removing user/sleep.c
qemu-smoke	LAB-REQ-02 cleanup truth (pin restored, residue gone, no strays)	2026-09-12T04:46:15.9757287Z Removing user/sleep.d
qemu-smoke	LAB-REQ-02 cleanup truth (pin restored, residue gone, no strays)	2026-09-12T04:46:15.9757888Z Removing user/sleep.o
qemu-smoke	LAB-REQ-02 cleanup truth (pin restored, residue gone, no strays)	2026-09-12T04:46:15.9758514Z Removing user/sleep.sym
qemu-smoke	LAB-REQ-02 cleanup truth (pin restored, residue gone, no strays)	2026-09-12T04:46:15.9759134Z Removing user/stressfs.asm
qemu-smoke	LAB-REQ-02 cleanup truth (pin restored, residue gone, no strays)	2026-09-12T04:46:15.9759782Z Removing user/stressfs.d
qemu-smoke	LAB-REQ-02 cleanup truth (pin restored, residue gone, no strays)	2026-09-12T04:46:15.9760415Z Removing user/stressfs.o
qemu-smoke	LAB-REQ-02 cleanup truth (pin restored, residue gone, no strays)	2026-09-12T04:46:15.9761037Z Removing user/stressfs.sym
qemu-smoke	LAB-REQ-02 cleanup truth (pin restored, residue gone, no strays)	2026-09-12T04:46:15.9761675Z Removing user/sync.asm
qemu-smoke	LAB-REQ-02 cleanup truth (pin restored, residue gone, no strays)	2026-09-12T04:46:15.9762302Z Removing user/sync.d
qemu-smoke	LAB-REQ-02 cleanup truth (pin restored, residue gone, no strays)	2026-09-12T04:46:15.9762908Z Removing user/sync.o
qemu-smoke	LAB-REQ-02 cleanup truth (pin restored, residue gone, no strays)	2026-09-12T04:46:15.9763841Z Removing user/sync.sym
qemu-smoke	LAB-REQ-02 cleanup truth (pin restored, residue gone, no strays)	2026-09-12T04:46:15.9764462Z Removing user/ulib.d
qemu-smoke	LAB-REQ-02 cleanup truth (pin restored, residue gone, no strays)	2026-09-12T04:46:15.9765070Z Removing user/ulib.o
qemu-smoke	LAB-REQ-02 cleanup truth (pin restored, residue gone, no strays)	2026-09-12T04:46:15.9765724Z Removing user/umalloc.d
qemu-smoke	LAB-REQ-02 cleanup truth (pin restored, residue gone, no strays)	2026-09-12T04:46:15.9766734Z Removing user/umalloc.o
qemu-smoke	LAB-REQ-02 cleanup truth (pin restored, residue gone, no strays)	2026-09-12T04:46:15.9767457Z Removing user/usertests.asm
qemu-smoke	LAB-REQ-02 cleanup truth (pin restored, residue gone, no strays)	2026-09-12T04:46:15.9768178Z Removing user/usertests.d
qemu-smoke	LAB-REQ-02 cleanup truth (pin restored, residue gone, no strays)	2026-09-12T04:46:15.9768785Z Removing user/usertests.o
qemu-smoke	LAB-REQ-02 cleanup truth (pin restored, residue gone, no strays)	2026-09-12T04:46:15.9769381Z Removing user/usertests.sym
qemu-smoke	LAB-REQ-02 cleanup truth (pin restored, residue gone, no strays)	2026-09-12T04:46:15.9769968Z Removing user/usys.S
qemu-smoke	LAB-REQ-02 cleanup truth (pin restored, residue gone, no strays)	2026-09-12T04:46:15.9770573Z Removing user/usys.d
qemu-smoke	LAB-REQ-02 cleanup truth (pin restored, residue gone, no strays)	2026-09-12T04:46:15.9771126Z Removing user/usys.o
qemu-smoke	LAB-REQ-02 cleanup truth (pin restored, residue gone, no strays)	2026-09-12T04:46:15.9771727Z Removing user/wc.asm
qemu-smoke	LAB-REQ-02 cleanup truth (pin restored, residue gone, no strays)	2026-09-12T04:46:15.9772284Z Removing user/wc.d
qemu-smoke	LAB-REQ-02 cleanup truth (pin restored, residue gone, no strays)	2026-09-12T04:46:15.9772838Z Removing user/wc.o
qemu-smoke	LAB-REQ-02 cleanup truth (pin restored, residue gone, no strays)	2026-09-12T04:46:15.9773388Z Removing user/wc.sym
qemu-smoke	LAB-REQ-02 cleanup truth (pin restored, residue gone, no strays)	2026-09-12T04:46:15.9773978Z Removing user/zombie.asm
qemu-smoke	LAB-REQ-02 cleanup truth (pin restored, residue gone, no strays)	2026-09-12T04:46:15.9774614Z Removing user/zombie.d
qemu-smoke	LAB-REQ-02 cleanup truth (pin restored, residue gone, no strays)	2026-09-12T04:46:15.9775268Z Removing user/zombie.o
qemu-smoke	LAB-REQ-02 cleanup truth (pin restored, residue gone, no strays)	2026-09-12T04:46:15.9776129Z Removing user/zombie.sym
qemu-smoke	LAB-REQ-02 cleanup truth (pin restored, residue gone, no strays)	2026-09-12T04:46:15.9776966Z [+] Worktree restored to clean pin 35b088427ef37611c38afdeed5a52a278cae38f9.
qemu-smoke	LAB-REQ-02 cleanup truth (pin restored, residue gone, no strays)	2026-09-12T04:46:15.9777849Z === Reset Complete ===
qemu-smoke	LAB-REQ-02 cleanup truth (pin restored, residue gone, no strays)	2026-09-12T04:46:15.9823254Z REQ02_CLEANUP_TRUTH_DONE
qemu-smoke	QEMU evidence completeness gate (fail-closed)	﻿2026-09-12T04:46:16.0618702Z ##[group]Run set -ueo pipefail
qemu-smoke	QEMU evidence completeness gate (fail-closed)	2026-09-12T04:46:16.0619308Z ^[[36;1mset -ueo pipefail^[[0m
qemu-smoke	QEMU evidence completeness gate (fail-closed)	2026-09-12T04:46:16.0619845Z ^[[36;1mEVIDENCE_DIR="${CI_TREE}/.ci-logs"^[[0m
qemu-smoke	QEMU evidence completeness gate (fail-closed)	2026-09-12T04:46:16.0621047Z ^[[36;1mREQUIRED="qemu-env-snapshot.txt req02-preflight.log req02-setup.log req02-source-route.log req02-smoke.log qemu-lane-outer.log"^[[0m
qemu-smoke	QEMU evidence completeness gate (fail-closed)	2026-09-12T04:46:16.0622202Z ^[[36;1mfor f in ${REQUIRED}; do^[[0m
qemu-smoke	QEMU evidence completeness gate (fail-closed)	2026-09-12T04:46:16.0622701Z ^[[36;1m  if [ ! -s "${EVIDENCE_DIR}/${f}" ]; then^[[0m
qemu-smoke	QEMU evidence completeness gate (fail-closed)	2026-09-12T04:46:16.0623437Z ^[[36;1m    echo "FAIL-CLOSED: required evidence file missing or empty: ${f}"^[[0m
qemu-smoke	QEMU evidence completeness gate (fail-closed)	2026-09-12T04:46:16.0624114Z ^[[36;1m    exit 1^[[0m
qemu-smoke	QEMU evidence completeness gate (fail-closed)	2026-09-12T04:46:16.0624465Z ^[[36;1m  fi^[[0m
qemu-smoke	QEMU evidence completeness gate (fail-closed)	2026-09-12T04:46:16.0624987Z ^[[36;1m  echo "EVIDENCE_OK: ${f} ($(wc -c < "${EVIDENCE_DIR}/${f}") bytes)"^[[0m
qemu-smoke	QEMU evidence completeness gate (fail-closed)	2026-09-12T04:46:16.0625627Z ^[[36;1mdone^[[0m
qemu-smoke	QEMU evidence completeness gate (fail-closed)	2026-09-12T04:46:16.0626402Z ^[[36;1mecho "QEMU_EVIDENCE_COMPLETE: FAIL-CLOSED GATE PASS"^[[0m
qemu-smoke	QEMU evidence completeness gate (fail-closed)	2026-09-12T04:46:16.0678574Z shell: /usr/bin/bash -e {0}
qemu-smoke	QEMU evidence completeness gate (fail-closed)	2026-09-12T04:46:16.0679021Z env:
qemu-smoke	QEMU evidence completeness gate (fail-closed)	2026-09-12T04:46:16.0679442Z   CI_TREE: /tmp/ci-tree
qemu-smoke	QEMU evidence completeness gate (fail-closed)	2026-09-12T04:46:16.0680426Z   CANONICAL_IMAGE: ghcr.io/cn-jjb/essential-cs/canonical@sha256:766ce07ba3073cc28049ff07d6d4f643bd6e3cc7a7967a3ebd2bb8738219e460
qemu-smoke	QEMU evidence completeness gate (fail-closed)	2026-09-12T04:46:16.0681882Z   CANONICAL_IMAGE_DIGEST: sha256:766ce07ba3073cc28049ff07d6d4f643bd6e3cc7a7967a3ebd2bb8738219e460
qemu-smoke	QEMU evidence completeness gate (fail-closed)	2026-09-12T04:46:16.0682921Z   CANONICAL_IMAGE_REF: ghcr.io/cn-jjb/essential-cs/canonical
qemu-smoke	QEMU evidence completeness gate (fail-closed)	2026-09-12T04:46:16.0683545Z ##[endgroup]
qemu-smoke	QEMU evidence completeness gate (fail-closed)	2026-09-12T04:46:16.0780303Z EVIDENCE_OK: qemu-env-snapshot.txt (3466 bytes)
qemu-smoke	QEMU evidence completeness gate (fail-closed)	2026-09-12T04:46:16.0798200Z EVIDENCE_OK: req02-preflight.log (576 bytes)
qemu-smoke	QEMU evidence completeness gate (fail-closed)	2026-09-12T04:46:16.0816221Z EVIDENCE_OK: req02-setup.log (388 bytes)
qemu-smoke	QEMU evidence completeness gate (fail-closed)	2026-09-12T04:46:16.0838540Z EVIDENCE_OK: req02-source-route.log (566 bytes)
qemu-smoke	QEMU evidence completeness gate (fail-closed)	2026-09-12T04:46:16.0852385Z EVIDENCE_OK: req02-smoke.log (41476 bytes)
qemu-smoke	QEMU evidence completeness gate (fail-closed)	2026-09-12T04:46:16.0869551Z EVIDENCE_OK: qemu-lane-outer.log (43342 bytes)
qemu-smoke	QEMU evidence completeness gate (fail-closed)	2026-09-12T04:46:16.0870409Z QEMU_EVIDENCE_COMPLETE: FAIL-CLOSED GATE PASS
qemu-smoke	Upload QEMU lane evidence bundle	﻿2026-09-12T04:46:16.0945184Z Node 20 is being deprecated. This workflow is running with Node 24 by default. If you need to temporarily use Node 20, you can set the ACTIONS_ALLOW_USE_UNSECURE_NODE_VERSION=true environment variable. For more information see: https://github.blog/changelog/2025-09-19-deprecation-of-node-20-on-github-actions-runners/
qemu-smoke	Upload QEMU lane evidence bundle	2026-09-12T04:46:16.0947846Z ##[group]Run actions/upload-artifact@v4
qemu-smoke	Upload QEMU lane evidence bundle	2026-09-12T04:46:16.0948125Z with:
qemu-smoke	Upload QEMU lane evidence bundle	2026-09-12T04:46:16.0948343Z   name: canonical-qemu-evidence
qemu-smoke	Upload QEMU lane evidence bundle	2026-09-12T04:46:16.0948609Z   path: /tmp/ci-tree/.ci-logs/
qemu-smoke	Upload QEMU lane evidence bundle	2026-09-12T04:46:16.0948854Z   include-hidden-files: true
qemu-smoke	Upload QEMU lane evidence bundle	2026-09-12T04:46:16.0949088Z   if-no-files-found: warn
qemu-smoke	Upload QEMU lane evidence bundle	2026-09-12T04:46:16.0949322Z   compression-level: 6
qemu-smoke	Upload QEMU lane evidence bundle	2026-09-12T04:46:16.0949530Z   overwrite: false
qemu-smoke	Upload QEMU lane evidence bundle	2026-09-12T04:46:16.0949719Z env:
qemu-smoke	Upload QEMU lane evidence bundle	2026-09-12T04:46:16.0949896Z   CI_TREE: /tmp/ci-tree
qemu-smoke	Upload QEMU lane evidence bundle	2026-09-12T04:46:16.0950422Z   CANONICAL_IMAGE: ghcr.io/cn-jjb/essential-cs/canonical@sha256:766ce07ba3073cc28049ff07d6d4f643bd6e3cc7a7967a3ebd2bb8738219e460
qemu-smoke	Upload QEMU lane evidence bundle	2026-09-12T04:46:16.0951226Z   CANONICAL_IMAGE_DIGEST: sha256:766ce07ba3073cc28049ff07d6d4f643bd6e3cc7a7967a3ebd2bb8738219e460
qemu-smoke	Upload QEMU lane evidence bundle	2026-09-12T04:46:16.0951748Z   CANONICAL_IMAGE_REF: ghcr.io/cn-jjb/essential-cs/canonical
qemu-smoke	Upload QEMU lane evidence bundle	2026-09-12T04:46:16.0952072Z ##[endgroup]
qemu-smoke	Upload QEMU lane evidence bundle	2026-09-12T04:46:16.2669263Z (node:3333) [DEP0040] DeprecationWarning: The `punycode` module is deprecated. Please use a userland alternative instead.
qemu-smoke	Upload QEMU lane evidence bundle	2026-09-12T04:46:16.2670174Z (Use `node --trace-deprecation ...` to show where the warning was created)
qemu-smoke	Upload QEMU lane evidence bundle	2026-09-12T04:46:16.2743397Z With the provided path, there will be 7 files uploaded
qemu-smoke	Upload QEMU lane evidence bundle	2026-09-12T04:46:16.2756756Z Artifact name is valid!
qemu-smoke	Upload QEMU lane evidence bundle	2026-09-12T04:46:16.2757519Z Root directory input is valid!
qemu-smoke	Upload QEMU lane evidence bundle	2026-09-12T04:46:16.6604107Z Beginning upload of artifact content to blob storage
qemu-smoke	Upload QEMU lane evidence bundle	2026-09-12T04:46:16.6899869Z (node:3333) [DEP0169] DeprecationWarning: `url.parse()` behavior is not standardized and prone to errors that have security implications. Use the WHATWG URL API instead. CVEs are not issued for `url.parse()` vulnerabilities.
qemu-smoke	Upload QEMU lane evidence bundle	2026-09-12T04:46:16.9664076Z Uploaded bytes 9514
qemu-smoke	Upload QEMU lane evidence bundle	2026-09-12T04:46:17.0439016Z Finished uploading artifact content to blob storage!
qemu-smoke	Upload QEMU lane evidence bundle	2026-09-12T04:46:17.0440183Z SHA256 digest of uploaded artifact zip is 2ea9d06a461bb3e4255d2f9746cb77ecefab60a6939e2f9bcd7ec6fe2f455c3b
qemu-smoke	Upload QEMU lane evidence bundle	2026-09-12T04:46:17.0441131Z Finalizing artifact upload
qemu-smoke	Upload QEMU lane evidence bundle	2026-09-12T04:46:17.2848981Z Artifact canonical-qemu-evidence.zip successfully finalized. Artifact ID 10291108950
qemu-smoke	Upload QEMU lane evidence bundle	2026-09-12T04:46:17.2850089Z Artifact canonical-qemu-evidence has been successfully uploaded! Final size is 9514 bytes. Artifact ID is 10291108950
qemu-smoke	Upload QEMU lane evidence bundle	2026-09-12T04:46:17.2856367Z Artifact download URL: https://github.com/CN-JJB/essential-cs/actions/runs/34673855952/artifacts/10291108950
qemu-smoke	Post Checkout exact dispatched revision	﻿2026-09-12T04:46:17.3061875Z Node 20 is being deprecated. This workflow is running with Node 24 by default. If you need to temporarily use Node 20, you can set the ACTIONS_ALLOW_USE_UNSECURE_NODE_VERSION=true environment variable. For more information see: https://github.blog/changelog/2025-09-19-deprecation-of-node-20-on-github-actions-runners/
qemu-smoke	Post Checkout exact dispatched revision	2026-09-12T04:46:17.3063152Z Post job cleanup.
qemu-smoke	Post Checkout exact dispatched revision	2026-09-12T04:46:17.3888139Z [command]/usr/bin/git version
qemu-smoke	Post Checkout exact dispatched revision	2026-09-12T04:46:17.3935035Z git version 2.55.0
qemu-smoke	Post Checkout exact dispatched revision	2026-09-12T04:46:17.3976886Z Temporarily overriding HOME='/home/runner/work/_temp/a5b73622-3d84-4585-ab05-2068f09e55be' before making global git config changes
qemu-smoke	Post Checkout exact dispatched revision	2026-09-12T04:46:17.3978296Z Adding repository directory to the temporary git global config as a safe directory
qemu-smoke	Post Checkout exact dispatched revision	2026-09-12T04:46:17.3982597Z [command]/usr/bin/git config --global --add safe.directory /home/runner/work/essential-cs/essential-cs
qemu-smoke	Post Checkout exact dispatched revision	2026-09-12T04:46:17.4023428Z [command]/usr/bin/git config --local --name-only --get-regexp core\.sshCommand
qemu-smoke	Post Checkout exact dispatched revision	2026-09-12T04:46:17.4059644Z [command]/usr/bin/git submodule foreach --recursive sh -c "git config --local --name-only --get-regexp 'core\.sshCommand' && git config --local --unset-all 'core.sshCommand' || :"
qemu-smoke	Post Checkout exact dispatched revision	2026-09-12T04:46:17.4322009Z [command]/usr/bin/git config --local --name-only --get-regexp http\.https\:\/\/github\.com\/\.extraheader
qemu-smoke	Post Checkout exact dispatched revision	2026-09-12T04:46:17.4355709Z http.https://github.com/.extraheader
qemu-smoke	Post Checkout exact dispatched revision	2026-09-12T04:46:17.4368446Z [command]/usr/bin/git config --local --unset-all http.https://github.com/.extraheader
qemu-smoke	Post Checkout exact dispatched revision	2026-09-12T04:46:17.4404799Z [command]/usr/bin/git submodule foreach --recursive sh -c "git config --local --name-only --get-regexp 'http\.https\:\/\/github\.com\/\.extraheader' && git config --local --unset-all 'http.https://github.com/.extraheader' || :"
qemu-smoke	Post Checkout exact dispatched revision	2026-09-12T04:46:17.4662784Z [command]/usr/bin/git config --local --name-only --get-regexp ^includeIf\.gitdir:
qemu-smoke	Post Checkout exact dispatched revision	2026-09-12T04:46:17.4700780Z [command]/usr/bin/git submodule foreach --recursive git config --local --show-origin --name-only --get-regexp remote.origin.url
qemu-smoke	Complete job	﻿2026-09-12T04:46:17.5086118Z Cleaning up orphan processes
qemu-smoke	Complete job	2026-09-12T04:46:17.5449474Z ##[warning]Node.js 20 is deprecated. The following actions target Node.js 20 but are being forced to run on Node.js 24: actions/checkout@v4, actions/upload-artifact@v4. For more information see: https://github.blog/changelog/2025-09-19-deprecation-of-node-20-on-github-actions-runners/
