m20-timing-triage	Set up job	﻿2026-09-12T04:41:42.5442012Z Current runner version: '2.337.0'
m20-timing-triage	Set up job	2026-09-12T04:41:42.5467373Z ##[group]Runner Image Provisioner
m20-timing-triage	Set up job	2026-09-12T04:41:42.5468533Z Hosted Compute Agent
m20-timing-triage	Set up job	2026-09-12T04:41:42.5469142Z Version: 20260828.587
m20-timing-triage	Set up job	2026-09-12T04:41:42.5470066Z Commit: abac92662cab4cc7352de4f9f9d2e2419aad9c29
m20-timing-triage	Set up job	2026-09-12T04:41:42.5470833Z Build Date: 2026-08-28T16:44:25Z
m20-timing-triage	Set up job	2026-09-12T04:41:42.5471560Z Worker ID: {34be61f4-ae22-4150-a09b-9f484cd8d6e9}
m20-timing-triage	Set up job	2026-09-12T04:41:42.5472348Z Azure Region: westcentralus
m20-timing-triage	Set up job	2026-09-12T04:41:42.5473002Z ##[endgroup]
m20-timing-triage	Set up job	2026-09-12T04:41:42.5474705Z ##[group]Operating System
m20-timing-triage	Set up job	2026-09-12T04:41:42.5475390Z Ubuntu
m20-timing-triage	Set up job	2026-09-12T04:41:42.5476009Z 24.04.5
m20-timing-triage	Set up job	2026-09-12T04:41:42.5476590Z LTS
m20-timing-triage	Set up job	2026-09-12T04:41:42.5477106Z ##[endgroup]
m20-timing-triage	Set up job	2026-09-12T04:41:42.5477651Z ##[group]Runner Image
m20-timing-triage	Set up job	2026-09-12T04:41:42.5478309Z Image: ubuntu-24.04
m20-timing-triage	Set up job	2026-09-12T04:41:42.5478933Z Version: 20260907.300.1
m20-timing-triage	Set up job	2026-09-12T04:41:42.5480299Z Included Software: https://github.com/actions/runner-images/blob/ubuntu24/20260907.300/images/ubuntu/Ubuntu2404-Readme.md
m20-timing-triage	Set up job	2026-09-12T04:41:42.5482029Z Image Release: https://github.com/actions/runner-images/releases/tag/ubuntu24%2F20260907.300
m20-timing-triage	Set up job	2026-09-12T04:41:42.5483090Z ##[endgroup]
m20-timing-triage	Set up job	2026-09-12T04:41:42.5484323Z ##[group]GITHUB_TOKEN Permissions
m20-timing-triage	Set up job	2026-09-12T04:41:42.5486462Z Contents: read
m20-timing-triage	Set up job	2026-09-12T04:41:42.5487172Z Metadata: read
m20-timing-triage	Set up job	2026-09-12T04:41:42.5487828Z Packages: read
m20-timing-triage	Set up job	2026-09-12T04:41:42.5488471Z ##[endgroup]
m20-timing-triage	Set up job	2026-09-12T04:41:42.5490932Z Secret source: Actions
m20-timing-triage	Set up job	2026-09-12T04:41:42.5492005Z Cache mode: write
m20-timing-triage	Set up job	2026-09-12T04:41:42.5492700Z Prepare workflow directory
m20-timing-triage	Set up job	2026-09-12T04:41:42.5897670Z Prepare all required actions
m20-timing-triage	Set up job	2026-09-12T04:41:42.5944877Z Getting action download info
m20-timing-triage	Set up job	2026-09-12T04:41:42.9200423Z Download action repository 'actions/checkout@v4' (SHA:11d5960a326750d5838078e36cf38b85af677262)
m20-timing-triage	Set up job	2026-09-12T04:41:43.0211562Z Download action repository 'actions/upload-artifact@v4' (SHA:ea165f8d65b6e75b540449e92b4886f43607fa02)
m20-timing-triage	Set up job	2026-09-12T04:41:43.2394059Z Complete job name: m20-timing-triage
m20-timing-triage	Checkout exact dispatched revision	﻿2026-09-12T04:41:43.3158909Z Node 20 is being deprecated. This workflow is running with Node 24 by default. If you need to temporarily use Node 20, you can set the ACTIONS_ALLOW_USE_UNSECURE_NODE_VERSION=true environment variable. For more information see: https://github.blog/changelog/2025-09-19-deprecation-of-node-20-on-github-actions-runners/
m20-timing-triage	Checkout exact dispatched revision	2026-09-12T04:41:43.3168112Z ##[group]Run actions/checkout@v4
m20-timing-triage	Checkout exact dispatched revision	2026-09-12T04:41:43.3168894Z with:
m20-timing-triage	Checkout exact dispatched revision	2026-09-12T04:41:43.3169630Z   ref: d2ca8556f4fd086edcf82e0d2b1197571a619dda
m20-timing-triage	Checkout exact dispatched revision	2026-09-12T04:41:43.3170256Z   fetch-depth: 0
m20-timing-triage	Checkout exact dispatched revision	2026-09-12T04:41:43.3170736Z   repository: CN-JJB/essential-cs
m20-timing-triage	Checkout exact dispatched revision	2026-09-12T04:41:43.3175150Z   token: ***
m20-timing-triage	Checkout exact dispatched revision	2026-09-12T04:41:43.3175624Z   ssh-strict: true
m20-timing-triage	Checkout exact dispatched revision	2026-09-12T04:41:43.3176079Z   ssh-user: git
m20-timing-triage	Checkout exact dispatched revision	2026-09-12T04:41:43.3176538Z   persist-credentials: true
m20-timing-triage	Checkout exact dispatched revision	2026-09-12T04:41:43.3177046Z   clean: true
m20-timing-triage	Checkout exact dispatched revision	2026-09-12T04:41:43.3177511Z   sparse-checkout-cone-mode: true
m20-timing-triage	Checkout exact dispatched revision	2026-09-12T04:41:43.3178053Z   fetch-tags: false
m20-timing-triage	Checkout exact dispatched revision	2026-09-12T04:41:43.3178517Z   show-progress: true
m20-timing-triage	Checkout exact dispatched revision	2026-09-12T04:41:43.3179033Z   lfs: false
m20-timing-triage	Checkout exact dispatched revision	2026-09-12T04:41:43.3179625Z   submodules: false
m20-timing-triage	Checkout exact dispatched revision	2026-09-12T04:41:43.3180101Z   set-safe-directory: true
m20-timing-triage	Checkout exact dispatched revision	2026-09-12T04:41:43.3180629Z   allow-unsafe-pr-checkout: false
m20-timing-triage	Checkout exact dispatched revision	2026-09-12T04:41:43.3181471Z env:
m20-timing-triage	Checkout exact dispatched revision	2026-09-12T04:41:43.3181921Z   CI_TREE: /tmp/ci-tree
m20-timing-triage	Checkout exact dispatched revision	2026-09-12T04:41:43.3182409Z ##[endgroup]
m20-timing-triage	Checkout exact dispatched revision	2026-09-12T04:41:43.4191137Z Syncing repository: CN-JJB/essential-cs
m20-timing-triage	Checkout exact dispatched revision	2026-09-12T04:41:43.4193749Z ##[group]Getting Git version info
m20-timing-triage	Checkout exact dispatched revision	2026-09-12T04:41:43.4194970Z Working directory is '/home/runner/work/essential-cs/essential-cs'
m20-timing-triage	Checkout exact dispatched revision	2026-09-12T04:41:43.4196670Z [command]/usr/bin/git version
m20-timing-triage	Checkout exact dispatched revision	2026-09-12T04:41:43.4270983Z git version 2.55.0
m20-timing-triage	Checkout exact dispatched revision	2026-09-12T04:41:43.4294941Z ##[endgroup]
m20-timing-triage	Checkout exact dispatched revision	2026-09-12T04:41:43.4310659Z Temporarily overriding HOME='/home/runner/work/_temp/3ca606e0-7cef-43a4-af5c-4f8d7a3c4efc' before making global git config changes
m20-timing-triage	Checkout exact dispatched revision	2026-09-12T04:41:43.4312835Z Adding repository directory to the temporary git global config as a safe directory
m20-timing-triage	Checkout exact dispatched revision	2026-09-12T04:41:43.4315797Z [command]/usr/bin/git config --global --add safe.directory /home/runner/work/essential-cs/essential-cs
m20-timing-triage	Checkout exact dispatched revision	2026-09-12T04:41:43.4367586Z Deleting the contents of '/home/runner/work/essential-cs/essential-cs'
m20-timing-triage	Checkout exact dispatched revision	2026-09-12T04:41:43.4373161Z ##[group]Initializing the repository
m20-timing-triage	Checkout exact dispatched revision	2026-09-12T04:41:43.4378676Z [command]/usr/bin/git init /home/runner/work/essential-cs/essential-cs
m20-timing-triage	Checkout exact dispatched revision	2026-09-12T04:41:43.4493823Z hint: Using 'master' as the name for the initial branch. This default branch name
m20-timing-triage	Checkout exact dispatched revision	2026-09-12T04:41:43.4495137Z hint: will change to "main" in Git 3.0. To configure the initial branch name
m20-timing-triage	Checkout exact dispatched revision	2026-09-12T04:41:43.4496129Z hint: to use in all of your new repositories, which will suppress this warning,
m20-timing-triage	Checkout exact dispatched revision	2026-09-12T04:41:43.4496883Z hint: call:
m20-timing-triage	Checkout exact dispatched revision	2026-09-12T04:41:43.4497316Z hint:
m20-timing-triage	Checkout exact dispatched revision	2026-09-12T04:41:43.4497856Z hint: 	git config --global init.defaultBranch <name>
m20-timing-triage	Checkout exact dispatched revision	2026-09-12T04:41:43.4498481Z hint:
m20-timing-triage	Checkout exact dispatched revision	2026-09-12T04:41:43.4499067Z hint: Names commonly chosen instead of 'master' are 'main', 'trunk' and
m20-timing-triage	Checkout exact dispatched revision	2026-09-12T04:41:43.4500180Z hint: 'development'. The just-created branch can be renamed via this command:
m20-timing-triage	Checkout exact dispatched revision	2026-09-12T04:41:43.4500975Z hint:
m20-timing-triage	Checkout exact dispatched revision	2026-09-12T04:41:43.4501401Z hint: 	git branch -m <name>
m20-timing-triage	Checkout exact dispatched revision	2026-09-12T04:41:43.4501887Z hint:
m20-timing-triage	Checkout exact dispatched revision	2026-09-12T04:41:43.4502511Z hint: Disable this message with "git config set advice.defaultBranchName false"
m20-timing-triage	Checkout exact dispatched revision	2026-09-12T04:41:43.4508016Z Initialized empty Git repository in /home/runner/work/essential-cs/essential-cs/.git/
m20-timing-triage	Checkout exact dispatched revision	2026-09-12T04:41:43.4518445Z [command]/usr/bin/git remote add origin https://github.com/CN-JJB/essential-cs
m20-timing-triage	Checkout exact dispatched revision	2026-09-12T04:41:43.4564673Z ##[endgroup]
m20-timing-triage	Checkout exact dispatched revision	2026-09-12T04:41:43.4565931Z ##[group]Disabling automatic garbage collection
m20-timing-triage	Checkout exact dispatched revision	2026-09-12T04:41:43.4568819Z [command]/usr/bin/git config --local gc.auto 0
m20-timing-triage	Checkout exact dispatched revision	2026-09-12T04:41:43.4600733Z ##[endgroup]
m20-timing-triage	Checkout exact dispatched revision	2026-09-12T04:41:43.4601870Z ##[group]Setting up auth
m20-timing-triage	Checkout exact dispatched revision	2026-09-12T04:41:43.4607937Z [command]/usr/bin/git config --local --name-only --get-regexp core\.sshCommand
m20-timing-triage	Checkout exact dispatched revision	2026-09-12T04:41:43.4641075Z [command]/usr/bin/git submodule foreach --recursive sh -c "git config --local --name-only --get-regexp 'core\.sshCommand' && git config --local --unset-all 'core.sshCommand' || :"
m20-timing-triage	Checkout exact dispatched revision	2026-09-12T04:41:43.5032366Z [command]/usr/bin/git config --local --name-only --get-regexp http\.https\:\/\/github\.com\/\.extraheader
m20-timing-triage	Checkout exact dispatched revision	2026-09-12T04:41:43.5074559Z [command]/usr/bin/git submodule foreach --recursive sh -c "git config --local --name-only --get-regexp 'http\.https\:\/\/github\.com\/\.extraheader' && git config --local --unset-all 'http.https://github.com/.extraheader' || :"
m20-timing-triage	Checkout exact dispatched revision	2026-09-12T04:41:43.5339752Z [command]/usr/bin/git config --local --name-only --get-regexp ^includeIf\.gitdir:
m20-timing-triage	Checkout exact dispatched revision	2026-09-12T04:41:43.5378398Z [command]/usr/bin/git submodule foreach --recursive git config --local --show-origin --name-only --get-regexp remote.origin.url
m20-timing-triage	Checkout exact dispatched revision	2026-09-12T04:41:43.5600111Z [command]/usr/bin/git config --local http.https://github.com/.extraheader AUTHORIZATION: basic ***
m20-timing-triage	Checkout exact dispatched revision	2026-09-12T04:41:43.5637590Z ##[endgroup]
m20-timing-triage	Checkout exact dispatched revision	2026-09-12T04:41:43.5638438Z ##[group]Fetching the repository
m20-timing-triage	Checkout exact dispatched revision	2026-09-12T04:41:43.5648126Z [command]/usr/bin/git -c protocol.version=2 fetch --prune --no-recurse-submodules origin +refs/heads/*:refs/remotes/origin/* +refs/tags/*:refs/tags/*
m20-timing-triage	Checkout exact dispatched revision	2026-09-12T04:41:44.7115924Z From https://github.com/CN-JJB/essential-cs
m20-timing-triage	Checkout exact dispatched revision	2026-09-12T04:41:44.7119826Z  * [new branch]      architecture/issue-36-build-first -> origin/architecture/issue-36-build-first
m20-timing-triage	Checkout exact dispatched revision	2026-09-12T04:41:44.7122962Z  * [new branch]      audit/issue-140-post-v09-v10-gap-plan -> origin/audit/issue-140-post-v09-v10-gap-plan
m20-timing-triage	Checkout exact dispatched revision	2026-09-12T04:41:44.7126565Z  * [new branch]      audit/issue-2-external-curriculum-v0.1 -> origin/audit/issue-2-external-curriculum-v0.1
m20-timing-triage	Checkout exact dispatched revision	2026-09-12T04:41:44.7130221Z  * [new branch]      blueprint/issue-1-core-map -> origin/blueprint/issue-1-core-map
m20-timing-triage	Checkout exact dispatched revision	2026-09-12T04:41:44.7134027Z  * [new branch]      blueprint/issue-10-audit-disposition -> origin/blueprint/issue-10-audit-disposition
m20-timing-triage	Checkout exact dispatched revision	2026-09-12T04:41:44.7138194Z  * [new branch]      blueprint/issue-11-mini-cloud-alignment -> origin/blueprint/issue-11-mini-cloud-alignment
m20-timing-triage	Checkout exact dispatched revision	2026-09-12T04:41:44.7143031Z  * [new branch]      blueprint/issue-12-lab-source-selection -> origin/blueprint/issue-12-lab-source-selection
m20-timing-triage	Checkout exact dispatched revision	2026-09-12T04:41:44.7146535Z  * [new branch]      blueprint/issue-13-competency-concepts -> origin/blueprint/issue-13-competency-concepts
m20-timing-triage	Checkout exact dispatched revision	2026-09-12T04:41:44.7150122Z  * [new branch]      blueprint/issue-19-course-identity-entry -> origin/blueprint/issue-19-course-identity-entry
m20-timing-triage	Checkout exact dispatched revision	2026-09-12T04:41:44.7154367Z  * [new branch]      blueprint/issue-21-assessment-tech-map -> origin/blueprint/issue-21-assessment-tech-map
m20-timing-triage	Checkout exact dispatched revision	2026-09-12T04:41:44.7157552Z  * [new branch]      blueprint/issue-23-final-exit-audit -> origin/blueprint/issue-23-final-exit-audit
m20-timing-triage	Checkout exact dispatched revision	2026-09-12T04:41:44.7161168Z  * [new branch]      blueprint/issue-3-mini-cloud-evolution -> origin/blueprint/issue-3-mini-cloud-evolution
m20-timing-triage	Checkout exact dispatched revision	2026-09-12T04:41:44.7165965Z  * [new branch]      blueprint/issue-9-final-reconciliation -> origin/blueprint/issue-9-final-reconciliation
m20-timing-triage	Checkout exact dispatched revision	2026-09-12T04:41:44.7172222Z  * [new branch]      design/issue-114-s7-m21-m24-security-judgment -> origin/design/issue-114-s7-m21-m24-security-judgment
m20-timing-triage	Checkout exact dispatched revision	2026-09-12T04:41:44.7178455Z  * [new branch]      design/issue-50-m05-m09-runtime-os-persistence -> origin/design/issue-50-m05-m09-runtime-os-persistence
m20-timing-triage	Checkout exact dispatched revision	2026-09-12T04:41:44.7183121Z  * [new branch]      design/issue-71-m10-m12-network-web-browser -> origin/design/issue-71-m10-m12-network-web-browser
m20-timing-triage	Checkout exact dispatched revision	2026-09-12T04:41:44.7186554Z  * [new branch]      design/issue-86-m13-m15-data-concurrency -> origin/design/issue-86-m13-m15-data-concurrency
m20-timing-triage	Checkout exact dispatched revision	2026-09-12T04:41:44.7190345Z  * [new branch]      design/issue-99-m16-m20-distributed-infra -> origin/design/issue-99-m16-m20-distributed-infra
m20-timing-triage	Checkout exact dispatched revision	2026-09-12T04:41:44.7193579Z  * [new branch]      governance/issue-88-issue-pr-handoff -> origin/governance/issue-88-issue-pr-handoff
m20-timing-triage	Checkout exact dispatched revision	2026-09-12T04:41:44.7196633Z  * [new branch]      governance/role-specific-agent-guides -> origin/governance/role-specific-agent-guides
m20-timing-triage	Checkout exact dispatched revision	2026-09-12T04:41:44.7199746Z  * [new branch]      impl/issue-101-s6-b1-m16-rpc -> origin/impl/issue-101-s6-b1-m16-rpc
m20-timing-triage	Checkout exact dispatched revision	2026-09-12T04:41:44.7203354Z  * [new branch]      impl/issue-103-s6-b2-m17-replication-consensus -> origin/impl/issue-103-s6-b2-m17-replication-consensus
m20-timing-triage	Checkout exact dispatched revision	2026-09-12T04:41:44.7206938Z  * [new branch]      impl/issue-105-s6-b3-m18-coordination -> origin/impl/issue-105-s6-b3-m18-coordination
m20-timing-triage	Checkout exact dispatched revision	2026-09-12T04:41:44.7210590Z  * [new branch]      impl/issue-107-s6-b4-m19-infrastructure -> origin/impl/issue-107-s6-b4-m19-infrastructure
m20-timing-triage	Checkout exact dispatched revision	2026-09-12T04:41:44.7214356Z  * [new branch]      impl/issue-110-s6-b5-m20-observability -> origin/impl/issue-110-s6-b5-m20-observability
m20-timing-triage	Checkout exact dispatched revision	2026-09-12T04:41:44.7217741Z  * [new branch]      impl/issue-116-s7-b1-m21-trust-crypto -> origin/impl/issue-116-s7-b1-m21-trust-crypto
m20-timing-triage	Checkout exact dispatched revision	2026-09-12T04:41:44.7221412Z  * [new branch]      impl/issue-119-s7-b2-m22-auth-composition -> origin/impl/issue-119-s7-b2-m22-auth-composition
m20-timing-triage	Checkout exact dispatched revision	2026-09-12T04:41:44.7225193Z  * [new branch]      impl/issue-121-s7-b3-m23-systems-judgment -> origin/impl/issue-121-s7-b3-m23-systems-judgment
m20-timing-triage	Checkout exact dispatched revision	2026-09-12T04:41:44.7231537Z  * [new branch]      impl/issue-123-s7-b4-m24-final-system-defense -> origin/impl/issue-123-s7-b4-m24-final-system-defense
m20-timing-triage	Checkout exact dispatched revision	2026-09-12T04:41:44.7236311Z  * [new branch]      impl/issue-90-m13-sqlite-exp02 -> origin/impl/issue-90-m13-sqlite-exp02
m20-timing-triage	Checkout exact dispatched revision	2026-09-12T04:41:44.7240160Z  * [new branch]      impl/issue-93-m14-transactions-lab-req-05 -> origin/impl/issue-93-m14-transactions-lab-req-05
m20-timing-triage	Checkout exact dispatched revision	2026-09-12T04:41:44.7243739Z  * [new branch]      impl/issue-95-m15-concurrency-lab-req-03 -> origin/impl/issue-95-m15-concurrency-lab-req-03
m20-timing-triage	Checkout exact dispatched revision	2026-09-12T04:41:44.7247901Z  * [new branch]      implementation/durable-canonical-environment-pin-v0.1 -> origin/implementation/durable-canonical-environment-pin-v0.1
m20-timing-triage	Checkout exact dispatched revision	2026-09-12T04:41:44.7252450Z  * [new branch]      implementation/issue-145-stable-environment-ci-v0.1 -> origin/implementation/issue-145-stable-environment-ci-v0.1
m20-timing-triage	Checkout exact dispatched revision	2026-09-12T04:41:44.7256790Z  * [new branch]      implementation/issue-38-m02-computation-complexity -> origin/implementation/issue-38-m02-computation-complexity
m20-timing-triage	Checkout exact dispatched revision	2026-09-12T04:41:44.7261486Z  * [new branch]      implementation/issue-41-m03-machine-isa-execution -> origin/implementation/issue-41-m03-machine-isa-execution
m20-timing-triage	Checkout exact dispatched revision	2026-09-12T04:41:44.7265962Z  * [new branch]      implementation/issue-44-m04-memory-locality-measurement -> origin/implementation/issue-44-m04-memory-locality-measurement
m20-timing-triage	Checkout exact dispatched revision	2026-09-12T04:41:44.7271486Z  * [new branch]      implementation/issue-53-m05-languages-runtime-compiler -> origin/implementation/issue-53-m05-languages-runtime-compiler
m20-timing-triage	Checkout exact dispatched revision	2026-09-12T04:41:44.7276883Z  * [new branch]      implementation/issue-56-m06-processes-syscalls-lab-req-02 -> origin/implementation/issue-56-m06-processes-syscalls-lab-req-02
m20-timing-triage	Checkout exact dispatched revision	2026-09-12T04:41:44.7281978Z  * [new branch]      implementation/issue-59-m07-virtual-memory-isolation -> origin/implementation/issue-59-m07-virtual-memory-isolation
m20-timing-triage	Checkout exact dispatched revision	2026-09-12T04:41:44.7286190Z  * [new branch]      implementation/issue-62-m08-files-filesystems-io -> origin/implementation/issue-62-m08-files-filesystems-io
m20-timing-triage	Checkout exact dispatched revision	2026-09-12T04:41:44.7290719Z  * [new branch]      implementation/issue-65-m09-storage-engine-durable-storage -> origin/implementation/issue-65-m09-storage-engine-durable-storage
m20-timing-triage	Checkout exact dispatched revision	2026-09-12T04:41:44.7296434Z  * [new branch]      implementation/issue-74-m10-networking-ip-dns-transport -> origin/implementation/issue-74-m10-networking-ip-dns-transport
m20-timing-triage	Checkout exact dispatched revision	2026-09-12T04:41:44.7301087Z  * [new branch]      implementation/issue-77-m11-tls-http-caching-lab-req-01 -> origin/implementation/issue-77-m11-tls-http-caching-lab-req-01
m20-timing-triage	Checkout exact dispatched revision	2026-09-12T04:41:44.7305308Z  * [new branch]      implementation/issue-80-m12-web-browser-exp-03 -> origin/implementation/issue-80-m12-web-browser-exp-03
m20-timing-triage	Checkout exact dispatched revision	2026-09-12T04:41:44.7308398Z  * [new branch]      lead-smoke/pr-66-m09    -> origin/lead-smoke/pr-66-m09
m20-timing-triage	Checkout exact dispatched revision	2026-09-12T04:41:44.7310734Z  * [new branch]      lead-smoke/pr-66-m09-v2 -> origin/lead-smoke/pr-66-m09-v2
m20-timing-triage	Checkout exact dispatched revision	2026-09-12T04:41:44.7312952Z  * [new branch]      lead-smoke/pr-78-m11    -> origin/lead-smoke/pr-78-m11
m20-timing-triage	Checkout exact dispatched revision	2026-09-12T04:41:44.7315348Z  * [new branch]      lead-smoke/pr-78-m11-final -> origin/lead-smoke/pr-78-m11-final
m20-timing-triage	Checkout exact dispatched revision	2026-09-12T04:41:44.7317961Z  * [new branch]      lead-smoke/pr-78-m11-v2 -> origin/lead-smoke/pr-78-m11-v2
m20-timing-triage	Checkout exact dispatched revision	2026-09-12T04:41:44.7320631Z  * [new branch]      lead-smoke/pr-81-m12-final -> origin/lead-smoke/pr-81-m12-final
m20-timing-triage	Checkout exact dispatched revision	2026-09-12T04:41:44.7322711Z  * [new branch]      main                    -> origin/main
m20-timing-triage	Checkout exact dispatched revision	2026-09-12T04:41:44.7325174Z  * [new branch]      repair/issue-125-m22-layer56-report-key -> origin/repair/issue-125-m22-layer56-report-key
m20-timing-triage	Checkout exact dispatched revision	2026-09-12T04:41:44.7328588Z  * [new branch]      repair/issue-127-pre-v09-known-regressions -> origin/repair/issue-127-pre-v09-known-regressions
m20-timing-triage	Checkout exact dispatched revision	2026-09-12T04:41:44.7332271Z  * [new branch]      repair/issue-131-v09-smoke-license-gates -> origin/repair/issue-131-v09-smoke-license-gates
m20-timing-triage	Checkout exact dispatched revision	2026-09-12T04:41:44.7335667Z  * [new branch]      repair/issue-135-lab-req-02-executable-bits -> origin/repair/issue-135-lab-req-02-executable-bits
m20-timing-triage	Checkout exact dispatched revision	2026-09-12T04:41:44.7339127Z  * [new branch]      repair/issue-149-qemu-ci-false-green-v0.1 -> origin/repair/issue-149-qemu-ci-false-green-v0.1
m20-timing-triage	Checkout exact dispatched revision	2026-09-12T04:41:44.7342885Z  * [new branch]      research/issue-112-s7-m21-m24-security-judgment -> origin/research/issue-112-s7-m21-m24-security-judgment
m20-timing-triage	Checkout exact dispatched revision	2026-09-12T04:41:44.7347010Z  * [new branch]      research/issue-143-stable-environment-pin-decision-packet -> origin/research/issue-143-stable-environment-pin-decision-packet
m20-timing-triage	Checkout exact dispatched revision	2026-09-12T04:41:44.7350949Z  * [new branch]      research/issue-4-classic-labs-sources -> origin/research/issue-4-classic-labs-sources
m20-timing-triage	Checkout exact dispatched revision	2026-09-12T04:41:44.7354409Z  * [new branch]      research/issue-47-m05-m09-runtime-os-persistence -> origin/research/issue-47-m05-m09-runtime-os-persistence
m20-timing-triage	Checkout exact dispatched revision	2026-09-12T04:41:44.7358151Z  * [new branch]      research/issue-68-m10-m12-network-web-browser -> origin/research/issue-68-m10-m12-network-web-browser
m20-timing-triage	Checkout exact dispatched revision	2026-09-12T04:41:44.7362034Z  * [new branch]      research/issue-83-m13-m15-data-concurrency -> origin/research/issue-83-m13-m15-data-concurrency
m20-timing-triage	Checkout exact dispatched revision	2026-09-12T04:41:44.7365770Z  * [new branch]      research/issue-97-m16-m20-distributed-infra -> origin/research/issue-97-m16-m20-distributed-infra
m20-timing-triage	Checkout exact dispatched revision	2026-09-12T04:41:44.7368909Z  * [new branch]      status/advance-production-to-m08 -> origin/status/advance-production-to-m08
m20-timing-triage	Checkout exact dispatched revision	2026-09-12T04:41:44.7372021Z  * [new branch]      status/advance-production-to-m09 -> origin/status/advance-production-to-m09
m20-timing-triage	Checkout exact dispatched revision	2026-09-12T04:41:44.7375218Z  * [new branch]      status/record-m09-and-advance-to-s4-research -> origin/status/record-m09-and-advance-to-s4-research
m20-timing-triage	Checkout exact dispatched revision	2026-09-12T04:41:44.7378528Z  * [new branch]      status/record-m10-and-advance-to-m11 -> origin/status/record-m10-and-advance-to-m11
m20-timing-triage	Checkout exact dispatched revision	2026-09-12T04:41:44.7381641Z  * [new branch]      status/record-m11-and-advance-to-m12 -> origin/status/record-m11-and-advance-to-m12
m20-timing-triage	Checkout exact dispatched revision	2026-09-12T04:41:44.7384910Z  * [new branch]      status/record-m12-and-advance-to-s5-research -> origin/status/record-m12-and-advance-to-s5-research
m20-timing-triage	Checkout exact dispatched revision	2026-09-12T04:41:44.7388396Z  * [new branch]      status/record-s4-design-and-advance-to-m10 -> origin/status/record-s4-design-and-advance-to-m10
m20-timing-triage	Checkout exact dispatched revision	2026-09-12T04:41:44.7392146Z  * [new branch]      status/record-s4-research-and-advance-to-design -> origin/status/record-s4-research-and-advance-to-design
m20-timing-triage	Checkout exact dispatched revision	2026-09-12T04:41:44.7395947Z  * [new branch]      status/record-s5-research-and-advance-to-design -> origin/status/record-s5-research-and-advance-to-design
m20-timing-triage	Checkout exact dispatched revision	2026-09-12T04:41:44.7399521Z  * [new branch]      validation/issue-34-m00-m01-first-pilot -> origin/validation/issue-34-m00-m01-first-pilot
m20-timing-triage	Checkout exact dispatched revision	2026-09-12T04:41:44.7402984Z  * [new branch]      verification/issue-129-full-core-v09-rc-readiness -> origin/verification/issue-129-full-core-v09-rc-readiness
m20-timing-triage	Checkout exact dispatched revision	2026-09-12T04:41:44.7406701Z  * [new branch]      verification/issue-133-v09-rc-readiness-reverify -> origin/verification/issue-133-v09-rc-readiness-reverify
m20-timing-triage	Checkout exact dispatched revision	2026-09-12T04:41:44.7410763Z  * [new branch]      verification/issue-137-lab-req-02-direct-invocation -> origin/verification/issue-137-lab-req-02-direct-invocation
m20-timing-triage	Checkout exact dispatched revision	2026-09-12T04:41:44.7415102Z  * [new branch]      verification/issue-147-stable-environment-ci-independent -> origin/verification/issue-147-stable-environment-ci-independent
m20-timing-triage	Checkout exact dispatched revision	2026-09-12T04:41:44.7418654Z  * [new branch]      verification/issue-31-m00-m01-gate -> origin/verification/issue-31-m00-m01-gate
m20-timing-triage	Checkout exact dispatched revision	2026-09-12T04:41:44.7422639Z  * [new branch]      vertical-slice/issue-25-foundations-system-mechanics-research -> origin/vertical-slice/issue-25-foundations-system-mechanics-research
m20-timing-triage	Checkout exact dispatched revision	2026-09-12T04:41:44.7427263Z  * [new branch]      vertical-slice/issue-27-foundations-system-mechanics-design -> origin/vertical-slice/issue-27-foundations-system-mechanics-design
m20-timing-triage	Checkout exact dispatched revision	2026-09-12T04:41:44.7431413Z  * [new branch]      vertical-slice/issue-29-m00-m01-lesson-activity -> origin/vertical-slice/issue-29-m00-m01-lesson-activity
m20-timing-triage	Checkout exact dispatched revision	2026-09-12T04:41:44.7434351Z  * [new branch]      web-lead/post-pr30-status -> origin/web-lead/post-pr30-status
m20-timing-triage	Checkout exact dispatched revision	2026-09-12T04:41:44.7436614Z  * [new branch]      web-lead/post-pr33-status -> origin/web-lead/post-pr33-status
m20-timing-triage	Checkout exact dispatched revision	2026-09-12T04:41:44.7438911Z  * [new branch]      web-lead/post-pr39-status -> origin/web-lead/post-pr39-status
m20-timing-triage	Checkout exact dispatched revision	2026-09-12T04:41:44.7441424Z  * [new branch]      web-lead/post-pr42-issue-first -> origin/web-lead/post-pr42-issue-first
m20-timing-triage	Checkout exact dispatched revision	2026-09-12T04:41:44.7443830Z  * [new branch]      web-lead/post-pr45-status -> origin/web-lead/post-pr45-status
m20-timing-triage	Checkout exact dispatched revision	2026-09-12T04:41:44.7446035Z  * [new branch]      web-lead/post-pr48-status -> origin/web-lead/post-pr48-status
m20-timing-triage	Checkout exact dispatched revision	2026-09-12T04:41:44.7448231Z  * [new branch]      web-lead/post-pr51-status -> origin/web-lead/post-pr51-status
m20-timing-triage	Checkout exact dispatched revision	2026-09-12T04:41:44.7450543Z  * [new branch]      web-lead/post-pr54-status -> origin/web-lead/post-pr54-status
m20-timing-triage	Checkout exact dispatched revision	2026-09-12T04:41:44.7452774Z  * [new branch]      web-lead/post-pr57-status -> origin/web-lead/post-pr57-status
m20-timing-triage	Checkout exact dispatched revision	2026-09-12T04:41:44.7454616Z  * [new tag]         v0.9                    -> v0.9
m20-timing-triage	Checkout exact dispatched revision	2026-09-12T04:41:44.7458328Z [command]/usr/bin/git rev-parse --verify --quiet d2ca8556f4fd086edcf82e0d2b1197571a619dda^{object}
m20-timing-triage	Checkout exact dispatched revision	2026-09-12T04:41:44.7460967Z d2ca8556f4fd086edcf82e0d2b1197571a619dda
m20-timing-triage	Checkout exact dispatched revision	2026-09-12T04:41:44.7464045Z ##[endgroup]
m20-timing-triage	Checkout exact dispatched revision	2026-09-12T04:41:44.7465554Z ##[group]Determining the checkout info
m20-timing-triage	Checkout exact dispatched revision	2026-09-12T04:41:44.7467288Z ##[endgroup]
m20-timing-triage	Checkout exact dispatched revision	2026-09-12T04:41:44.7468319Z [command]/usr/bin/git sparse-checkout disable
m20-timing-triage	Checkout exact dispatched revision	2026-09-12T04:41:44.7471584Z [command]/usr/bin/git config --local --unset-all extensions.worktreeConfig
m20-timing-triage	Checkout exact dispatched revision	2026-09-12T04:41:44.7475044Z ##[group]Checking out the ref
m20-timing-triage	Checkout exact dispatched revision	2026-09-12T04:41:44.7476825Z [command]/usr/bin/git checkout --progress --force d2ca8556f4fd086edcf82e0d2b1197571a619dda
m20-timing-triage	Checkout exact dispatched revision	2026-09-12T04:41:44.7770695Z Note: switching to 'd2ca8556f4fd086edcf82e0d2b1197571a619dda'.
m20-timing-triage	Checkout exact dispatched revision	2026-09-12T04:41:44.7771938Z 
m20-timing-triage	Checkout exact dispatched revision	2026-09-12T04:41:44.7772782Z You are in 'detached HEAD' state. You can look around, make experimental
m20-timing-triage	Checkout exact dispatched revision	2026-09-12T04:41:44.7774852Z changes and commit them, and you can discard any commits you make in this
m20-timing-triage	Checkout exact dispatched revision	2026-09-12T04:41:44.7776873Z state without impacting any branches by switching back to a branch.
m20-timing-triage	Checkout exact dispatched revision	2026-09-12T04:41:44.7778062Z 
m20-timing-triage	Checkout exact dispatched revision	2026-09-12T04:41:44.7778905Z If you want to create a new branch to retain commits you create, you may
m20-timing-triage	Checkout exact dispatched revision	2026-09-12T04:41:44.7782029Z do so (now or later) by using -c with the switch command. Example:
m20-timing-triage	Checkout exact dispatched revision	2026-09-12T04:41:44.7783871Z 
m20-timing-triage	Checkout exact dispatched revision	2026-09-12T04:41:44.7784604Z   git switch -c <new-branch-name>
m20-timing-triage	Checkout exact dispatched revision	2026-09-12T04:41:44.7785795Z 
m20-timing-triage	Checkout exact dispatched revision	2026-09-12T04:41:44.7786525Z Or undo this operation with:
m20-timing-triage	Checkout exact dispatched revision	2026-09-12T04:41:44.7787658Z 
m20-timing-triage	Checkout exact dispatched revision	2026-09-12T04:41:44.7788139Z   git switch -
m20-timing-triage	Checkout exact dispatched revision	2026-09-12T04:41:44.7788673Z 
m20-timing-triage	Checkout exact dispatched revision	2026-09-12T04:41:44.7789836Z Turn off this advice by setting config variable advice.detachedHead to false
m20-timing-triage	Checkout exact dispatched revision	2026-09-12T04:41:44.7791667Z 
m20-timing-triage	Checkout exact dispatched revision	2026-09-12T04:41:44.7792877Z HEAD is now at d2ca855 feat(env): commit durable canonical digest pin and materialization path (#150)
m20-timing-triage	Checkout exact dispatched revision	2026-09-12T04:41:44.7797150Z ##[endgroup]
m20-timing-triage	Checkout exact dispatched revision	2026-09-12T04:41:44.7836261Z [command]/usr/bin/git log -1 --format=%H
m20-timing-triage	Checkout exact dispatched revision	2026-09-12T04:41:44.7863433Z d2ca8556f4fd086edcf82e0d2b1197571a619dda
m20-timing-triage	Assert exact checked-out revision	﻿2026-09-12T04:41:44.8107336Z ##[group]Run actual="$(git rev-parse HEAD)"
m20-timing-triage	Assert exact checked-out revision	2026-09-12T04:41:44.8108791Z ^[[36;1mactual="$(git rev-parse HEAD)"^[[0m
m20-timing-triage	Assert exact checked-out revision	2026-09-12T04:41:44.8110374Z ^[[36;1mecho "EXPECTED_REVISION=${GITHUB_SHA}"^[[0m
m20-timing-triage	Assert exact checked-out revision	2026-09-12T04:41:44.8111727Z ^[[36;1mecho "ACTUAL_REVISION=${actual}"^[[0m
m20-timing-triage	Assert exact checked-out revision	2026-09-12T04:41:44.8113094Z ^[[36;1mtest "${actual}" = "${GITHUB_SHA}"^[[0m
m20-timing-triage	Assert exact checked-out revision	2026-09-12T04:41:44.8154814Z shell: /usr/bin/bash -e {0}
m20-timing-triage	Assert exact checked-out revision	2026-09-12T04:41:44.8155926Z env:
m20-timing-triage	Assert exact checked-out revision	2026-09-12T04:41:44.8156774Z   CI_TREE: /tmp/ci-tree
m20-timing-triage	Assert exact checked-out revision	2026-09-12T04:41:44.8157738Z ##[endgroup]
m20-timing-triage	Assert exact checked-out revision	2026-09-12T04:41:44.8260605Z EXPECTED_REVISION=d2ca8556f4fd086edcf82e0d2b1197571a619dda
m20-timing-triage	Assert exact checked-out revision	2026-09-12T04:41:44.8263590Z ACTUAL_REVISION=d2ca8556f4fd086edcf82e0d2b1197571a619dda
m20-timing-triage	Materialize canonical environment by the same immutable registry digest	﻿2026-09-12T04:41:44.8428106Z ##[group]Run set -ueo pipefail
m20-timing-triage	Materialize canonical environment by the same immutable registry digest	2026-09-12T04:41:44.8429513Z ^[[36;1mset -ueo pipefail^[[0m
m20-timing-triage	Materialize canonical environment by the same immutable registry digest	2026-09-12T04:41:44.8439529Z ^[[36;1mecho "***" | docker login ghcr.io -u "CN-JJB" --password-stdin^[[0m
m20-timing-triage	Materialize canonical environment by the same immutable registry digest	2026-09-12T04:41:44.8441231Z ^[[36;1mbash scripts/canonical-image-pull.sh^[[0m
m20-timing-triage	Materialize canonical environment by the same immutable registry digest	2026-09-12T04:41:44.8478166Z shell: /usr/bin/bash -e {0}
m20-timing-triage	Materialize canonical environment by the same immutable registry digest	2026-09-12T04:41:44.8479384Z env:
m20-timing-triage	Materialize canonical environment by the same immutable registry digest	2026-09-12T04:41:44.8480252Z   CI_TREE: /tmp/ci-tree
m20-timing-triage	Materialize canonical environment by the same immutable registry digest	2026-09-12T04:41:44.8481232Z ##[endgroup]
m20-timing-triage	Materialize canonical environment by the same immutable registry digest	2026-09-12T04:41:45.4558897Z 
m20-timing-triage	Materialize canonical environment by the same immutable registry digest	2026-09-12T04:41:45.4559549Z Login Succeeded
m20-timing-triage	Materialize canonical environment by the same immutable registry digest	2026-09-12T04:41:45.4561006Z WARNING! Your credentials are stored unencrypted in '/home/runner/.docker/config.json'.
m20-timing-triage	Materialize canonical environment by the same immutable registry digest	2026-09-12T04:41:45.4562007Z Configure a credential helper to remove this warning. See
m20-timing-triage	Materialize canonical environment by the same immutable registry digest	2026-09-12T04:41:45.4562743Z https://docs.docker.com/go/credential-store/
m20-timing-triage	Materialize canonical environment by the same immutable registry digest	2026-09-12T04:41:45.4563148Z 
m20-timing-triage	Materialize canonical environment by the same immutable registry digest	2026-09-12T04:41:45.4678687Z RECIPE_DOCKERFILE=.devcontainer/Dockerfile
m20-timing-triage	Materialize canonical environment by the same immutable registry digest	2026-09-12T04:41:45.4679874Z RECIPE_BLOB_COMMITTED=51198ea12c3c9ddfa18a2246bddef491ea729559
m20-timing-triage	Materialize canonical environment by the same immutable registry digest	2026-09-12T04:41:45.4680846Z RECIPE_BLOB_ACTUAL=51198ea12c3c9ddfa18a2246bddef491ea729559
m20-timing-triage	Materialize canonical environment by the same immutable registry digest	2026-09-12T04:41:45.4681536Z RECIPE_BLOB_MATCH=YES
m20-timing-triage	Materialize canonical environment by the same immutable registry digest	2026-09-12T04:41:45.4699428Z === CANONICAL IMAGE IDENTITY (pre-pull) ===
m20-timing-triage	Materialize canonical environment by the same immutable registry digest	2026-09-12T04:41:45.4700530Z intended_registry_digest=sha256:766ce07ba3073cc28049ff07d6d4f643bd6e3cc7a7967a3ebd2bb8738219e460
m20-timing-triage	Materialize canonical environment by the same immutable registry digest	2026-09-12T04:41:45.4702073Z pull_reference=ghcr.io/cn-jjb/essential-cs/canonical@sha256:766ce07ba3073cc28049ff07d6d4f643bd6e3cc7a7967a3ebd2bb8738219e460
m20-timing-triage	Materialize canonical environment by the same immutable registry digest	2026-09-12T04:41:45.4703562Z platform=linux/amd64
m20-timing-triage	Materialize canonical environment by the same immutable registry digest	2026-09-12T04:41:45.4704067Z local_image_id=(not yet pulled)
m20-timing-triage	Materialize canonical environment by the same immutable registry digest	2026-09-12T04:41:45.4704805Z mutable_tag_candidate=ghcr.io/cn-jjb/essential-cs/canonical:candidate
m20-timing-triage	Materialize canonical environment by the same immutable registry digest	2026-09-12T04:41:45.4705620Z source_dockerfile=.devcontainer/Dockerfile
m20-timing-triage	Materialize canonical environment by the same immutable registry digest	2026-09-12T04:41:45.4706304Z source_base_digest=sha256:224a1869083a311ef3f13648a154ba79832fbef6364d31493642ca03082da254
m20-timing-triage	Materialize canonical environment by the same immutable registry digest	2026-09-12T04:41:45.4706869Z git_sha=d2ca8556f4fd086edcf82e0d2b1197571a619dda
m20-timing-triage	Materialize canonical environment by the same immutable registry digest	2026-09-12T04:41:45.4707227Z workflow_run_id=34673676055
m20-timing-triage	Materialize canonical environment by the same immutable registry digest	2026-09-12T04:41:45.4707543Z runner_image_version=20260907.300.1
m20-timing-triage	Materialize canonical environment by the same immutable registry digest	2026-09-12T04:41:45.4713063Z runner_arch=x86_64
m20-timing-triage	Materialize canonical environment by the same immutable registry digest	2026-09-12T04:41:45.4713776Z NOTE: intended_registry_digest is the pin; local image ID, mutable tags,
m20-timing-triage	Materialize canonical environment by the same immutable registry digest	2026-09-12T04:41:45.4714705Z       git SHA and runner image version are audit fields, NOT the pin.
m20-timing-triage	Materialize canonical environment by the same immutable registry digest	2026-09-12T04:41:45.4715419Z ===========================================
m20-timing-triage	Materialize canonical environment by the same immutable registry digest	2026-09-12T04:41:46.0521741Z ghcr.io/cn-jjb/essential-cs/canonical@sha256:766ce07ba3073cc28049ff07d6d4f643bd6e3cc7a7967a3ebd2bb8738219e460: Pulling from cn-jjb/essential-cs/canonical
m20-timing-triage	Materialize canonical environment by the same immutable registry digest	2026-09-12T04:41:46.0530318Z ef852a656105: Pulling fs layer
m20-timing-triage	Materialize canonical environment by the same immutable registry digest	2026-09-12T04:41:46.0540110Z facb0d65c012: Pulling fs layer
m20-timing-triage	Materialize canonical environment by the same immutable registry digest	2026-09-12T04:41:46.0540653Z 5affce2cbffd: Pulling fs layer
m20-timing-triage	Materialize canonical environment by the same immutable registry digest	2026-09-12T04:41:46.0541143Z 818d662cd74f: Pulling fs layer
m20-timing-triage	Materialize canonical environment by the same immutable registry digest	2026-09-12T04:41:46.0541548Z 818d662cd74f: Waiting
m20-timing-triage	Materialize canonical environment by the same immutable registry digest	2026-09-12T04:41:46.7292040Z ef852a656105: Verifying Checksum
m20-timing-triage	Materialize canonical environment by the same immutable registry digest	2026-09-12T04:41:46.7293148Z ef852a656105: Download complete
m20-timing-triage	Materialize canonical environment by the same immutable registry digest	2026-09-12T04:41:46.9817592Z 818d662cd74f: Download complete
m20-timing-triage	Materialize canonical environment by the same immutable registry digest	2026-09-12T04:41:47.9260137Z ef852a656105: Pull complete
m20-timing-triage	Materialize canonical environment by the same immutable registry digest	2026-09-12T04:41:48.0545584Z facb0d65c012: Verifying Checksum
m20-timing-triage	Materialize canonical environment by the same immutable registry digest	2026-09-12T04:41:48.7258294Z facb0d65c012: Download complete
m20-timing-triage	Materialize canonical environment by the same immutable registry digest	2026-09-12T04:41:48.7258870Z 5affce2cbffd: Verifying Checksum
m20-timing-triage	Materialize canonical environment by the same immutable registry digest	2026-09-12T04:41:48.7259664Z 5affce2cbffd: Download complete
m20-timing-triage	Materialize canonical environment by the same immutable registry digest	2026-09-12T04:41:53.4969994Z facb0d65c012: Pull complete
m20-timing-triage	Materialize canonical environment by the same immutable registry digest	2026-09-12T04:41:57.9082576Z 5affce2cbffd: Pull complete
m20-timing-triage	Materialize canonical environment by the same immutable registry digest	2026-09-12T04:41:57.9199928Z 818d662cd74f: Pull complete
m20-timing-triage	Materialize canonical environment by the same immutable registry digest	2026-09-12T04:41:57.9242012Z Digest: sha256:766ce07ba3073cc28049ff07d6d4f643bd6e3cc7a7967a3ebd2bb8738219e460
m20-timing-triage	Materialize canonical environment by the same immutable registry digest	2026-09-12T04:41:57.9249035Z Status: Downloaded newer image for ghcr.io/cn-jjb/essential-cs/canonical@sha256:766ce07ba3073cc28049ff07d6d4f643bd6e3cc7a7967a3ebd2bb8738219e460
m20-timing-triage	Materialize canonical environment by the same immutable registry digest	2026-09-12T04:41:57.9259146Z ghcr.io/cn-jjb/essential-cs/canonical@sha256:766ce07ba3073cc28049ff07d6d4f643bd6e3cc7a7967a3ebd2bb8738219e460
m20-timing-triage	Materialize canonical environment by the same immutable registry digest	2026-09-12T04:41:57.9536138Z === CANONICAL IMAGE IDENTITY (post-pull) ===
m20-timing-triage	Materialize canonical environment by the same immutable registry digest	2026-09-12T04:41:57.9536754Z intended_registry_digest=sha256:766ce07ba3073cc28049ff07d6d4f643bd6e3cc7a7967a3ebd2bb8738219e460
m20-timing-triage	Materialize canonical environment by the same immutable registry digest	2026-09-12T04:41:57.9538701Z pull_reference=ghcr.io/cn-jjb/essential-cs/canonical@sha256:766ce07ba3073cc28049ff07d6d4f643bd6e3cc7a7967a3ebd2bb8738219e460
m20-timing-triage	Materialize canonical environment by the same immutable registry digest	2026-09-12T04:41:57.9539958Z platform=linux/amd64
m20-timing-triage	Materialize canonical environment by the same immutable registry digest	2026-09-12T04:41:57.9540610Z local_image_id=sha256:24a926a0dcc9b98b7298b8728d68417233f15f32a23350bf1273bb26089d7805
m20-timing-triage	Materialize canonical environment by the same immutable registry digest	2026-09-12T04:41:57.9541337Z repo_digests_begin
m20-timing-triage	Materialize canonical environment by the same immutable registry digest	2026-09-12T04:41:57.9541805Z ghcr.io/cn-jjb/essential-cs/canonical@sha256:766ce07ba3073cc28049ff07d6d4f643bd6e3cc7a7967a3ebd2bb8738219e460 
m20-timing-triage	Materialize canonical environment by the same immutable registry digest	2026-09-12T04:41:57.9542327Z repo_digests_end
m20-timing-triage	Materialize canonical environment by the same immutable registry digest	2026-09-12T04:41:57.9543036Z NOTE: local_image_id is a daemon-local identifier produced by this pull;
m20-timing-triage	Materialize canonical environment by the same immutable registry digest	2026-09-12T04:41:57.9543861Z       it is NOT durable, NOT retrievable by itself, and NOT the pin.
m20-timing-triage	Materialize canonical environment by the same immutable registry digest	2026-09-12T04:41:57.9544772Z ===========================================
m20-timing-triage	Materialize canonical environment by the same immutable registry digest	2026-09-12T04:41:57.9557426Z REPO_DIGESTS_CONTAIN_PIN=YES
m20-timing-triage	Materialize canonical environment by the same immutable registry digest	2026-09-12T04:41:57.9558324Z INTENDED_REGISTRY_DIGEST=sha256:766ce07ba3073cc28049ff07d6d4f643bd6e3cc7a7967a3ebd2bb8738219e460
m20-timing-triage	Materialize canonical environment by the same immutable registry digest	2026-09-12T04:41:57.9560693Z CANONICAL_IMAGE=ghcr.io/cn-jjb/essential-cs/canonical@sha256:766ce07ba3073cc28049ff07d6d4f643bd6e3cc7a7967a3ebd2bb8738219e460
m20-timing-triage	Materialize LF tree for course execution	﻿2026-09-12T04:41:57.9602922Z ##[group]Run rm -rf "${CI_TREE}"
m20-timing-triage	Materialize LF tree for course execution	2026-09-12T04:41:57.9603247Z ^[[36;1mrm -rf "${CI_TREE}"^[[0m
m20-timing-triage	Materialize LF tree for course execution	2026-09-12T04:41:57.9603680Z ^[[36;1mmkdir -p "${CI_TREE}/.ci-logs"^[[0m
m20-timing-triage	Materialize LF tree for course execution	2026-09-12T04:41:57.9604123Z ^[[36;1mgit -c core.autocrlf=false archive --format=tar HEAD | tar -x -C "${CI_TREE}"^[[0m
m20-timing-triage	Materialize LF tree for course execution	2026-09-12T04:41:57.9642022Z shell: /usr/bin/bash -e {0}
m20-timing-triage	Materialize LF tree for course execution	2026-09-12T04:41:57.9642281Z env:
m20-timing-triage	Materialize LF tree for course execution	2026-09-12T04:41:57.9642476Z   CI_TREE: /tmp/ci-tree
m20-timing-triage	Materialize LF tree for course execution	2026-09-12T04:41:57.9643024Z   CANONICAL_IMAGE: ghcr.io/cn-jjb/essential-cs/canonical@sha256:766ce07ba3073cc28049ff07d6d4f643bd6e3cc7a7967a3ebd2bb8738219e460
m20-timing-triage	Materialize LF tree for course execution	2026-09-12T04:41:57.9643816Z   CANONICAL_IMAGE_DIGEST: sha256:766ce07ba3073cc28049ff07d6d4f643bd6e3cc7a7967a3ebd2bb8738219e460
m20-timing-triage	Materialize LF tree for course execution	2026-09-12T04:41:57.9644350Z   CANONICAL_IMAGE_REF: ghcr.io/cn-jjb/essential-cs/canonical
m20-timing-triage	Materialize LF tree for course execution	2026-09-12T04:41:57.9644674Z ##[endgroup]
m20-timing-triage	m20 trio repeat characterization (diagnostic ONLY, never stable-green evidence)	﻿2026-09-12T04:41:58.0084973Z ##[group]Run docker run --rm -v "${CI_TREE}:/work" -w /work "${CANONICAL_IMAGE}" bash -c '
m20-timing-triage	m20 trio repeat characterization (diagnostic ONLY, never stable-green evidence)	2026-09-12T04:41:58.0085604Z ^[[36;1mdocker run --rm -v "${CI_TREE}:/work" -w /work "${CANONICAL_IMAGE}" bash -c '^[[0m
m20-timing-triage	m20 trio repeat characterization (diagnostic ONLY, never stable-green evidence)	2026-09-12T04:41:58.0086016Z ^[[36;1m  cd labs/foundations/m20^[[0m
m20-timing-triage	m20 trio repeat characterization (diagnostic ONLY, never stable-green evidence)	2026-09-12T04:41:58.0086286Z ^[[36;1m  for i in 1 2 3 4 5; do^[[0m
m20-timing-triage	m20 trio repeat characterization (diagnostic ONLY, never stable-green evidence)	2026-09-12T04:41:58.0086839Z ^[[36;1m    if python3 -m unittest test_m20.TestThreeServicePipelineIntegration > "/work/.ci-logs/m20-trio-run$i.log" 2>&1; then^[[0m
m20-timing-triage	m20 trio repeat characterization (diagnostic ONLY, never stable-green evidence)	2026-09-12T04:41:58.0087441Z ^[[36;1m      echo "TRIO_RUN_$i=PASS"^[[0m
m20-timing-triage	m20 trio repeat characterization (diagnostic ONLY, never stable-green evidence)	2026-09-12T04:41:58.0087706Z ^[[36;1m    else^[[0m
m20-timing-triage	m20 trio repeat characterization (diagnostic ONLY, never stable-green evidence)	2026-09-12T04:41:58.0087923Z ^[[36;1m      echo "TRIO_RUN_$i=FAIL"^[[0m
m20-timing-triage	m20 trio repeat characterization (diagnostic ONLY, never stable-green evidence)	2026-09-12T04:41:58.0088171Z ^[[36;1m    fi^[[0m
m20-timing-triage	m20 trio repeat characterization (diagnostic ONLY, never stable-green evidence)	2026-09-12T04:41:58.0088360Z ^[[36;1m  done^[[0m
m20-timing-triage	m20 trio repeat characterization (diagnostic ONLY, never stable-green evidence)	2026-09-12T04:41:58.0088713Z ^[[36;1m  echo TRIAGE_REPEATS_DONE; exit 0' | tee "${CI_TREE}/.ci-logs/m20-trio-summary.txt"^[[0m
m20-timing-triage	m20 trio repeat characterization (diagnostic ONLY, never stable-green evidence)	2026-09-12T04:41:58.0089637Z ^[[36;1mecho '## m20 timing triage (diagnostic, non-blocking — see workflow header)' >> "${GITHUB_STEP_SUMMARY}"^[[0m
m20-timing-triage	m20 trio repeat characterization (diagnostic ONLY, never stable-green evidence)	2026-09-12T04:41:58.0090333Z ^[[36;1mcat "${CI_TREE}/.ci-logs/m20-trio-summary.txt" >> "${GITHUB_STEP_SUMMARY}"^[[0m
m20-timing-triage	m20 trio repeat characterization (diagnostic ONLY, never stable-green evidence)	2026-09-12T04:41:58.0124191Z shell: /usr/bin/bash -e {0}
m20-timing-triage	m20 trio repeat characterization (diagnostic ONLY, never stable-green evidence)	2026-09-12T04:41:58.0124448Z env:
m20-timing-triage	m20 trio repeat characterization (diagnostic ONLY, never stable-green evidence)	2026-09-12T04:41:58.0124658Z   CI_TREE: /tmp/ci-tree
m20-timing-triage	m20 trio repeat characterization (diagnostic ONLY, never stable-green evidence)	2026-09-12T04:41:58.0125199Z   CANONICAL_IMAGE: ghcr.io/cn-jjb/essential-cs/canonical@sha256:766ce07ba3073cc28049ff07d6d4f643bd6e3cc7a7967a3ebd2bb8738219e460
m20-timing-triage	m20 trio repeat characterization (diagnostic ONLY, never stable-green evidence)	2026-09-12T04:41:58.0125977Z   CANONICAL_IMAGE_DIGEST: sha256:766ce07ba3073cc28049ff07d6d4f643bd6e3cc7a7967a3ebd2bb8738219e460
m20-timing-triage	m20 trio repeat characterization (diagnostic ONLY, never stable-green evidence)	2026-09-12T04:41:58.0126510Z   CANONICAL_IMAGE_REF: ghcr.io/cn-jjb/essential-cs/canonical
m20-timing-triage	m20 trio repeat characterization (diagnostic ONLY, never stable-green evidence)	2026-09-12T04:41:58.0126839Z ##[endgroup]
m20-timing-triage	m20 trio repeat characterization (diagnostic ONLY, never stable-green evidence)	2026-09-12T04:42:03.8584781Z TRIO_RUN_1=PASS
m20-timing-triage	m20 trio repeat characterization (diagnostic ONLY, never stable-green evidence)	2026-09-12T04:42:08.4894059Z TRIO_RUN_2=PASS
m20-timing-triage	m20 trio repeat characterization (diagnostic ONLY, never stable-green evidence)	2026-09-12T04:42:14.1223562Z TRIO_RUN_3=PASS
m20-timing-triage	m20 trio repeat characterization (diagnostic ONLY, never stable-green evidence)	2026-09-12T04:42:19.7559744Z TRIO_RUN_4=PASS
m20-timing-triage	m20 trio repeat characterization (diagnostic ONLY, never stable-green evidence)	2026-09-12T04:42:24.3875974Z TRIO_RUN_5=PASS
m20-timing-triage	m20 trio repeat characterization (diagnostic ONLY, never stable-green evidence)	2026-09-12T04:42:24.3876552Z TRIAGE_REPEATS_DONE
m20-timing-triage	Upload triage bundle	﻿2026-09-12T04:42:24.4720257Z Node 20 is being deprecated. This workflow is running with Node 24 by default. If you need to temporarily use Node 20, you can set the ACTIONS_ALLOW_USE_UNSECURE_NODE_VERSION=true environment variable. For more information see: https://github.blog/changelog/2025-09-19-deprecation-of-node-20-on-github-actions-runners/
m20-timing-triage	Upload triage bundle	2026-09-12T04:42:24.4721902Z ##[group]Run actions/upload-artifact@v4
m20-timing-triage	Upload triage bundle	2026-09-12T04:42:24.4722179Z with:
m20-timing-triage	Upload triage bundle	2026-09-12T04:42:24.4722387Z   name: canonical-m20-triage
m20-timing-triage	Upload triage bundle	2026-09-12T04:42:24.4722652Z   path: /tmp/ci-tree/.ci-logs/
m20-timing-triage	Upload triage bundle	2026-09-12T04:42:24.4722901Z   include-hidden-files: true
m20-timing-triage	Upload triage bundle	2026-09-12T04:42:24.4723138Z   if-no-files-found: warn
m20-timing-triage	Upload triage bundle	2026-09-12T04:42:24.4723366Z   compression-level: 6
m20-timing-triage	Upload triage bundle	2026-09-12T04:42:24.4723576Z   overwrite: false
m20-timing-triage	Upload triage bundle	2026-09-12T04:42:24.4723763Z env:
m20-timing-triage	Upload triage bundle	2026-09-12T04:42:24.4723941Z   CI_TREE: /tmp/ci-tree
m20-timing-triage	Upload triage bundle	2026-09-12T04:42:24.4724470Z   CANONICAL_IMAGE: ghcr.io/cn-jjb/essential-cs/canonical@sha256:766ce07ba3073cc28049ff07d6d4f643bd6e3cc7a7967a3ebd2bb8738219e460
m20-timing-triage	Upload triage bundle	2026-09-12T04:42:24.4725281Z   CANONICAL_IMAGE_DIGEST: sha256:766ce07ba3073cc28049ff07d6d4f643bd6e3cc7a7967a3ebd2bb8738219e460
m20-timing-triage	Upload triage bundle	2026-09-12T04:42:24.4725814Z   CANONICAL_IMAGE_REF: ghcr.io/cn-jjb/essential-cs/canonical
m20-timing-triage	Upload triage bundle	2026-09-12T04:42:24.4726136Z ##[endgroup]
m20-timing-triage	Upload triage bundle	2026-09-12T04:42:24.6357000Z (node:2666) [DEP0040] DeprecationWarning: The `punycode` module is deprecated. Please use a userland alternative instead.
m20-timing-triage	Upload triage bundle	2026-09-12T04:42:24.6358653Z (Use `node --trace-deprecation ...` to show where the warning was created)
m20-timing-triage	Upload triage bundle	2026-09-12T04:42:24.6445810Z With the provided path, there will be 6 files uploaded
m20-timing-triage	Upload triage bundle	2026-09-12T04:42:24.6446669Z Artifact name is valid!
m20-timing-triage	Upload triage bundle	2026-09-12T04:42:24.6447887Z Root directory input is valid!
m20-timing-triage	Upload triage bundle	2026-09-12T04:42:24.9672533Z Beginning upload of artifact content to blob storage
m20-timing-triage	Upload triage bundle	2026-09-12T04:42:24.9933354Z (node:2666) [DEP0169] DeprecationWarning: `url.parse()` behavior is not standardized and prone to errors that have security implications. Use the WHATWG URL API instead. CVEs are not issued for `url.parse()` vulnerabilities.
m20-timing-triage	Upload triage bundle	2026-09-12T04:42:25.1927078Z Uploaded bytes 1023
m20-timing-triage	Upload triage bundle	2026-09-12T04:42:25.2500265Z Finished uploading artifact content to blob storage!
m20-timing-triage	Upload triage bundle	2026-09-12T04:42:25.2501449Z SHA256 digest of uploaded artifact zip is 13aeb60bacf50ff69b6181c83105ed96891c0c4436013e08c11f68a34841c192
m20-timing-triage	Upload triage bundle	2026-09-12T04:42:25.2503841Z Finalizing artifact upload
m20-timing-triage	Upload triage bundle	2026-09-12T04:42:25.4798713Z Artifact canonical-m20-triage.zip successfully finalized. Artifact ID 10291537924
m20-timing-triage	Upload triage bundle	2026-09-12T04:42:25.4800254Z Artifact canonical-m20-triage has been successfully uploaded! Final size is 1023 bytes. Artifact ID is 10291537924
m20-timing-triage	Upload triage bundle	2026-09-12T04:42:25.4806450Z Artifact download URL: https://github.com/CN-JJB/essential-cs/actions/runs/34673676055/artifacts/10291537924
m20-timing-triage	Post Checkout exact dispatched revision	﻿2026-09-12T04:42:25.5010096Z Node 20 is being deprecated. This workflow is running with Node 24 by default. If you need to temporarily use Node 20, you can set the ACTIONS_ALLOW_USE_UNSECURE_NODE_VERSION=true environment variable. For more information see: https://github.blog/changelog/2025-09-19-deprecation-of-node-20-on-github-actions-runners/
m20-timing-triage	Post Checkout exact dispatched revision	2026-09-12T04:42:25.5011391Z Post job cleanup.
m20-timing-triage	Post Checkout exact dispatched revision	2026-09-12T04:42:25.5900603Z [command]/usr/bin/git version
m20-timing-triage	Post Checkout exact dispatched revision	2026-09-12T04:42:25.5943827Z git version 2.55.0
m20-timing-triage	Post Checkout exact dispatched revision	2026-09-12T04:42:25.5998228Z Temporarily overriding HOME='/home/runner/work/_temp/3bc176d2-16fe-4f27-a580-95444b96638c' before making global git config changes
m20-timing-triage	Post Checkout exact dispatched revision	2026-09-12T04:42:25.5999988Z Adding repository directory to the temporary git global config as a safe directory
m20-timing-triage	Post Checkout exact dispatched revision	2026-09-12T04:42:25.6001228Z [command]/usr/bin/git config --global --add safe.directory /home/runner/work/essential-cs/essential-cs
m20-timing-triage	Post Checkout exact dispatched revision	2026-09-12T04:42:25.6026603Z [command]/usr/bin/git config --local --name-only --get-regexp core\.sshCommand
m20-timing-triage	Post Checkout exact dispatched revision	2026-09-12T04:42:25.6062189Z [command]/usr/bin/git submodule foreach --recursive sh -c "git config --local --name-only --get-regexp 'core\.sshCommand' && git config --local --unset-all 'core.sshCommand' || :"
m20-timing-triage	Post Checkout exact dispatched revision	2026-09-12T04:42:25.6309629Z [command]/usr/bin/git config --local --name-only --get-regexp http\.https\:\/\/github\.com\/\.extraheader
m20-timing-triage	Post Checkout exact dispatched revision	2026-09-12T04:42:25.6337009Z http.https://github.com/.extraheader
m20-timing-triage	Post Checkout exact dispatched revision	2026-09-12T04:42:25.6350614Z [command]/usr/bin/git config --local --unset-all http.https://github.com/.extraheader
m20-timing-triage	Post Checkout exact dispatched revision	2026-09-12T04:42:25.6394432Z [command]/usr/bin/git submodule foreach --recursive sh -c "git config --local --name-only --get-regexp 'http\.https\:\/\/github\.com\/\.extraheader' && git config --local --unset-all 'http.https://github.com/.extraheader' || :"
m20-timing-triage	Post Checkout exact dispatched revision	2026-09-12T04:42:25.6643913Z [command]/usr/bin/git config --local --name-only --get-regexp ^includeIf\.gitdir:
m20-timing-triage	Post Checkout exact dispatched revision	2026-09-12T04:42:25.6684241Z [command]/usr/bin/git submodule foreach --recursive git config --local --show-origin --name-only --get-regexp remote.origin.url
m20-timing-triage	Complete job	﻿2026-09-12T04:42:25.7073949Z Cleaning up orphan processes
m20-timing-triage	Complete job	2026-09-12T04:42:25.7383525Z ##[warning]Node.js 20 is deprecated. The following actions target Node.js 20 but are being forced to run on Node.js 24: actions/checkout@v4, actions/upload-artifact@v4. For more information see: https://github.blog/changelog/2025-09-19-deprecation-of-node-20-on-github-actions-runners/
qemu-smoke	Set up job	﻿2026-09-12T04:41:42.1936938Z Current runner version: '2.337.0'
qemu-smoke	Set up job	2026-09-12T04:41:42.1962625Z ##[group]Runner Image Provisioner
qemu-smoke	Set up job	2026-09-12T04:41:42.1963525Z Hosted Compute Agent
qemu-smoke	Set up job	2026-09-12T04:41:42.1964118Z Version: 20260828.587
qemu-smoke	Set up job	2026-09-12T04:41:42.1964943Z Commit: abac92662cab4cc7352de4f9f9d2e2419aad9c29
qemu-smoke	Set up job	2026-09-12T04:41:42.1965705Z Build Date: 2026-08-28T16:44:25Z
qemu-smoke	Set up job	2026-09-12T04:41:42.1966450Z Worker ID: {e1a602ad-b819-4823-b357-79720467f754}
qemu-smoke	Set up job	2026-09-12T04:41:42.1967192Z Azure Region: eastus
qemu-smoke	Set up job	2026-09-12T04:41:42.1967798Z ##[endgroup]
qemu-smoke	Set up job	2026-09-12T04:41:42.1969357Z ##[group]Operating System
qemu-smoke	Set up job	2026-09-12T04:41:42.1970480Z Ubuntu
qemu-smoke	Set up job	2026-09-12T04:41:42.1971111Z 24.04.5
qemu-smoke	Set up job	2026-09-12T04:41:42.1971697Z LTS
qemu-smoke	Set up job	2026-09-12T04:41:42.1972218Z ##[endgroup]
qemu-smoke	Set up job	2026-09-12T04:41:42.1973312Z ##[group]Runner Image
qemu-smoke	Set up job	2026-09-12T04:41:42.1973945Z Image: ubuntu-24.04
qemu-smoke	Set up job	2026-09-12T04:41:42.1974501Z Version: 20260907.300.1
qemu-smoke	Set up job	2026-09-12T04:41:42.1975647Z Included Software: https://github.com/actions/runner-images/blob/ubuntu24/20260907.300/images/ubuntu/Ubuntu2404-Readme.md
qemu-smoke	Set up job	2026-09-12T04:41:42.1977508Z Image Release: https://github.com/actions/runner-images/releases/tag/ubuntu24%2F20260907.300
qemu-smoke	Set up job	2026-09-12T04:41:42.1978509Z ##[endgroup]
qemu-smoke	Set up job	2026-09-12T04:41:42.1979976Z ##[group]GITHUB_TOKEN Permissions
qemu-smoke	Set up job	2026-09-12T04:41:42.1982120Z Contents: read
qemu-smoke	Set up job	2026-09-12T04:41:42.1982915Z Metadata: read
qemu-smoke	Set up job	2026-09-12T04:41:42.1983505Z Packages: read
qemu-smoke	Set up job	2026-09-12T04:41:42.1984056Z ##[endgroup]
qemu-smoke	Set up job	2026-09-12T04:41:42.1986369Z Secret source: Actions
qemu-smoke	Set up job	2026-09-12T04:41:42.1987331Z Cache mode: write
qemu-smoke	Set up job	2026-09-12T04:41:42.1988544Z Prepare workflow directory
qemu-smoke	Set up job	2026-09-12T04:41:42.2375952Z Prepare all required actions
qemu-smoke	Set up job	2026-09-12T04:41:42.2423019Z Getting action download info
qemu-smoke	Set up job	2026-09-12T04:41:42.4386309Z Download action repository 'actions/checkout@v4' (SHA:11d5960a326750d5838078e36cf38b85af677262)
qemu-smoke	Set up job	2026-09-12T04:41:42.5488667Z Download action repository 'actions/upload-artifact@v4' (SHA:ea165f8d65b6e75b540449e92b4886f43607fa02)
qemu-smoke	Set up job	2026-09-12T04:41:42.7701690Z Complete job name: qemu-smoke
qemu-smoke	Checkout exact dispatched revision	﻿2026-09-12T04:41:42.8488542Z Node 20 is being deprecated. This workflow is running with Node 24 by default. If you need to temporarily use Node 20, you can set the ACTIONS_ALLOW_USE_UNSECURE_NODE_VERSION=true environment variable. For more information see: https://github.blog/changelog/2025-09-19-deprecation-of-node-20-on-github-actions-runners/
qemu-smoke	Checkout exact dispatched revision	2026-09-12T04:41:42.8498024Z ##[group]Run actions/checkout@v4
qemu-smoke	Checkout exact dispatched revision	2026-09-12T04:41:42.8498813Z with:
qemu-smoke	Checkout exact dispatched revision	2026-09-12T04:41:42.8499308Z   ref: d2ca8556f4fd086edcf82e0d2b1197571a619dda
qemu-smoke	Checkout exact dispatched revision	2026-09-12T04:41:42.8500138Z   fetch-depth: 0
qemu-smoke	Checkout exact dispatched revision	2026-09-12T04:41:42.8500622Z   repository: CN-JJB/essential-cs
qemu-smoke	Checkout exact dispatched revision	2026-09-12T04:41:42.8504594Z   token: ***
qemu-smoke	Checkout exact dispatched revision	2026-09-12T04:41:42.8505030Z   ssh-strict: true
qemu-smoke	Checkout exact dispatched revision	2026-09-12T04:41:42.8505481Z   ssh-user: git
qemu-smoke	Checkout exact dispatched revision	2026-09-12T04:41:42.8505934Z   persist-credentials: true
qemu-smoke	Checkout exact dispatched revision	2026-09-12T04:41:42.8506432Z   clean: true
qemu-smoke	Checkout exact dispatched revision	2026-09-12T04:41:42.8506886Z   sparse-checkout-cone-mode: true
qemu-smoke	Checkout exact dispatched revision	2026-09-12T04:41:42.8507412Z   fetch-tags: false
qemu-smoke	Checkout exact dispatched revision	2026-09-12T04:41:42.8507858Z   show-progress: true
qemu-smoke	Checkout exact dispatched revision	2026-09-12T04:41:42.8508344Z   lfs: false
qemu-smoke	Checkout exact dispatched revision	2026-09-12T04:41:42.8508757Z   submodules: false
qemu-smoke	Checkout exact dispatched revision	2026-09-12T04:41:42.8509210Z   set-safe-directory: true
qemu-smoke	Checkout exact dispatched revision	2026-09-12T04:41:42.8509851Z   allow-unsafe-pr-checkout: false
qemu-smoke	Checkout exact dispatched revision	2026-09-12T04:41:42.8510642Z env:
qemu-smoke	Checkout exact dispatched revision	2026-09-12T04:41:42.8511071Z   CI_TREE: /tmp/ci-tree
qemu-smoke	Checkout exact dispatched revision	2026-09-12T04:41:42.8511534Z ##[endgroup]
qemu-smoke	Checkout exact dispatched revision	2026-09-12T04:41:42.9512400Z Syncing repository: CN-JJB/essential-cs
qemu-smoke	Checkout exact dispatched revision	2026-09-12T04:41:42.9515049Z ##[group]Getting Git version info
qemu-smoke	Checkout exact dispatched revision	2026-09-12T04:41:42.9516282Z Working directory is '/home/runner/work/essential-cs/essential-cs'
qemu-smoke	Checkout exact dispatched revision	2026-09-12T04:41:42.9517971Z [command]/usr/bin/git version
qemu-smoke	Checkout exact dispatched revision	2026-09-12T04:41:42.9593601Z git version 2.55.0
qemu-smoke	Checkout exact dispatched revision	2026-09-12T04:41:42.9649305Z ##[endgroup]
qemu-smoke	Checkout exact dispatched revision	2026-09-12T04:41:42.9665020Z Temporarily overriding HOME='/home/runner/work/_temp/24a4ed83-3b7b-4fed-84c0-62118e145168' before making global git config changes
qemu-smoke	Checkout exact dispatched revision	2026-09-12T04:41:42.9667522Z Adding repository directory to the temporary git global config as a safe directory
qemu-smoke	Checkout exact dispatched revision	2026-09-12T04:41:42.9669968Z [command]/usr/bin/git config --global --add safe.directory /home/runner/work/essential-cs/essential-cs
qemu-smoke	Checkout exact dispatched revision	2026-09-12T04:41:42.9725004Z Deleting the contents of '/home/runner/work/essential-cs/essential-cs'
qemu-smoke	Checkout exact dispatched revision	2026-09-12T04:41:42.9728513Z ##[group]Initializing the repository
qemu-smoke	Checkout exact dispatched revision	2026-09-12T04:41:42.9732759Z [command]/usr/bin/git init /home/runner/work/essential-cs/essential-cs
qemu-smoke	Checkout exact dispatched revision	2026-09-12T04:41:42.9858953Z hint: Using 'master' as the name for the initial branch. This default branch name
qemu-smoke	Checkout exact dispatched revision	2026-09-12T04:41:42.9861022Z hint: will change to "main" in Git 3.0. To configure the initial branch name
qemu-smoke	Checkout exact dispatched revision	2026-09-12T04:41:42.9862919Z hint: to use in all of your new repositories, which will suppress this warning,
qemu-smoke	Checkout exact dispatched revision	2026-09-12T04:41:42.9864426Z hint: call:
qemu-smoke	Checkout exact dispatched revision	2026-09-12T04:41:42.9865326Z hint:
qemu-smoke	Checkout exact dispatched revision	2026-09-12T04:41:42.9866545Z hint: 	git config --global init.defaultBranch <name>
qemu-smoke	Checkout exact dispatched revision	2026-09-12T04:41:42.9867886Z hint:
qemu-smoke	Checkout exact dispatched revision	2026-09-12T04:41:42.9869175Z hint: Names commonly chosen instead of 'master' are 'main', 'trunk' and
qemu-smoke	Checkout exact dispatched revision	2026-09-12T04:41:42.9871194Z hint: 'development'. The just-created branch can be renamed via this command:
qemu-smoke	Checkout exact dispatched revision	2026-09-12T04:41:42.9873602Z hint:
qemu-smoke	Checkout exact dispatched revision	2026-09-12T04:41:42.9874603Z hint: 	git branch -m <name>
qemu-smoke	Checkout exact dispatched revision	2026-09-12T04:41:42.9875621Z hint:
qemu-smoke	Checkout exact dispatched revision	2026-09-12T04:41:42.9876892Z hint: Disable this message with "git config set advice.defaultBranchName false"
qemu-smoke	Checkout exact dispatched revision	2026-09-12T04:41:42.9878974Z Initialized empty Git repository in /home/runner/work/essential-cs/essential-cs/.git/
qemu-smoke	Checkout exact dispatched revision	2026-09-12T04:41:42.9883273Z [command]/usr/bin/git remote add origin https://github.com/CN-JJB/essential-cs
qemu-smoke	Checkout exact dispatched revision	2026-09-12T04:41:42.9932524Z ##[endgroup]
qemu-smoke	Checkout exact dispatched revision	2026-09-12T04:41:42.9933853Z ##[group]Disabling automatic garbage collection
qemu-smoke	Checkout exact dispatched revision	2026-09-12T04:41:42.9937120Z [command]/usr/bin/git config --local gc.auto 0
qemu-smoke	Checkout exact dispatched revision	2026-09-12T04:41:42.9972146Z ##[endgroup]
qemu-smoke	Checkout exact dispatched revision	2026-09-12T04:41:42.9973502Z ##[group]Setting up auth
qemu-smoke	Checkout exact dispatched revision	2026-09-12T04:41:42.9979406Z [command]/usr/bin/git config --local --name-only --get-regexp core\.sshCommand
qemu-smoke	Checkout exact dispatched revision	2026-09-12T04:41:43.0015374Z [command]/usr/bin/git submodule foreach --recursive sh -c "git config --local --name-only --get-regexp 'core\.sshCommand' && git config --local --unset-all 'core.sshCommand' || :"
qemu-smoke	Checkout exact dispatched revision	2026-09-12T04:41:43.0405296Z [command]/usr/bin/git config --local --name-only --get-regexp http\.https\:\/\/github\.com\/\.extraheader
qemu-smoke	Checkout exact dispatched revision	2026-09-12T04:41:43.0442651Z [command]/usr/bin/git submodule foreach --recursive sh -c "git config --local --name-only --get-regexp 'http\.https\:\/\/github\.com\/\.extraheader' && git config --local --unset-all 'http.https://github.com/.extraheader' || :"
qemu-smoke	Checkout exact dispatched revision	2026-09-12T04:41:43.0665851Z [command]/usr/bin/git config --local --name-only --get-regexp ^includeIf\.gitdir:
qemu-smoke	Checkout exact dispatched revision	2026-09-12T04:41:43.0701925Z [command]/usr/bin/git submodule foreach --recursive git config --local --show-origin --name-only --get-regexp remote.origin.url
qemu-smoke	Checkout exact dispatched revision	2026-09-12T04:41:43.0928948Z [command]/usr/bin/git config --local http.https://github.com/.extraheader AUTHORIZATION: basic ***
qemu-smoke	Checkout exact dispatched revision	2026-09-12T04:41:43.0968760Z ##[endgroup]
qemu-smoke	Checkout exact dispatched revision	2026-09-12T04:41:43.0970208Z ##[group]Fetching the repository
qemu-smoke	Checkout exact dispatched revision	2026-09-12T04:41:43.0981199Z [command]/usr/bin/git -c protocol.version=2 fetch --prune --no-recurse-submodules origin +refs/heads/*:refs/remotes/origin/* +refs/tags/*:refs/tags/*
qemu-smoke	Checkout exact dispatched revision	2026-09-12T04:41:43.5761525Z From https://github.com/CN-JJB/essential-cs
qemu-smoke	Checkout exact dispatched revision	2026-09-12T04:41:43.5764455Z  * [new branch]      architecture/issue-36-build-first -> origin/architecture/issue-36-build-first
qemu-smoke	Checkout exact dispatched revision	2026-09-12T04:41:43.5768190Z  * [new branch]      audit/issue-140-post-v09-v10-gap-plan -> origin/audit/issue-140-post-v09-v10-gap-plan
qemu-smoke	Checkout exact dispatched revision	2026-09-12T04:41:43.5771575Z  * [new branch]      audit/issue-2-external-curriculum-v0.1 -> origin/audit/issue-2-external-curriculum-v0.1
qemu-smoke	Checkout exact dispatched revision	2026-09-12T04:41:43.5774642Z  * [new branch]      blueprint/issue-1-core-map -> origin/blueprint/issue-1-core-map
qemu-smoke	Checkout exact dispatched revision	2026-09-12T04:41:43.5777517Z  * [new branch]      blueprint/issue-10-audit-disposition -> origin/blueprint/issue-10-audit-disposition
qemu-smoke	Checkout exact dispatched revision	2026-09-12T04:41:43.5780747Z  * [new branch]      blueprint/issue-11-mini-cloud-alignment -> origin/blueprint/issue-11-mini-cloud-alignment
qemu-smoke	Checkout exact dispatched revision	2026-09-12T04:41:43.5783823Z  * [new branch]      blueprint/issue-12-lab-source-selection -> origin/blueprint/issue-12-lab-source-selection
qemu-smoke	Checkout exact dispatched revision	2026-09-12T04:41:43.5787915Z  * [new branch]      blueprint/issue-13-competency-concepts -> origin/blueprint/issue-13-competency-concepts
qemu-smoke	Checkout exact dispatched revision	2026-09-12T04:41:43.5792384Z  * [new branch]      blueprint/issue-19-course-identity-entry -> origin/blueprint/issue-19-course-identity-entry
qemu-smoke	Checkout exact dispatched revision	2026-09-12T04:41:43.5796243Z  * [new branch]      blueprint/issue-21-assessment-tech-map -> origin/blueprint/issue-21-assessment-tech-map
qemu-smoke	Checkout exact dispatched revision	2026-09-12T04:41:43.5800013Z  * [new branch]      blueprint/issue-23-final-exit-audit -> origin/blueprint/issue-23-final-exit-audit
qemu-smoke	Checkout exact dispatched revision	2026-09-12T04:41:43.5803445Z  * [new branch]      blueprint/issue-3-mini-cloud-evolution -> origin/blueprint/issue-3-mini-cloud-evolution
qemu-smoke	Checkout exact dispatched revision	2026-09-12T04:41:43.5806882Z  * [new branch]      blueprint/issue-9-final-reconciliation -> origin/blueprint/issue-9-final-reconciliation
qemu-smoke	Checkout exact dispatched revision	2026-09-12T04:41:43.5810909Z  * [new branch]      design/issue-114-s7-m21-m24-security-judgment -> origin/design/issue-114-s7-m21-m24-security-judgment
qemu-smoke	Checkout exact dispatched revision	2026-09-12T04:41:43.5815065Z  * [new branch]      design/issue-50-m05-m09-runtime-os-persistence -> origin/design/issue-50-m05-m09-runtime-os-persistence
qemu-smoke	Checkout exact dispatched revision	2026-09-12T04:41:43.5818840Z  * [new branch]      design/issue-71-m10-m12-network-web-browser -> origin/design/issue-71-m10-m12-network-web-browser
qemu-smoke	Checkout exact dispatched revision	2026-09-12T04:41:43.5822731Z  * [new branch]      design/issue-86-m13-m15-data-concurrency -> origin/design/issue-86-m13-m15-data-concurrency
qemu-smoke	Checkout exact dispatched revision	2026-09-12T04:41:43.5826266Z  * [new branch]      design/issue-99-m16-m20-distributed-infra -> origin/design/issue-99-m16-m20-distributed-infra
qemu-smoke	Checkout exact dispatched revision	2026-09-12T04:41:43.5829977Z  * [new branch]      governance/issue-88-issue-pr-handoff -> origin/governance/issue-88-issue-pr-handoff
qemu-smoke	Checkout exact dispatched revision	2026-09-12T04:41:43.5833255Z  * [new branch]      governance/role-specific-agent-guides -> origin/governance/role-specific-agent-guides
qemu-smoke	Checkout exact dispatched revision	2026-09-12T04:41:43.5836502Z  * [new branch]      impl/issue-101-s6-b1-m16-rpc -> origin/impl/issue-101-s6-b1-m16-rpc
qemu-smoke	Checkout exact dispatched revision	2026-09-12T04:41:43.5840560Z  * [new branch]      impl/issue-103-s6-b2-m17-replication-consensus -> origin/impl/issue-103-s6-b2-m17-replication-consensus
qemu-smoke	Checkout exact dispatched revision	2026-09-12T04:41:43.5843980Z  * [new branch]      impl/issue-105-s6-b3-m18-coordination -> origin/impl/issue-105-s6-b3-m18-coordination
qemu-smoke	Checkout exact dispatched revision	2026-09-12T04:41:43.5846914Z  * [new branch]      impl/issue-107-s6-b4-m19-infrastructure -> origin/impl/issue-107-s6-b4-m19-infrastructure
qemu-smoke	Checkout exact dispatched revision	2026-09-12T04:41:43.5850300Z  * [new branch]      impl/issue-110-s6-b5-m20-observability -> origin/impl/issue-110-s6-b5-m20-observability
qemu-smoke	Checkout exact dispatched revision	2026-09-12T04:41:43.5853716Z  * [new branch]      impl/issue-116-s7-b1-m21-trust-crypto -> origin/impl/issue-116-s7-b1-m21-trust-crypto
qemu-smoke	Checkout exact dispatched revision	2026-09-12T04:41:43.5856735Z  * [new branch]      impl/issue-119-s7-b2-m22-auth-composition -> origin/impl/issue-119-s7-b2-m22-auth-composition
qemu-smoke	Checkout exact dispatched revision	2026-09-12T04:41:43.5860376Z  * [new branch]      impl/issue-121-s7-b3-m23-systems-judgment -> origin/impl/issue-121-s7-b3-m23-systems-judgment
qemu-smoke	Checkout exact dispatched revision	2026-09-12T04:41:43.5864228Z  * [new branch]      impl/issue-123-s7-b4-m24-final-system-defense -> origin/impl/issue-123-s7-b4-m24-final-system-defense
qemu-smoke	Checkout exact dispatched revision	2026-09-12T04:41:43.5867390Z  * [new branch]      impl/issue-90-m13-sqlite-exp02 -> origin/impl/issue-90-m13-sqlite-exp02
qemu-smoke	Checkout exact dispatched revision	2026-09-12T04:41:43.5870633Z  * [new branch]      impl/issue-93-m14-transactions-lab-req-05 -> origin/impl/issue-93-m14-transactions-lab-req-05
qemu-smoke	Checkout exact dispatched revision	2026-09-12T04:41:43.5873936Z  * [new branch]      impl/issue-95-m15-concurrency-lab-req-03 -> origin/impl/issue-95-m15-concurrency-lab-req-03
qemu-smoke	Checkout exact dispatched revision	2026-09-12T04:41:43.5877460Z  * [new branch]      implementation/durable-canonical-environment-pin-v0.1 -> origin/implementation/durable-canonical-environment-pin-v0.1
qemu-smoke	Checkout exact dispatched revision	2026-09-12T04:41:43.5881702Z  * [new branch]      implementation/issue-145-stable-environment-ci-v0.1 -> origin/implementation/issue-145-stable-environment-ci-v0.1
qemu-smoke	Checkout exact dispatched revision	2026-09-12T04:41:43.5885901Z  * [new branch]      implementation/issue-38-m02-computation-complexity -> origin/implementation/issue-38-m02-computation-complexity
qemu-smoke	Checkout exact dispatched revision	2026-09-12T04:41:43.5890415Z  * [new branch]      implementation/issue-41-m03-machine-isa-execution -> origin/implementation/issue-41-m03-machine-isa-execution
qemu-smoke	Checkout exact dispatched revision	2026-09-12T04:41:43.5894614Z  * [new branch]      implementation/issue-44-m04-memory-locality-measurement -> origin/implementation/issue-44-m04-memory-locality-measurement
qemu-smoke	Checkout exact dispatched revision	2026-09-12T04:41:43.5898840Z  * [new branch]      implementation/issue-53-m05-languages-runtime-compiler -> origin/implementation/issue-53-m05-languages-runtime-compiler
qemu-smoke	Checkout exact dispatched revision	2026-09-12T04:41:43.5903807Z  * [new branch]      implementation/issue-56-m06-processes-syscalls-lab-req-02 -> origin/implementation/issue-56-m06-processes-syscalls-lab-req-02
qemu-smoke	Checkout exact dispatched revision	2026-09-12T04:41:43.5919937Z  * [new branch]      implementation/issue-59-m07-virtual-memory-isolation -> origin/implementation/issue-59-m07-virtual-memory-isolation
qemu-smoke	Checkout exact dispatched revision	2026-09-12T04:41:43.5923933Z  * [new branch]      implementation/issue-62-m08-files-filesystems-io -> origin/implementation/issue-62-m08-files-filesystems-io
qemu-smoke	Checkout exact dispatched revision	2026-09-12T04:41:43.5927862Z  * [new branch]      implementation/issue-65-m09-storage-engine-durable-storage -> origin/implementation/issue-65-m09-storage-engine-durable-storage
qemu-smoke	Checkout exact dispatched revision	2026-09-12T04:41:43.5932886Z  * [new branch]      implementation/issue-74-m10-networking-ip-dns-transport -> origin/implementation/issue-74-m10-networking-ip-dns-transport
qemu-smoke	Checkout exact dispatched revision	2026-09-12T04:41:43.5937058Z  * [new branch]      implementation/issue-77-m11-tls-http-caching-lab-req-01 -> origin/implementation/issue-77-m11-tls-http-caching-lab-req-01
qemu-smoke	Checkout exact dispatched revision	2026-09-12T04:41:43.5941249Z  * [new branch]      implementation/issue-80-m12-web-browser-exp-03 -> origin/implementation/issue-80-m12-web-browser-exp-03
qemu-smoke	Checkout exact dispatched revision	2026-09-12T04:41:43.5944167Z  * [new branch]      lead-smoke/pr-66-m09    -> origin/lead-smoke/pr-66-m09
qemu-smoke	Checkout exact dispatched revision	2026-09-12T04:41:43.5946177Z  * [new branch]      lead-smoke/pr-66-m09-v2 -> origin/lead-smoke/pr-66-m09-v2
qemu-smoke	Checkout exact dispatched revision	2026-09-12T04:41:43.5948043Z  * [new branch]      lead-smoke/pr-78-m11    -> origin/lead-smoke/pr-78-m11
qemu-smoke	Checkout exact dispatched revision	2026-09-12T04:41:43.5950486Z  * [new branch]      lead-smoke/pr-78-m11-final -> origin/lead-smoke/pr-78-m11-final
qemu-smoke	Checkout exact dispatched revision	2026-09-12T04:41:43.5952902Z  * [new branch]      lead-smoke/pr-78-m11-v2 -> origin/lead-smoke/pr-78-m11-v2
qemu-smoke	Checkout exact dispatched revision	2026-09-12T04:41:43.5955007Z  * [new branch]      lead-smoke/pr-81-m12-final -> origin/lead-smoke/pr-81-m12-final
qemu-smoke	Checkout exact dispatched revision	2026-09-12T04:41:43.5956872Z  * [new branch]      main                    -> origin/main
qemu-smoke	Checkout exact dispatched revision	2026-09-12T04:41:43.5959098Z  * [new branch]      repair/issue-125-m22-layer56-report-key -> origin/repair/issue-125-m22-layer56-report-key
qemu-smoke	Checkout exact dispatched revision	2026-09-12T04:41:43.5962605Z  * [new branch]      repair/issue-127-pre-v09-known-regressions -> origin/repair/issue-127-pre-v09-known-regressions
qemu-smoke	Checkout exact dispatched revision	2026-09-12T04:41:43.5966336Z  * [new branch]      repair/issue-131-v09-smoke-license-gates -> origin/repair/issue-131-v09-smoke-license-gates
qemu-smoke	Checkout exact dispatched revision	2026-09-12T04:41:43.5969892Z  * [new branch]      repair/issue-135-lab-req-02-executable-bits -> origin/repair/issue-135-lab-req-02-executable-bits
qemu-smoke	Checkout exact dispatched revision	2026-09-12T04:41:43.5973209Z  * [new branch]      repair/issue-149-qemu-ci-false-green-v0.1 -> origin/repair/issue-149-qemu-ci-false-green-v0.1
qemu-smoke	Checkout exact dispatched revision	2026-09-12T04:41:43.5976703Z  * [new branch]      research/issue-112-s7-m21-m24-security-judgment -> origin/research/issue-112-s7-m21-m24-security-judgment
qemu-smoke	Checkout exact dispatched revision	2026-09-12T04:41:43.5980899Z  * [new branch]      research/issue-143-stable-environment-pin-decision-packet -> origin/research/issue-143-stable-environment-pin-decision-packet
qemu-smoke	Checkout exact dispatched revision	2026-09-12T04:41:43.5984719Z  * [new branch]      research/issue-4-classic-labs-sources -> origin/research/issue-4-classic-labs-sources
qemu-smoke	Checkout exact dispatched revision	2026-09-12T04:41:43.5987860Z  * [new branch]      research/issue-47-m05-m09-runtime-os-persistence -> origin/research/issue-47-m05-m09-runtime-os-persistence
qemu-smoke	Checkout exact dispatched revision	2026-09-12T04:41:43.5991461Z  * [new branch]      research/issue-68-m10-m12-network-web-browser -> origin/research/issue-68-m10-m12-network-web-browser
qemu-smoke	Checkout exact dispatched revision	2026-09-12T04:41:43.5994832Z  * [new branch]      research/issue-83-m13-m15-data-concurrency -> origin/research/issue-83-m13-m15-data-concurrency
qemu-smoke	Checkout exact dispatched revision	2026-09-12T04:41:43.5998146Z  * [new branch]      research/issue-97-m16-m20-distributed-infra -> origin/research/issue-97-m16-m20-distributed-infra
qemu-smoke	Checkout exact dispatched revision	2026-09-12T04:41:43.6001686Z  * [new branch]      status/advance-production-to-m08 -> origin/status/advance-production-to-m08
qemu-smoke	Checkout exact dispatched revision	2026-09-12T04:41:43.6004893Z  * [new branch]      status/advance-production-to-m09 -> origin/status/advance-production-to-m09
qemu-smoke	Checkout exact dispatched revision	2026-09-12T04:41:43.6008346Z  * [new branch]      status/record-m09-and-advance-to-s4-research -> origin/status/record-m09-and-advance-to-s4-research
qemu-smoke	Checkout exact dispatched revision	2026-09-12T04:41:43.6011837Z  * [new branch]      status/record-m10-and-advance-to-m11 -> origin/status/record-m10-and-advance-to-m11
qemu-smoke	Checkout exact dispatched revision	2026-09-12T04:41:43.6014823Z  * [new branch]      status/record-m11-and-advance-to-m12 -> origin/status/record-m11-and-advance-to-m12
qemu-smoke	Checkout exact dispatched revision	2026-09-12T04:41:43.6018141Z  * [new branch]      status/record-m12-and-advance-to-s5-research -> origin/status/record-m12-and-advance-to-s5-research
qemu-smoke	Checkout exact dispatched revision	2026-09-12T04:41:43.6021923Z  * [new branch]      status/record-s4-design-and-advance-to-m10 -> origin/status/record-s4-design-and-advance-to-m10
qemu-smoke	Checkout exact dispatched revision	2026-09-12T04:41:43.6026055Z  * [new branch]      status/record-s4-research-and-advance-to-design -> origin/status/record-s4-research-and-advance-to-design
qemu-smoke	Checkout exact dispatched revision	2026-09-12T04:41:43.6028801Z  * [new branch]      status/record-s5-research-and-advance-to-design -> origin/status/record-s5-research-and-advance-to-design
qemu-smoke	Checkout exact dispatched revision	2026-09-12T04:41:43.6031519Z  * [new branch]      validation/issue-34-m00-m01-first-pilot -> origin/validation/issue-34-m00-m01-first-pilot
qemu-smoke	Checkout exact dispatched revision	2026-09-12T04:41:43.6034285Z  * [new branch]      verification/issue-129-full-core-v09-rc-readiness -> origin/verification/issue-129-full-core-v09-rc-readiness
qemu-smoke	Checkout exact dispatched revision	2026-09-12T04:41:43.6037518Z  * [new branch]      verification/issue-133-v09-rc-readiness-reverify -> origin/verification/issue-133-v09-rc-readiness-reverify
qemu-smoke	Checkout exact dispatched revision	2026-09-12T04:41:43.6041082Z  * [new branch]      verification/issue-137-lab-req-02-direct-invocation -> origin/verification/issue-137-lab-req-02-direct-invocation
qemu-smoke	Checkout exact dispatched revision	2026-09-12T04:41:43.6045404Z  * [new branch]      verification/issue-147-stable-environment-ci-independent -> origin/verification/issue-147-stable-environment-ci-independent
qemu-smoke	Checkout exact dispatched revision	2026-09-12T04:41:43.6048736Z  * [new branch]      verification/issue-31-m00-m01-gate -> origin/verification/issue-31-m00-m01-gate
qemu-smoke	Checkout exact dispatched revision	2026-09-12T04:41:43.6052695Z  * [new branch]      vertical-slice/issue-25-foundations-system-mechanics-research -> origin/vertical-slice/issue-25-foundations-system-mechanics-research
qemu-smoke	Checkout exact dispatched revision	2026-09-12T04:41:43.6057457Z  * [new branch]      vertical-slice/issue-27-foundations-system-mechanics-design -> origin/vertical-slice/issue-27-foundations-system-mechanics-design
qemu-smoke	Checkout exact dispatched revision	2026-09-12T04:41:43.6061569Z  * [new branch]      vertical-slice/issue-29-m00-m01-lesson-activity -> origin/vertical-slice/issue-29-m00-m01-lesson-activity
qemu-smoke	Checkout exact dispatched revision	2026-09-12T04:41:43.6064196Z  * [new branch]      web-lead/post-pr30-status -> origin/web-lead/post-pr30-status
qemu-smoke	Checkout exact dispatched revision	2026-09-12T04:41:43.6066106Z  * [new branch]      web-lead/post-pr33-status -> origin/web-lead/post-pr33-status
qemu-smoke	Checkout exact dispatched revision	2026-09-12T04:41:43.6067983Z  * [new branch]      web-lead/post-pr39-status -> origin/web-lead/post-pr39-status
qemu-smoke	Checkout exact dispatched revision	2026-09-12T04:41:43.6070256Z  * [new branch]      web-lead/post-pr42-issue-first -> origin/web-lead/post-pr42-issue-first
qemu-smoke	Checkout exact dispatched revision	2026-09-12T04:41:43.6072327Z  * [new branch]      web-lead/post-pr45-status -> origin/web-lead/post-pr45-status
qemu-smoke	Checkout exact dispatched revision	2026-09-12T04:41:43.6074179Z  * [new branch]      web-lead/post-pr48-status -> origin/web-lead/post-pr48-status
qemu-smoke	Checkout exact dispatched revision	2026-09-12T04:41:43.6076011Z  * [new branch]      web-lead/post-pr51-status -> origin/web-lead/post-pr51-status
qemu-smoke	Checkout exact dispatched revision	2026-09-12T04:41:43.6077863Z  * [new branch]      web-lead/post-pr54-status -> origin/web-lead/post-pr54-status
qemu-smoke	Checkout exact dispatched revision	2026-09-12T04:41:43.6079782Z  * [new branch]      web-lead/post-pr57-status -> origin/web-lead/post-pr57-status
qemu-smoke	Checkout exact dispatched revision	2026-09-12T04:41:43.6081211Z  * [new tag]         v0.9                    -> v0.9
qemu-smoke	Checkout exact dispatched revision	2026-09-12T04:41:43.6084031Z [command]/usr/bin/git rev-parse --verify --quiet d2ca8556f4fd086edcf82e0d2b1197571a619dda^{object}
qemu-smoke	Checkout exact dispatched revision	2026-09-12T04:41:43.6085907Z d2ca8556f4fd086edcf82e0d2b1197571a619dda
qemu-smoke	Checkout exact dispatched revision	2026-09-12T04:41:43.6087892Z ##[endgroup]
qemu-smoke	Checkout exact dispatched revision	2026-09-12T04:41:43.6088831Z ##[group]Determining the checkout info
qemu-smoke	Checkout exact dispatched revision	2026-09-12T04:41:43.6090146Z ##[endgroup]
qemu-smoke	Checkout exact dispatched revision	2026-09-12T04:41:43.6090764Z [command]/usr/bin/git sparse-checkout disable
qemu-smoke	Checkout exact dispatched revision	2026-09-12T04:41:43.6092842Z [command]/usr/bin/git config --local --unset-all extensions.worktreeConfig
qemu-smoke	Checkout exact dispatched revision	2026-09-12T04:41:43.6095331Z ##[group]Checking out the ref
qemu-smoke	Checkout exact dispatched revision	2026-09-12T04:41:43.6096666Z [command]/usr/bin/git checkout --progress --force d2ca8556f4fd086edcf82e0d2b1197571a619dda
qemu-smoke	Checkout exact dispatched revision	2026-09-12T04:41:43.6461216Z Note: switching to 'd2ca8556f4fd086edcf82e0d2b1197571a619dda'.
qemu-smoke	Checkout exact dispatched revision	2026-09-12T04:41:43.6462770Z 
qemu-smoke	Checkout exact dispatched revision	2026-09-12T04:41:43.6463557Z You are in 'detached HEAD' state. You can look around, make experimental
qemu-smoke	Checkout exact dispatched revision	2026-09-12T04:41:43.6465389Z changes and commit them, and you can discard any commits you make in this
qemu-smoke	Checkout exact dispatched revision	2026-09-12T04:41:43.6466988Z state without impacting any branches by switching back to a branch.
qemu-smoke	Checkout exact dispatched revision	2026-09-12T04:41:43.6467957Z 
qemu-smoke	Checkout exact dispatched revision	2026-09-12T04:41:43.6468559Z If you want to create a new branch to retain commits you create, you may
qemu-smoke	Checkout exact dispatched revision	2026-09-12T04:41:43.6470244Z do so (now or later) by using -c with the switch command. Example:
qemu-smoke	Checkout exact dispatched revision	2026-09-12T04:41:43.6471180Z 
qemu-smoke	Checkout exact dispatched revision	2026-09-12T04:41:43.6471595Z   git switch -c <new-branch-name>
qemu-smoke	Checkout exact dispatched revision	2026-09-12T04:41:43.6472469Z 
qemu-smoke	Checkout exact dispatched revision	2026-09-12T04:41:43.6472835Z Or undo this operation with:
qemu-smoke	Checkout exact dispatched revision	2026-09-12T04:41:43.6473335Z 
qemu-smoke	Checkout exact dispatched revision	2026-09-12T04:41:43.6473542Z   git switch -
qemu-smoke	Checkout exact dispatched revision	2026-09-12T04:41:43.6473856Z 
qemu-smoke	Checkout exact dispatched revision	2026-09-12T04:41:43.6474527Z Turn off this advice by setting config variable advice.detachedHead to false
qemu-smoke	Checkout exact dispatched revision	2026-09-12T04:41:43.6475617Z 
qemu-smoke	Checkout exact dispatched revision	2026-09-12T04:41:43.6476709Z HEAD is now at d2ca855 feat(env): commit durable canonical digest pin and materialization path (#150)
qemu-smoke	Checkout exact dispatched revision	2026-09-12T04:41:43.6479845Z ##[endgroup]
qemu-smoke	Checkout exact dispatched revision	2026-09-12T04:41:43.6517057Z [command]/usr/bin/git log -1 --format=%H
qemu-smoke	Checkout exact dispatched revision	2026-09-12T04:41:43.6544977Z d2ca8556f4fd086edcf82e0d2b1197571a619dda
qemu-smoke	Assert exact checked-out revision	﻿2026-09-12T04:41:43.6848906Z ##[group]Run actual="$(git rev-parse HEAD)"
qemu-smoke	Assert exact checked-out revision	2026-09-12T04:41:43.6850392Z ^[[36;1mactual="$(git rev-parse HEAD)"^[[0m
qemu-smoke	Assert exact checked-out revision	2026-09-12T04:41:43.6851395Z ^[[36;1mecho "EXPECTED_REVISION=${GITHUB_SHA}"^[[0m
qemu-smoke	Assert exact checked-out revision	2026-09-12T04:41:43.6852371Z ^[[36;1mecho "ACTUAL_REVISION=${actual}"^[[0m
qemu-smoke	Assert exact checked-out revision	2026-09-12T04:41:43.6853253Z ^[[36;1mtest "${actual}" = "${GITHUB_SHA}"^[[0m
qemu-smoke	Assert exact checked-out revision	2026-09-12T04:41:43.6894225Z shell: /usr/bin/bash -e {0}
qemu-smoke	Assert exact checked-out revision	2026-09-12T04:41:43.6894921Z env:
qemu-smoke	Assert exact checked-out revision	2026-09-12T04:41:43.6895399Z   CI_TREE: /tmp/ci-tree
qemu-smoke	Assert exact checked-out revision	2026-09-12T04:41:43.6896019Z ##[endgroup]
qemu-smoke	Assert exact checked-out revision	2026-09-12T04:41:43.6996042Z EXPECTED_REVISION=d2ca8556f4fd086edcf82e0d2b1197571a619dda
qemu-smoke	Assert exact checked-out revision	2026-09-12T04:41:43.6998295Z ACTUAL_REVISION=d2ca8556f4fd086edcf82e0d2b1197571a619dda
qemu-smoke	Record hosted substrate identity (informational only, not the pin)	﻿2026-09-12T04:41:43.7056393Z ##[group]Run cat /etc/os-release | head -n 3
qemu-smoke	Record hosted substrate identity (informational only, not the pin)	2026-09-12T04:41:43.7057552Z ^[[36;1mcat /etc/os-release | head -n 3^[[0m
qemu-smoke	Record hosted substrate identity (informational only, not the pin)	2026-09-12T04:41:43.7058542Z ^[[36;1mecho "runner_image_version=${ImageVersion}"^[[0m
qemu-smoke	Record hosted substrate identity (informational only, not the pin)	2026-09-12T04:41:43.7059521Z ^[[36;1mecho "runner_arch=$(uname -m)"^[[0m
qemu-smoke	Record hosted substrate identity (informational only, not the pin)	2026-09-12T04:41:43.7093250Z shell: /usr/bin/bash -e {0}
qemu-smoke	Record hosted substrate identity (informational only, not the pin)	2026-09-12T04:41:43.7093912Z env:
qemu-smoke	Record hosted substrate identity (informational only, not the pin)	2026-09-12T04:41:43.7094385Z   CI_TREE: /tmp/ci-tree
qemu-smoke	Record hosted substrate identity (informational only, not the pin)	2026-09-12T04:41:43.7094972Z ##[endgroup]
qemu-smoke	Record hosted substrate identity (informational only, not the pin)	2026-09-12T04:41:43.7163129Z PRETTY_NAME="Ubuntu 24.04.5 LTS"
qemu-smoke	Record hosted substrate identity (informational only, not the pin)	2026-09-12T04:41:43.7164369Z NAME="Ubuntu"
qemu-smoke	Record hosted substrate identity (informational only, not the pin)	2026-09-12T04:41:43.7165232Z VERSION_ID="24.04"
qemu-smoke	Record hosted substrate identity (informational only, not the pin)	2026-09-12T04:41:43.7166255Z runner_image_version=20260907.300.1
qemu-smoke	Record hosted substrate identity (informational only, not the pin)	2026-09-12T04:41:43.7178512Z runner_arch=x86_64
qemu-smoke	Materialize canonical environment by immutable registry digest	﻿2026-09-12T04:41:43.7262075Z ##[group]Run set -ueo pipefail
qemu-smoke	Materialize canonical environment by immutable registry digest	2026-09-12T04:41:43.7262953Z ^[[36;1mset -ueo pipefail^[[0m
qemu-smoke	Materialize canonical environment by immutable registry digest	2026-09-12T04:41:43.7273532Z ^[[36;1mecho "***" | docker login ghcr.io -u "CN-JJB" --password-stdin^[[0m
qemu-smoke	Materialize canonical environment by immutable registry digest	2026-09-12T04:41:43.7274776Z ^[[36;1mbash scripts/canonical-image-pull.sh^[[0m
qemu-smoke	Materialize canonical environment by immutable registry digest	2026-09-12T04:41:43.7308850Z shell: /usr/bin/bash -e {0}
qemu-smoke	Materialize canonical environment by immutable registry digest	2026-09-12T04:41:43.7309514Z env:
qemu-smoke	Materialize canonical environment by immutable registry digest	2026-09-12T04:41:43.7310249Z   CI_TREE: /tmp/ci-tree
qemu-smoke	Materialize canonical environment by immutable registry digest	2026-09-12T04:41:43.7310830Z ##[endgroup]
qemu-smoke	Materialize canonical environment by immutable registry digest	2026-09-12T04:41:45.2704948Z 
qemu-smoke	Materialize canonical environment by immutable registry digest	2026-09-12T04:41:45.2705549Z Login Succeeded
qemu-smoke	Materialize canonical environment by immutable registry digest	2026-09-12T04:41:45.2707958Z WARNING! Your credentials are stored unencrypted in '/home/runner/.docker/config.json'.
qemu-smoke	Materialize canonical environment by immutable registry digest	2026-09-12T04:41:45.2710711Z Configure a credential helper to remove this warning. See
qemu-smoke	Materialize canonical environment by immutable registry digest	2026-09-12T04:41:45.2711366Z https://docs.docker.com/go/credential-store/
qemu-smoke	Materialize canonical environment by immutable registry digest	2026-09-12T04:41:45.2711701Z 
qemu-smoke	Materialize canonical environment by immutable registry digest	2026-09-12T04:41:45.2832379Z RECIPE_DOCKERFILE=.devcontainer/Dockerfile
qemu-smoke	Materialize canonical environment by immutable registry digest	2026-09-12T04:41:45.2833284Z RECIPE_BLOB_COMMITTED=51198ea12c3c9ddfa18a2246bddef491ea729559
qemu-smoke	Materialize canonical environment by immutable registry digest	2026-09-12T04:41:45.2834076Z RECIPE_BLOB_ACTUAL=51198ea12c3c9ddfa18a2246bddef491ea729559
qemu-smoke	Materialize canonical environment by immutable registry digest	2026-09-12T04:41:45.2834504Z RECIPE_BLOB_MATCH=YES
qemu-smoke	Materialize canonical environment by immutable registry digest	2026-09-12T04:41:45.2853208Z === CANONICAL IMAGE IDENTITY (pre-pull) ===
qemu-smoke	Materialize canonical environment by immutable registry digest	2026-09-12T04:41:45.2854308Z intended_registry_digest=sha256:766ce07ba3073cc28049ff07d6d4f643bd6e3cc7a7967a3ebd2bb8738219e460
qemu-smoke	Materialize canonical environment by immutable registry digest	2026-09-12T04:41:45.2855637Z pull_reference=ghcr.io/cn-jjb/essential-cs/canonical@sha256:766ce07ba3073cc28049ff07d6d4f643bd6e3cc7a7967a3ebd2bb8738219e460
qemu-smoke	Materialize canonical environment by immutable registry digest	2026-09-12T04:41:45.2856324Z platform=linux/amd64
qemu-smoke	Materialize canonical environment by immutable registry digest	2026-09-12T04:41:45.2856643Z local_image_id=(not yet pulled)
qemu-smoke	Materialize canonical environment by immutable registry digest	2026-09-12T04:41:45.2857114Z mutable_tag_candidate=ghcr.io/cn-jjb/essential-cs/canonical:candidate
qemu-smoke	Materialize canonical environment by immutable registry digest	2026-09-12T04:41:45.2857619Z source_dockerfile=.devcontainer/Dockerfile
qemu-smoke	Materialize canonical environment by immutable registry digest	2026-09-12T04:41:45.2858135Z source_base_digest=sha256:224a1869083a311ef3f13648a154ba79832fbef6364d31493642ca03082da254
qemu-smoke	Materialize canonical environment by immutable registry digest	2026-09-12T04:41:45.2858668Z git_sha=d2ca8556f4fd086edcf82e0d2b1197571a619dda
qemu-smoke	Materialize canonical environment by immutable registry digest	2026-09-12T04:41:45.2859030Z workflow_run_id=34673676055
qemu-smoke	Materialize canonical environment by immutable registry digest	2026-09-12T04:41:45.2859357Z runner_image_version=20260907.300.1
qemu-smoke	Materialize canonical environment by immutable registry digest	2026-09-12T04:41:45.2867313Z runner_arch=x86_64
qemu-smoke	Materialize canonical environment by immutable registry digest	2026-09-12T04:41:45.2868058Z NOTE: intended_registry_digest is the pin; local image ID, mutable tags,
qemu-smoke	Materialize canonical environment by immutable registry digest	2026-09-12T04:41:45.2869012Z       git SHA and runner image version are audit fields, NOT the pin.
qemu-smoke	Materialize canonical environment by immutable registry digest	2026-09-12T04:41:45.2869568Z ===========================================
qemu-smoke	Materialize canonical environment by immutable registry digest	2026-09-12T04:41:45.5026949Z ghcr.io/cn-jjb/essential-cs/canonical@sha256:766ce07ba3073cc28049ff07d6d4f643bd6e3cc7a7967a3ebd2bb8738219e460: Pulling from cn-jjb/essential-cs/canonical
qemu-smoke	Materialize canonical environment by immutable registry digest	2026-09-12T04:41:45.5316624Z ef852a656105: Pulling fs layer
qemu-smoke	Materialize canonical environment by immutable registry digest	2026-09-12T04:41:45.5318154Z facb0d65c012: Pulling fs layer
qemu-smoke	Materialize canonical environment by immutable registry digest	2026-09-12T04:41:45.5319561Z 5affce2cbffd: Pulling fs layer
qemu-smoke	Materialize canonical environment by immutable registry digest	2026-09-12T04:41:45.5320967Z 818d662cd74f: Pulling fs layer
qemu-smoke	Materialize canonical environment by immutable registry digest	2026-09-12T04:41:45.5321817Z 818d662cd74f: Waiting
qemu-smoke	Materialize canonical environment by immutable registry digest	2026-09-12T04:41:45.7284324Z ef852a656105: Verifying Checksum
qemu-smoke	Materialize canonical environment by immutable registry digest	2026-09-12T04:41:45.7285496Z ef852a656105: Download complete
qemu-smoke	Materialize canonical environment by immutable registry digest	2026-09-12T04:41:45.7778219Z 818d662cd74f: Verifying Checksum
qemu-smoke	Materialize canonical environment by immutable registry digest	2026-09-12T04:41:45.7779582Z 818d662cd74f: Download complete
qemu-smoke	Materialize canonical environment by immutable registry digest	2026-09-12T04:41:46.1339093Z facb0d65c012: Verifying Checksum
qemu-smoke	Materialize canonical environment by immutable registry digest	2026-09-12T04:41:46.3481167Z facb0d65c012: Download complete
qemu-smoke	Materialize canonical environment by immutable registry digest	2026-09-12T04:41:46.3481977Z 5affce2cbffd: Verifying Checksum
qemu-smoke	Materialize canonical environment by immutable registry digest	2026-09-12T04:41:46.3482431Z 5affce2cbffd: Download complete
qemu-smoke	Materialize canonical environment by immutable registry digest	2026-09-12T04:41:47.0090806Z ef852a656105: Pull complete
qemu-smoke	Materialize canonical environment by immutable registry digest	2026-09-12T04:41:54.0621830Z facb0d65c012: Pull complete
qemu-smoke	Materialize canonical environment by immutable registry digest	2026-09-12T04:41:58.4750758Z 5affce2cbffd: Pull complete
qemu-smoke	Materialize canonical environment by immutable registry digest	2026-09-12T04:41:58.4848719Z 818d662cd74f: Pull complete
qemu-smoke	Materialize canonical environment by immutable registry digest	2026-09-12T04:41:58.4894083Z Digest: sha256:766ce07ba3073cc28049ff07d6d4f643bd6e3cc7a7967a3ebd2bb8738219e460
qemu-smoke	Materialize canonical environment by immutable registry digest	2026-09-12T04:41:58.4903623Z Status: Downloaded newer image for ghcr.io/cn-jjb/essential-cs/canonical@sha256:766ce07ba3073cc28049ff07d6d4f643bd6e3cc7a7967a3ebd2bb8738219e460
qemu-smoke	Materialize canonical environment by immutable registry digest	2026-09-12T04:41:58.4909432Z ghcr.io/cn-jjb/essential-cs/canonical@sha256:766ce07ba3073cc28049ff07d6d4f643bd6e3cc7a7967a3ebd2bb8738219e460
qemu-smoke	Materialize canonical environment by immutable registry digest	2026-09-12T04:41:58.5199213Z === CANONICAL IMAGE IDENTITY (post-pull) ===
qemu-smoke	Materialize canonical environment by immutable registry digest	2026-09-12T04:41:58.5200874Z intended_registry_digest=sha256:766ce07ba3073cc28049ff07d6d4f643bd6e3cc7a7967a3ebd2bb8738219e460
qemu-smoke	Materialize canonical environment by immutable registry digest	2026-09-12T04:41:58.5202211Z pull_reference=ghcr.io/cn-jjb/essential-cs/canonical@sha256:766ce07ba3073cc28049ff07d6d4f643bd6e3cc7a7967a3ebd2bb8738219e460
qemu-smoke	Materialize canonical environment by immutable registry digest	2026-09-12T04:41:58.5202846Z platform=linux/amd64
qemu-smoke	Materialize canonical environment by immutable registry digest	2026-09-12T04:41:58.5203237Z local_image_id=sha256:24a926a0dcc9b98b7298b8728d68417233f15f32a23350bf1273bb26089d7805
qemu-smoke	Materialize canonical environment by immutable registry digest	2026-09-12T04:41:58.5203694Z repo_digests_begin
qemu-smoke	Materialize canonical environment by immutable registry digest	2026-09-12T04:41:58.5204445Z ghcr.io/cn-jjb/essential-cs/canonical@sha256:766ce07ba3073cc28049ff07d6d4f643bd6e3cc7a7967a3ebd2bb8738219e460 
qemu-smoke	Materialize canonical environment by immutable registry digest	2026-09-12T04:41:58.5205617Z repo_digests_end
qemu-smoke	Materialize canonical environment by immutable registry digest	2026-09-12T04:41:58.5206238Z NOTE: local_image_id is a daemon-local identifier produced by this pull;
qemu-smoke	Materialize canonical environment by immutable registry digest	2026-09-12T04:41:58.5209633Z       it is NOT durable, NOT retrievable by itself, and NOT the pin.
qemu-smoke	Materialize canonical environment by immutable registry digest	2026-09-12T04:41:58.5210429Z ===========================================
qemu-smoke	Materialize canonical environment by immutable registry digest	2026-09-12T04:41:58.5223451Z REPO_DIGESTS_CONTAIN_PIN=YES
qemu-smoke	Materialize canonical environment by immutable registry digest	2026-09-12T04:41:58.5224251Z INTENDED_REGISTRY_DIGEST=sha256:766ce07ba3073cc28049ff07d6d4f643bd6e3cc7a7967a3ebd2bb8738219e460
qemu-smoke	Materialize canonical environment by immutable registry digest	2026-09-12T04:41:58.5226017Z CANONICAL_IMAGE=ghcr.io/cn-jjb/essential-cs/canonical@sha256:766ce07ba3073cc28049ff07d6d4f643bd6e3cc7a7967a3ebd2bb8738219e460
qemu-smoke	Assert this lane consumes the committed digest	﻿2026-09-12T04:41:58.5278705Z ##[group]Run set -ueo pipefail
qemu-smoke	Assert this lane consumes the committed digest	2026-09-12T04:41:58.5279048Z ^[[36;1mset -ueo pipefail^[[0m
qemu-smoke	Assert this lane consumes the committed digest	2026-09-12T04:41:58.5279485Z ^[[36;1mdigest="$(sed -n 's/^CANONICAL_IMAGE_DIGEST=//p' .devcontainer/canonical-image.env)"^[[0m
qemu-smoke	Assert this lane consumes the committed digest	2026-09-12T04:41:58.5280398Z ^[[36;1mecho "COMMITTED_CANONICAL_DIGEST=${digest}"^[[0m
qemu-smoke	Assert this lane consumes the committed digest	2026-09-12T04:41:58.5280780Z ^[[36;1mecho "CONSUMED_CANONICAL_IMAGE=${CANONICAL_IMAGE}"^[[0m
qemu-smoke	Assert this lane consumes the committed digest	2026-09-12T04:41:58.5281139Z ^[[36;1mcase "${CANONICAL_IMAGE}" in^[[0m
qemu-smoke	Assert this lane consumes the committed digest	2026-09-12T04:41:58.5281484Z ^[[36;1m  *"@${digest}") echo "DIGEST_CONSUMPTION_ASSERT=PASS" ;;^[[0m
qemu-smoke	Assert this lane consumes the committed digest	2026-09-12T04:41:58.5282002Z ^[[36;1m  *) echo "FAIL: canonical image reference does not carry the committed digest"; exit 1 ;;^[[0m
qemu-smoke	Assert this lane consumes the committed digest	2026-09-12T04:41:58.5282438Z ^[[36;1mesac^[[0m
qemu-smoke	Assert this lane consumes the committed digest	2026-09-12T04:41:58.5282916Z ^[[36;1mdocker image inspect "${CANONICAL_IMAGE}" --format 'CONSUMED_LOCAL_IMAGE_ID={{.Id}} ARCH={{.Architecture}} OS={{.Os}}'^[[0m
qemu-smoke	Assert this lane consumes the committed digest	2026-09-12T04:41:58.5322159Z shell: /usr/bin/bash -e {0}
qemu-smoke	Assert this lane consumes the committed digest	2026-09-12T04:41:58.5322421Z env:
qemu-smoke	Assert this lane consumes the committed digest	2026-09-12T04:41:58.5322620Z   CI_TREE: /tmp/ci-tree
qemu-smoke	Assert this lane consumes the committed digest	2026-09-12T04:41:58.5323217Z   CANONICAL_IMAGE: ghcr.io/cn-jjb/essential-cs/canonical@sha256:766ce07ba3073cc28049ff07d6d4f643bd6e3cc7a7967a3ebd2bb8738219e460
qemu-smoke	Assert this lane consumes the committed digest	2026-09-12T04:41:58.5323978Z   CANONICAL_IMAGE_DIGEST: sha256:766ce07ba3073cc28049ff07d6d4f643bd6e3cc7a7967a3ebd2bb8738219e460
qemu-smoke	Assert this lane consumes the committed digest	2026-09-12T04:41:58.5324524Z   CANONICAL_IMAGE_REF: ghcr.io/cn-jjb/essential-cs/canonical
qemu-smoke	Assert this lane consumes the committed digest	2026-09-12T04:41:58.5324869Z ##[endgroup]
qemu-smoke	Assert this lane consumes the committed digest	2026-09-12T04:41:58.5398740Z COMMITTED_CANONICAL_DIGEST=sha256:766ce07ba3073cc28049ff07d6d4f643bd6e3cc7a7967a3ebd2bb8738219e460
qemu-smoke	Assert this lane consumes the committed digest	2026-09-12T04:41:58.5400452Z CONSUMED_CANONICAL_IMAGE=ghcr.io/cn-jjb/essential-cs/canonical@sha256:766ce07ba3073cc28049ff07d6d4f643bd6e3cc7a7967a3ebd2bb8738219e460
qemu-smoke	Assert this lane consumes the committed digest	2026-09-12T04:41:58.5401228Z DIGEST_CONSUMPTION_ASSERT=PASS
qemu-smoke	Assert this lane consumes the committed digest	2026-09-12T04:41:58.5516251Z CONSUMED_LOCAL_IMAGE_ID=sha256:24a926a0dcc9b98b7298b8728d68417233f15f32a23350bf1273bb26089d7805 ARCH=amd64 OS=linux
qemu-smoke	Materialize LF tree for course execution	﻿2026-09-12T04:41:58.5560484Z ##[group]Run rm -rf "${CI_TREE}"
qemu-smoke	Materialize LF tree for course execution	2026-09-12T04:41:58.5560848Z ^[[36;1mrm -rf "${CI_TREE}"^[[0m
qemu-smoke	Materialize LF tree for course execution	2026-09-12T04:41:58.5561119Z ^[[36;1mmkdir -p "${CI_TREE}/.ci-logs"^[[0m
qemu-smoke	Materialize LF tree for course execution	2026-09-12T04:41:58.5561574Z ^[[36;1mgit -c core.autocrlf=false archive --format=tar HEAD | tar -x -C "${CI_TREE}"^[[0m
qemu-smoke	Materialize LF tree for course execution	2026-09-12T04:41:58.5598796Z shell: /usr/bin/bash -e {0}
qemu-smoke	Materialize LF tree for course execution	2026-09-12T04:41:58.5599053Z env:
qemu-smoke	Materialize LF tree for course execution	2026-09-12T04:41:58.5599249Z   CI_TREE: /tmp/ci-tree
qemu-smoke	Materialize LF tree for course execution	2026-09-12T04:41:58.5600104Z   CANONICAL_IMAGE: ghcr.io/cn-jjb/essential-cs/canonical@sha256:766ce07ba3073cc28049ff07d6d4f643bd6e3cc7a7967a3ebd2bb8738219e460
qemu-smoke	Materialize LF tree for course execution	2026-09-12T04:41:58.5600903Z   CANONICAL_IMAGE_DIGEST: sha256:766ce07ba3073cc28049ff07d6d4f643bd6e3cc7a7967a3ebd2bb8738219e460
qemu-smoke	Materialize LF tree for course execution	2026-09-12T04:41:58.5601445Z   CANONICAL_IMAGE_REF: ghcr.io/cn-jjb/essential-cs/canonical
qemu-smoke	Materialize LF tree for course execution	2026-09-12T04:41:58.5601782Z ##[endgroup]
qemu-smoke	Record canonical digest consumption in the retained evidence bundle	﻿2026-09-12T04:41:58.6050262Z ##[group]Run set -ueo pipefail
qemu-smoke	Record canonical digest consumption in the retained evidence bundle	2026-09-12T04:41:58.6050739Z ^[[36;1mset -ueo pipefail^[[0m
qemu-smoke	Record canonical digest consumption in the retained evidence bundle	2026-09-12T04:41:58.6051001Z ^[[36;1m{^[[0m
qemu-smoke	Record canonical digest consumption in the retained evidence bundle	2026-09-12T04:41:58.6051234Z ^[[36;1m  echo "lane=canonical-qemu-lane"^[[0m
qemu-smoke	Record canonical digest consumption in the retained evidence bundle	2026-09-12T04:41:58.6051569Z ^[[36;1m  echo "canonical_image=${CANONICAL_IMAGE}"^[[0m
qemu-smoke	Record canonical digest consumption in the retained evidence bundle	2026-09-12T04:41:58.6051970Z ^[[36;1m  echo "canonical_image_digest=${CANONICAL_IMAGE_DIGEST}"^[[0m
qemu-smoke	Record canonical digest consumption in the retained evidence bundle	2026-09-12T04:41:58.6052569Z ^[[36;1m  echo "committed_pin_digest=$(sed -n 's/^CANONICAL_IMAGE_DIGEST=//p' .devcontainer/canonical-image.env)"^[[0m
qemu-smoke	Record canonical digest consumption in the retained evidence bundle	2026-09-12T04:41:58.6053433Z ^[[36;1m  echo "local_image_id=$(docker image inspect "${CANONICAL_IMAGE}" --format '{{.Id}}')"^[[0m
qemu-smoke	Record canonical digest consumption in the retained evidence bundle	2026-09-12T04:41:58.6053950Z ^[[36;1m  echo "local_image_id_role=NOT-PIN (daemon-local)"^[[0m
qemu-smoke	Record canonical digest consumption in the retained evidence bundle	2026-09-12T04:41:58.6054345Z ^[[36;1m  echo "runner_image_version=${ImageVersion}"^[[0m
qemu-smoke	Record canonical digest consumption in the retained evidence bundle	2026-09-12T04:41:58.6054691Z ^[[36;1m  echo "git_sha=$(git rev-parse HEAD)"^[[0m
qemu-smoke	Record canonical digest consumption in the retained evidence bundle	2026-09-12T04:41:58.6055073Z ^[[36;1m} | tee "${CI_TREE}/.ci-logs/canonical-digest-consumption.txt"^[[0m
qemu-smoke	Record canonical digest consumption in the retained evidence bundle	2026-09-12T04:41:58.6092267Z shell: /usr/bin/bash -e {0}
qemu-smoke	Record canonical digest consumption in the retained evidence bundle	2026-09-12T04:41:58.6092530Z env:
qemu-smoke	Record canonical digest consumption in the retained evidence bundle	2026-09-12T04:41:58.6092726Z   CI_TREE: /tmp/ci-tree
qemu-smoke	Record canonical digest consumption in the retained evidence bundle	2026-09-12T04:41:58.6093287Z   CANONICAL_IMAGE: ghcr.io/cn-jjb/essential-cs/canonical@sha256:766ce07ba3073cc28049ff07d6d4f643bd6e3cc7a7967a3ebd2bb8738219e460
qemu-smoke	Record canonical digest consumption in the retained evidence bundle	2026-09-12T04:41:58.6094072Z   CANONICAL_IMAGE_DIGEST: sha256:766ce07ba3073cc28049ff07d6d4f643bd6e3cc7a7967a3ebd2bb8738219e460
qemu-smoke	Record canonical digest consumption in the retained evidence bundle	2026-09-12T04:41:58.6094609Z   CANONICAL_IMAGE_REF: ghcr.io/cn-jjb/essential-cs/canonical
qemu-smoke	Record canonical digest consumption in the retained evidence bundle	2026-09-12T04:41:58.6094939Z ##[endgroup]
qemu-smoke	Record canonical digest consumption in the retained evidence bundle	2026-09-12T04:41:58.6162908Z lane=canonical-qemu-lane
qemu-smoke	Record canonical digest consumption in the retained evidence bundle	2026-09-12T04:41:58.6163896Z canonical_image=ghcr.io/cn-jjb/essential-cs/canonical@sha256:766ce07ba3073cc28049ff07d6d4f643bd6e3cc7a7967a3ebd2bb8738219e460
qemu-smoke	Record canonical digest consumption in the retained evidence bundle	2026-09-12T04:41:58.6165235Z canonical_image_digest=sha256:766ce07ba3073cc28049ff07d6d4f643bd6e3cc7a7967a3ebd2bb8738219e460
qemu-smoke	Record canonical digest consumption in the retained evidence bundle	2026-09-12T04:41:58.6170806Z committed_pin_digest=sha256:766ce07ba3073cc28049ff07d6d4f643bd6e3cc7a7967a3ebd2bb8738219e460
qemu-smoke	Record canonical digest consumption in the retained evidence bundle	2026-09-12T04:41:58.6301928Z local_image_id=sha256:24a926a0dcc9b98b7298b8728d68417233f15f32a23350bf1273bb26089d7805
qemu-smoke	Record canonical digest consumption in the retained evidence bundle	2026-09-12T04:41:58.6302819Z local_image_id_role=NOT-PIN (daemon-local)
qemu-smoke	Record canonical digest consumption in the retained evidence bundle	2026-09-12T04:41:58.6303371Z runner_image_version=20260907.300.1
qemu-smoke	Record canonical digest consumption in the retained evidence bundle	2026-09-12T04:41:58.6318557Z git_sha=d2ca8556f4fd086edcf82e0d2b1197571a619dda
qemu-smoke	Canonical floor gate + version snapshot	﻿2026-09-12T04:41:58.6353588Z ##[group]Run docker run --rm -v "${CI_TREE}:/work" -w /work "${CANONICAL_IMAGE}" \
qemu-smoke	Canonical floor gate + version snapshot	2026-09-12T04:41:58.6354191Z ^[[36;1mdocker run --rm -v "${CI_TREE}:/work" -w /work "${CANONICAL_IMAGE}" \^[[0m
qemu-smoke	Canonical floor gate + version snapshot	2026-09-12T04:41:58.6354815Z ^[[36;1m  bash /work/scripts/canonical-env-capture.sh | tee "${CI_TREE}/.ci-logs/qemu-env-snapshot.txt"^[[0m
qemu-smoke	Canonical floor gate + version snapshot	2026-09-12T04:41:58.6393240Z shell: /usr/bin/bash -e {0}
qemu-smoke	Canonical floor gate + version snapshot	2026-09-12T04:41:58.6393513Z env:
qemu-smoke	Canonical floor gate + version snapshot	2026-09-12T04:41:58.6393714Z   CI_TREE: /tmp/ci-tree
qemu-smoke	Canonical floor gate + version snapshot	2026-09-12T04:41:58.6394283Z   CANONICAL_IMAGE: ghcr.io/cn-jjb/essential-cs/canonical@sha256:766ce07ba3073cc28049ff07d6d4f643bd6e3cc7a7967a3ebd2bb8738219e460
qemu-smoke	Canonical floor gate + version snapshot	2026-09-12T04:41:58.6395072Z   CANONICAL_IMAGE_DIGEST: sha256:766ce07ba3073cc28049ff07d6d4f643bd6e3cc7a7967a3ebd2bb8738219e460
qemu-smoke	Canonical floor gate + version snapshot	2026-09-12T04:41:58.6395633Z   CANONICAL_IMAGE_REF: ghcr.io/cn-jjb/essential-cs/canonical
qemu-smoke	Canonical floor gate + version snapshot	2026-09-12T04:41:58.6395978Z ##[endgroup]
qemu-smoke	Canonical floor gate + version snapshot	2026-09-12T04:41:58.8610863Z CANONICAL_ENV_CAPTURE version=2
qemu-smoke	Canonical floor gate + version snapshot	2026-09-12T04:41:58.8632892Z os=Ubuntu 24.04.4 LTS
qemu-smoke	Canonical floor gate + version snapshot	2026-09-12T04:41:58.8649033Z kernel=6.17.0-1022-azure
qemu-smoke	Canonical floor gate + version snapshot	2026-09-12T04:41:58.8668523Z arch=x86_64
qemu-smoke	Canonical floor gate + version snapshot	2026-09-12T04:41:58.8669105Z FLOOR PASS canonical-arch=x86_64
qemu-smoke	Canonical floor gate + version snapshot	2026-09-12T04:41:58.9051835Z python_impl=CPython
qemu-smoke	Canonical floor gate + version snapshot	2026-09-12T04:41:58.9052854Z python_version=3.12.3
qemu-smoke	Canonical floor gate + version snapshot	2026-09-12T04:41:58.9079638Z FLOOR PASS python>=3.12 (CPython 3.12.3)
qemu-smoke	Canonical floor gate + version snapshot	2026-09-12T04:41:58.9241989Z sqlite_embedded=3.45.1
qemu-smoke	Canonical floor gate + version snapshot	2026-09-12T04:41:58.9266801Z FLOOR PASS sqlite-engine>=3.45 (3.45.1)
qemu-smoke	Canonical floor gate + version snapshot	2026-09-12T04:41:58.9293899Z sqlite_cli=3.45.1
qemu-smoke	Canonical floor gate + version snapshot	2026-09-12T04:41:58.9322178Z FLOOR PASS sqlite3-cli>=3.45 (3.45.1)
qemu-smoke	Canonical floor gate + version snapshot	2026-09-12T04:41:58.9368338Z gcc=13.3.0
qemu-smoke	Canonical floor gate + version snapshot	2026-09-12T04:41:58.9398780Z FLOOR PASS gcc>=13 (13.3.0)
qemu-smoke	Canonical floor gate + version snapshot	2026-09-12T04:41:58.9686880Z FLOOR PASS gcc-c11-surface
qemu-smoke	Canonical floor gate + version snapshot	2026-09-12T04:41:58.9772569Z curl=8.5.0
qemu-smoke	Canonical floor gate + version snapshot	2026-09-12T04:41:58.9796928Z FLOOR PASS curl>=8.5 (8.5.0)
qemu-smoke	Canonical floor gate + version snapshot	2026-09-12T04:41:59.0583091Z gdb=15.1
qemu-smoke	Canonical floor gate + version snapshot	2026-09-12T04:41:59.0606036Z FLOOR PASS gdb>=15.0 (15.1) REQUIRED-present
qemu-smoke	Canonical floor gate + version snapshot	2026-09-12T04:41:59.0725929Z qemu_riscv=QEMU emulator version 8.2.2 (Debian 1:8.2.2+ds-0ubuntu1.18)
qemu-smoke	Canonical floor gate + version snapshot	2026-09-12T04:41:59.0755826Z riscv_unknown_elf_gcc=riscv64-unknown-elf-gcc (13.2.0-11ubuntu1+12) 13.2.0
qemu-smoke	Canonical floor gate + version snapshot	2026-09-12T04:41:59.0778737Z riscv_gnu_gcc=riscv64-linux-gnu-gcc (Ubuntu 13.3.0-6ubuntu2~24.04.1) 13.3.0
qemu-smoke	Canonical floor gate + version snapshot	2026-09-12T04:41:59.0805938Z binutils=GNU objdump (GNU Binutils for Ubuntu) 2.42
qemu-smoke	Canonical floor gate + version snapshot	2026-09-12T04:41:59.0820676Z git=git version 2.43.0
qemu-smoke	Canonical floor gate + version snapshot	2026-09-12T04:41:59.0826904Z strace=present-capability-gated
qemu-smoke	Canonical floor gate + version snapshot	2026-09-12T04:41:59.0845173Z bash=GNU bash, version 5.2.21(1)-release (x86_64-pc-linux-gnu)
qemu-smoke	Canonical floor gate + version snapshot	2026-09-12T04:41:59.0970113Z qemu_system_misc_package=1:8.2.2+ds-0ubuntu1.18
qemu-smoke	Canonical floor gate + version snapshot	2026-09-12T04:41:59.0970893Z gcc_riscv64_unknown_elf_package=13.2.0-11ubuntu1+12
qemu-smoke	Canonical floor gate + version snapshot	2026-09-12T04:41:59.0971703Z gcc_riscv64_linux_gnu_package=4:13.2.0-7ubuntu1
qemu-smoke	Canonical floor gate + version snapshot	2026-09-12T04:41:59.0972528Z FLOOR PASS qemu-system-misc exact package identity
qemu-smoke	Canonical floor gate + version snapshot	2026-09-12T04:41:59.0973429Z FLOOR PASS gcc-riscv64-unknown-elf exact package identity
qemu-smoke	Canonical floor gate + version snapshot	2026-09-12T04:41:59.0974316Z dpkg_lane_identities_BEGIN
qemu-smoke	Canonical floor gate + version snapshot	2026-09-12T04:41:59.1023216Z ii  bash                         5.2.21-2ubuntu4        amd64        GNU Bourne Again SHell
qemu-smoke	Canonical floor gate + version snapshot	2026-09-12T04:41:59.1023958Z ii  bc                           1.07.1-3ubuntu4        amd64        GNU bc arbitrary precision calculator language
qemu-smoke	Canonical floor gate + version snapshot	2026-09-12T04:41:59.1024949Z ii  binutils                     2.42-4ubuntu2.10       amd64        GNU assembler, linker and binary utilities
qemu-smoke	Canonical floor gate + version snapshot	2026-09-12T04:41:59.1026484Z ii  binutils-riscv64-linux-gnu   2.42-4ubuntu2.10       amd64        GNU binary utilities, for riscv64-linux-gnu target
qemu-smoke	Canonical floor gate + version snapshot	2026-09-12T04:41:59.1027659Z ii  binutils-riscv64-unknown-elf 2.42-1ubuntu1+6        amd64        GNU assembler, linker and binary utilities for Risc-V processors
qemu-smoke	Canonical floor gate + version snapshot	2026-09-12T04:41:59.1028460Z ii  build-essential              12.10ubuntu1           amd64        Informational list of build-essential packages
qemu-smoke	Canonical floor gate + version snapshot	2026-09-12T04:41:59.1029065Z ii  ca-certificates              20260601~24.04.1       all          Common CA certificates
qemu-smoke	Canonical floor gate + version snapshot	2026-09-12T04:41:59.1029899Z ii  curl                         8.5.0-2ubuntu10.13     amd64        command line tool for transferring data with URL syntax
qemu-smoke	Canonical floor gate + version snapshot	2026-09-12T04:41:59.1032238Z ii  gcc-riscv64-linux-gnu        4:13.2.0-7ubuntu1      amd64        GNU C compiler for the riscv64 architecture
qemu-smoke	Canonical floor gate + version snapshot	2026-09-12T04:41:59.1043164Z ii  gcc-riscv64-unknown-elf      13.2.0-11ubuntu1+12    amd64        GCC cross compiler for Risc-V processors
qemu-smoke	Canonical floor gate + version snapshot	2026-09-12T04:41:59.1070058Z ii  gdb                          15.1-1ubuntu1~24.04.1  amd64        GNU Debugger
qemu-smoke	Canonical floor gate + version snapshot	2026-09-12T04:41:59.1071081Z ii  git                          1:2.43.0-1ubuntu7.3    amd64        fast, scalable, distributed revision control system
qemu-smoke	Canonical floor gate + version snapshot	2026-09-12T04:41:59.1072326Z ii  make                         4.3-4.1build2          amd64        utility for directing compilation
qemu-smoke	Canonical floor gate + version snapshot	2026-09-12T04:41:59.1073309Z ii  perl                         5.38.2-3.2ubuntu0.4    amd64        Larry Wall's Practical Extraction and Report Language
qemu-smoke	Canonical floor gate + version snapshot	2026-09-12T04:41:59.1074504Z ii  python3                      3.12.3-0ubuntu2.1      amd64        interactive high-level object-oriented language (default python3 version)
qemu-smoke	Canonical floor gate + version snapshot	2026-09-12T04:41:59.1075695Z ii  qemu-system-common           1:8.2.2+ds-0ubuntu1.18 amd64        QEMU full system emulation binaries (common files)
qemu-smoke	Canonical floor gate + version snapshot	2026-09-12T04:41:59.1076783Z ii  qemu-system-data             1:8.2.2+ds-0ubuntu1.18 all          QEMU full system emulation (data files)
qemu-smoke	Canonical floor gate + version snapshot	2026-09-12T04:41:59.1077640Z ii  qemu-system-misc             1:8.2.2+ds-0ubuntu1.18 amd64        QEMU full system emulation binaries (miscellaneous)
qemu-smoke	Canonical floor gate + version snapshot	2026-09-12T04:41:59.1078820Z ii  sqlite3                      3.45.1-1ubuntu2.7      amd64        Command line interface for SQLite 3
qemu-smoke	Canonical floor gate + version snapshot	2026-09-12T04:41:59.1079481Z ii  strace                       6.8-0ubuntu2           amd64        System call tracer
qemu-smoke	Canonical floor gate + version snapshot	2026-09-12T04:41:59.1080426Z dpkg_lane_identities_END
qemu-smoke	Canonical floor gate + version snapshot	2026-09-12T04:41:59.1080897Z CANONICAL_ENV_CAPTURE result=PASS
qemu-smoke	LAB-REQ-02 real QEMU lane (setup/source-route/fixture/smoke/fail-closed)	﻿2026-09-12T04:41:59.1770512Z ##[group]Run docker run --rm -v "${CI_TREE}:/work" -w /work "${CANONICAL_IMAGE}" bash -c '
qemu-smoke	LAB-REQ-02 real QEMU lane (setup/source-route/fixture/smoke/fail-closed)	2026-09-12T04:41:59.1771253Z ^[[36;1mdocker run --rm -v "${CI_TREE}:/work" -w /work "${CANONICAL_IMAGE}" bash -c '^[[0m
qemu-smoke	LAB-REQ-02 real QEMU lane (setup/source-route/fixture/smoke/fail-closed)	2026-09-12T04:41:59.1771696Z ^[[36;1m  set -ueo pipefail^[[0m
qemu-smoke	LAB-REQ-02 real QEMU lane (setup/source-route/fixture/smoke/fail-closed)	2026-09-12T04:41:59.1771973Z ^[[36;1m  cd labs/lab-req-02-xv6-syscall^[[0m
qemu-smoke	LAB-REQ-02 real QEMU lane (setup/source-route/fixture/smoke/fail-closed)	2026-09-12T04:41:59.1772373Z ^[[36;1m  ./preflight.sh | tee /work/.ci-logs/req02-preflight.log^[[0m
qemu-smoke	LAB-REQ-02 real QEMU lane (setup/source-route/fixture/smoke/fail-closed)	2026-09-12T04:41:59.1772958Z ^[[36;1m  ./setup.sh | tee /work/.ci-logs/req02-setup.log^[[0m
qemu-smoke	LAB-REQ-02 real QEMU lane (setup/source-route/fixture/smoke/fail-closed)	2026-09-12T04:41:59.1773450Z ^[[36;1m  python3 verify_source_route.py worktree | tee /work/.ci-logs/req02-source-route.log^[[0m
qemu-smoke	LAB-REQ-02 real QEMU lane (setup/source-route/fixture/smoke/fail-closed)	2026-09-12T04:41:59.1773904Z ^[[36;1m  printf "%s\n" \^[[0m
qemu-smoke	LAB-REQ-02 real QEMU lane (setup/source-route/fixture/smoke/fail-closed)	2026-09-12T04:41:59.1774185Z ^[[36;1m    "#include \"kernel/types.h\"" \^[[0m
qemu-smoke	LAB-REQ-02 real QEMU lane (setup/source-route/fixture/smoke/fail-closed)	2026-09-12T04:41:59.1774496Z ^[[36;1m    "#include \"user/user.h\"" \^[[0m
qemu-smoke	LAB-REQ-02 real QEMU lane (setup/source-route/fixture/smoke/fail-closed)	2026-09-12T04:41:59.1774768Z ^[[36;1m    "int" \^[[0m
qemu-smoke	LAB-REQ-02 real QEMU lane (setup/source-route/fixture/smoke/fail-closed)	2026-09-12T04:41:59.1775003Z ^[[36;1m    "main(int argc, char *argv[])" \^[[0m
qemu-smoke	LAB-REQ-02 real QEMU lane (setup/source-route/fixture/smoke/fail-closed)	2026-09-12T04:41:59.1775279Z ^[[36;1m    "{" \^[[0m
qemu-smoke	LAB-REQ-02 real QEMU lane (setup/source-route/fixture/smoke/fail-closed)	2026-09-12T04:41:59.1775531Z ^[[36;1m    "  if(argc != 2){" \^[[0m
qemu-smoke	LAB-REQ-02 real QEMU lane (setup/source-route/fixture/smoke/fail-closed)	2026-09-12T04:41:59.1775837Z ^[[36;1m    "    fprintf(2, \"Usage: sleep ticks\\n\");" \^[[0m
qemu-smoke	LAB-REQ-02 real QEMU lane (setup/source-route/fixture/smoke/fail-closed)	2026-09-12T04:41:59.1776152Z ^[[36;1m    "    exit(1);" \^[[0m
qemu-smoke	LAB-REQ-02 real QEMU lane (setup/source-route/fixture/smoke/fail-closed)	2026-09-12T04:41:59.1776381Z ^[[36;1m    "  }" \^[[0m
qemu-smoke	LAB-REQ-02 real QEMU lane (setup/source-route/fixture/smoke/fail-closed)	2026-09-12T04:41:59.1776603Z ^[[36;1m    "  pause(atoi(argv[1]));" \^[[0m
qemu-smoke	LAB-REQ-02 real QEMU lane (setup/source-route/fixture/smoke/fail-closed)	2026-09-12T04:41:59.1776868Z ^[[36;1m    "  exit(0);" \^[[0m
qemu-smoke	LAB-REQ-02 real QEMU lane (setup/source-route/fixture/smoke/fail-closed)	2026-09-12T04:41:59.1777113Z ^[[36;1m    "}" > worktree/user/sleep.c^[[0m
qemu-smoke	LAB-REQ-02 real QEMU lane (setup/source-route/fixture/smoke/fail-closed)	2026-09-12T04:41:59.1777384Z ^[[36;1m  printf "%s\n" \^[[0m
qemu-smoke	LAB-REQ-02 real QEMU lane (setup/source-route/fixture/smoke/fail-closed)	2026-09-12T04:41:59.1777624Z ^[[36;1m    "import sys" \^[[0m
qemu-smoke	LAB-REQ-02 real QEMU lane (setup/source-route/fixture/smoke/fail-closed)	2026-09-12T04:41:59.1777861Z ^[[36;1m    "p = sys.argv[1]" \^[[0m
qemu-smoke	LAB-REQ-02 real QEMU lane (setup/source-route/fixture/smoke/fail-closed)	2026-09-12T04:41:59.1778117Z ^[[36;1m    "s = open(p).read()" \^[[0m
qemu-smoke	LAB-REQ-02 real QEMU lane (setup/source-route/fixture/smoke/fail-closed)	2026-09-12T04:41:59.1778400Z ^[[36;1m    "T = chr(9); N = chr(10); B = chr(92)" \^[[0m
qemu-smoke	LAB-REQ-02 real QEMU lane (setup/source-route/fixture/smoke/fail-closed)	2026-09-12T04:41:59.1778719Z ^[[36;1m    "anchor = T + \"\$U/_zombie\" + B" \^[[0m
qemu-smoke	LAB-REQ-02 real QEMU lane (setup/source-route/fixture/smoke/fail-closed)	2026-09-12T04:41:59.1779028Z ^[[36;1m    "add = N + T + \"\$U/_sleep\" + B" \^[[0m
qemu-smoke	LAB-REQ-02 real QEMU lane (setup/source-route/fixture/smoke/fail-closed)	2026-09-12T04:41:59.1779372Z ^[[36;1m    "assert anchor in s, \"UPROGS anchor not found\"" \^[[0m
qemu-smoke	LAB-REQ-02 real QEMU lane (setup/source-route/fixture/smoke/fail-closed)	2026-09-12T04:41:59.1780146Z ^[[36;1m    "open(p, \"w\").write(s.replace(anchor, anchor + add, 1))" > /tmp/patch_uprogs.py^[[0m
qemu-smoke	LAB-REQ-02 real QEMU lane (setup/source-route/fixture/smoke/fail-closed)	2026-09-12T04:41:59.1780656Z ^[[36;1m  python3 /tmp/patch_uprogs.py worktree/Makefile^[[0m
qemu-smoke	LAB-REQ-02 real QEMU lane (setup/source-route/fixture/smoke/fail-closed)	2026-09-12T04:41:59.1781035Z ^[[36;1m  grep -q "U/_sleep" worktree/Makefile^[[0m
qemu-smoke	LAB-REQ-02 real QEMU lane (setup/source-route/fixture/smoke/fail-closed)	2026-09-12T04:41:59.1781406Z ^[[36;1m  ./smoke.sh | tee /work/.ci-logs/req02-smoke.log^[[0m
qemu-smoke	LAB-REQ-02 real QEMU lane (setup/source-route/fixture/smoke/fail-closed)	2026-09-12T04:41:59.1781783Z ^[[36;1m  SMOKE_LOG=/work/.ci-logs/req02-smoke.log^[[0m
qemu-smoke	LAB-REQ-02 real QEMU lane (setup/source-route/fixture/smoke/fail-closed)	2026-09-12T04:41:59.1782265Z ^[[36;1m  test -s "${SMOKE_LOG}" || { echo "FAIL-CLOSED: req02-smoke.log missing or empty"; exit 1; }^[[0m
qemu-smoke	LAB-REQ-02 real QEMU lane (setup/source-route/fixture/smoke/fail-closed)	2026-09-12T04:41:59.1783003Z ^[[36;1m  grep -q "QEMU_SMOKE_STATUS: PASS" "${SMOKE_LOG}" || { echo "FAIL-CLOSED: QEMU_SMOKE_STATUS: PASS marker absent"; exit 1; }^[[0m
qemu-smoke	LAB-REQ-02 real QEMU lane (setup/source-route/fixture/smoke/fail-closed)	2026-09-12T04:41:59.1783822Z ^[[36;1m  grep -q "=== LAB-REQ-02 Smoke Test PASS ===" "${SMOKE_LOG}" || { echo "FAIL-CLOSED: final smoke PASS banner absent"; exit 1; }^[[0m
qemu-smoke	LAB-REQ-02 real QEMU lane (setup/source-route/fixture/smoke/fail-closed)	2026-09-12T04:41:59.1784703Z ^[[36;1m  grep -qE "^[[:space:]]*LAB_REQ_02_OK[[:space:]]*\$" "${SMOKE_LOG}" || { echo "FAIL-CLOSED: standalone LAB_REQ_02_OK execution marker absent"; exit 1; }^[[0m
qemu-smoke	LAB-REQ-02 real QEMU lane (setup/source-route/fixture/smoke/fail-closed)	2026-09-12T04:41:59.1785542Z ^[[36;1m  grep -q "QEMU_REAPED: TRUE" "${SMOKE_LOG}" || { echo "FAIL-CLOSED: QEMU_REAPED: TRUE absent"; exit 1; }^[[0m
qemu-smoke	LAB-REQ-02 real QEMU lane (setup/source-route/fixture/smoke/fail-closed)	2026-09-12T04:41:59.1786250Z ^[[36;1m  grep -q "PID_MARKER_CLEAN: YES" "${SMOKE_LOG}" || { echo "FAIL-CLOSED: PID_MARKER_CLEAN: YES absent"; exit 1; }^[[0m
qemu-smoke	LAB-REQ-02 real QEMU lane (setup/source-route/fixture/smoke/fail-closed)	2026-09-12T04:41:59.1787022Z ^[[36;1m  echo "REQ02_SMOKE_EVIDENCE: FAIL-CLOSED POSTCONDITION PASS"' 2>&1 | tee "${CI_TREE}/.ci-logs/qemu-lane-outer.log"^[[0m
qemu-smoke	LAB-REQ-02 real QEMU lane (setup/source-route/fixture/smoke/fail-closed)	2026-09-12T04:41:59.1787575Z ^[[36;1mtest "${PIPESTATUS[0]}" -eq 0^[[0m
qemu-smoke	LAB-REQ-02 real QEMU lane (setup/source-route/fixture/smoke/fail-closed)	2026-09-12T04:41:59.1823548Z shell: /usr/bin/bash -e {0}
qemu-smoke	LAB-REQ-02 real QEMU lane (setup/source-route/fixture/smoke/fail-closed)	2026-09-12T04:41:59.1823810Z env:
qemu-smoke	LAB-REQ-02 real QEMU lane (setup/source-route/fixture/smoke/fail-closed)	2026-09-12T04:41:59.1824020Z   CI_TREE: /tmp/ci-tree
qemu-smoke	LAB-REQ-02 real QEMU lane (setup/source-route/fixture/smoke/fail-closed)	2026-09-12T04:41:59.1824592Z   CANONICAL_IMAGE: ghcr.io/cn-jjb/essential-cs/canonical@sha256:766ce07ba3073cc28049ff07d6d4f643bd6e3cc7a7967a3ebd2bb8738219e460
qemu-smoke	LAB-REQ-02 real QEMU lane (setup/source-route/fixture/smoke/fail-closed)	2026-09-12T04:41:59.1825406Z   CANONICAL_IMAGE_DIGEST: sha256:766ce07ba3073cc28049ff07d6d4f643bd6e3cc7a7967a3ebd2bb8738219e460
qemu-smoke	LAB-REQ-02 real QEMU lane (setup/source-route/fixture/smoke/fail-closed)	2026-09-12T04:41:59.1826142Z   CANONICAL_IMAGE_REF: ghcr.io/cn-jjb/essential-cs/canonical
qemu-smoke	LAB-REQ-02 real QEMU lane (setup/source-route/fixture/smoke/fail-closed)	2026-09-12T04:41:59.1826482Z ##[endgroup]
qemu-smoke	LAB-REQ-02 real QEMU lane (setup/source-route/fixture/smoke/fail-closed)	2026-09-12T04:41:59.3106857Z === LAB-REQ-02 xv6 Syscall Preflight ===
qemu-smoke	LAB-REQ-02 real QEMU lane (setup/source-route/fixture/smoke/fail-closed)	2026-09-12T04:41:59.3123340Z [+] git: git version 2.43.0
qemu-smoke	LAB-REQ-02 real QEMU lane (setup/source-route/fixture/smoke/fail-closed)	2026-09-12T04:41:59.3142043Z [+] make: GNU Make 4.3
qemu-smoke	LAB-REQ-02 real QEMU lane (setup/source-route/fixture/smoke/fail-closed)	2026-09-12T04:41:59.3160673Z [+] python3: Python 3.12.3
qemu-smoke	LAB-REQ-02 real QEMU lane (setup/source-route/fixture/smoke/fail-closed)	2026-09-12T04:41:59.3183799Z [+] perl: 
qemu-smoke	LAB-REQ-02 real QEMU lane (setup/source-route/fixture/smoke/fail-closed)	2026-09-12T04:41:59.3201279Z [+] bc: bc 1.07.1
qemu-smoke	LAB-REQ-02 real QEMU lane (setup/source-route/fixture/smoke/fail-closed)	2026-09-12T04:41:59.3223410Z [+] RISC-V GCC: riscv64-linux-gnu-gcc (Ubuntu 13.3.0-6ubuntu2~24.04.1) 13.3.0
qemu-smoke	LAB-REQ-02 real QEMU lane (setup/source-route/fixture/smoke/fail-closed)	2026-09-12T04:41:59.3244293Z [+] RISC-V objdump: GNU objdump (GNU Binutils for Ubuntu) 2.42
qemu-smoke	LAB-REQ-02 real QEMU lane (setup/source-route/fixture/smoke/fail-closed)	2026-09-12T04:41:59.3358029Z [+] QEMU RISC-V: QEMU emulator version 8.2.2 (Debian 1:8.2.2+ds-0ubuntu1.18)
qemu-smoke	LAB-REQ-02 real QEMU lane (setup/source-route/fixture/smoke/fail-closed)	2026-09-12T04:41:59.3358502Z ----------------------------------------
qemu-smoke	LAB-REQ-02 real QEMU lane (setup/source-route/fixture/smoke/fail-closed)	2026-09-12T04:41:59.3360495Z STATUS: PASS — Required LAB-REQ-02 build/smoke capabilities are present.
qemu-smoke	LAB-REQ-02 real QEMU lane (setup/source-route/fixture/smoke/fail-closed)	2026-09-12T04:41:59.3361296Z NOTE: PASS means capability-present, not that xv6 build/QEMU execution has already succeeded.
qemu-smoke	LAB-REQ-02 real QEMU lane (setup/source-route/fixture/smoke/fail-closed)	2026-09-12T04:41:59.3401060Z === LAB-REQ-02 Setup ===
qemu-smoke	LAB-REQ-02 real QEMU lane (setup/source-route/fixture/smoke/fail-closed)	2026-09-12T04:41:59.3401628Z [*] Cloning official xv6-riscv repository...
qemu-smoke	LAB-REQ-02 real QEMU lane (setup/source-route/fixture/smoke/fail-closed)	2026-09-12T04:41:59.3411587Z Cloning into '/work/labs/lab-req-02-xv6-syscall/worktree'...
qemu-smoke	LAB-REQ-02 real QEMU lane (setup/source-route/fixture/smoke/fail-closed)	2026-09-12T04:42:00.0111535Z [*] Checking out pinned commit 35b088427ef37611c38afdeed5a52a278cae38f9...
qemu-smoke	LAB-REQ-02 real QEMU lane (setup/source-route/fixture/smoke/fail-closed)	2026-09-12T04:42:00.0150040Z HEAD is now at 35b0884 test for nlink overflow
qemu-smoke	LAB-REQ-02 real QEMU lane (setup/source-route/fixture/smoke/fail-closed)	2026-09-12T04:42:00.0168497Z [+] Pinned xv6 worktree: 35b088427ef37611c38afdeed5a52a278cae38f9
qemu-smoke	LAB-REQ-02 real QEMU lane (setup/source-route/fixture/smoke/fail-closed)	2026-09-12T04:42:00.0169556Z [+] Canonical origin: https://github.com/mit-pdos/xv6-riscv.git
qemu-smoke	LAB-REQ-02 real QEMU lane (setup/source-route/fixture/smoke/fail-closed)	2026-09-12T04:42:00.0170670Z [+] xv6 software license file present: /work/labs/lab-req-02-xv6-syscall/worktree/LICENSE
qemu-smoke	LAB-REQ-02 real QEMU lane (setup/source-route/fixture/smoke/fail-closed)	2026-09-12T04:42:00.0171446Z === Setup Complete ===
qemu-smoke	LAB-REQ-02 real QEMU lane (setup/source-route/fixture/smoke/fail-closed)	2026-09-12T04:42:00.0485151Z === Verifying pinned xv6 syscall route in: worktree ===
qemu-smoke	LAB-REQ-02 real QEMU lane (setup/source-route/fixture/smoke/fail-closed)	2026-09-12T04:42:00.0485891Z [+] Pin: HEAD == 35b088427ef37611c38afdeed5a52a278cae38f9
qemu-smoke	LAB-REQ-02 real QEMU lane (setup/source-route/fixture/smoke/fail-closed)	2026-09-12T04:42:00.0486519Z [+] syscall number: SYS_pause == 13
qemu-smoke	LAB-REQ-02 real QEMU lane (setup/source-route/fixture/smoke/fail-closed)	2026-09-12T04:42:00.0487038Z [+] dispatcher: [SYS_pause] -> sys_pause
qemu-smoke	LAB-REQ-02 real QEMU lane (setup/source-route/fixture/smoke/fail-closed)	2026-09-12T04:42:00.0487556Z [+] kernel implementation: sys_pause(void)
qemu-smoke	LAB-REQ-02 real QEMU lane (setup/source-route/fixture/smoke/fail-closed)	2026-09-12T04:42:00.0488060Z [+] user declaration: int pause(int);
qemu-smoke	LAB-REQ-02 real QEMU lane (setup/source-route/fixture/smoke/fail-closed)	2026-09-12T04:42:00.0488679Z [+] stub generator: pause entry -> a7 syscall number -> ecall -> ret
qemu-smoke	LAB-REQ-02 real QEMU lane (setup/source-route/fixture/smoke/fail-closed)	2026-09-12T04:42:00.0489323Z [+] trap: U-mode ecall scause 8 -> syscall()
qemu-smoke	LAB-REQ-02 real QEMU lane (setup/source-route/fixture/smoke/fail-closed)	2026-09-12T04:42:00.0490049Z [+] trampoline: uservec entry present
qemu-smoke	LAB-REQ-02 real QEMU lane (setup/source-route/fixture/smoke/fail-closed)	2026-09-12T04:42:00.0490627Z [*] learner user/sleep.c not present yet; upstream route still checked
qemu-smoke	LAB-REQ-02 real QEMU lane (setup/source-route/fixture/smoke/fail-closed)	2026-09-12T04:42:00.0491659Z STATUS: PASS — Exact pin and current pause/sys_pause route verified.
qemu-smoke	LAB-REQ-02 real QEMU lane (setup/source-route/fixture/smoke/fail-closed)	2026-09-12T04:42:00.0706378Z === LAB-REQ-02 Smoke Test ===
qemu-smoke	LAB-REQ-02 real QEMU lane (setup/source-route/fixture/smoke/fail-closed)	2026-09-12T04:42:00.0748167Z [+] Step 1: Build kernel, filesystem image, and user/_sleep...
qemu-smoke	LAB-REQ-02 real QEMU lane (setup/source-route/fixture/smoke/fail-closed)	2026-09-12T04:42:00.0977200Z gcc -Wno-unknown-attributes -I. -o mkfs/mkfs mkfs/mkfs.c
qemu-smoke	LAB-REQ-02 real QEMU lane (setup/source-route/fixture/smoke/fail-closed)	2026-09-12T04:42:00.1594789Z riscv64-unknown-elf-gcc -Wall -Werror -Wno-unknown-attributes -O -fno-omit-frame-pointer -ggdb -gdwarf-2 -ffile-prefix-map=/work/labs/lab-req-02-xv6-syscall/worktree=. -march=rv64gc -std=gnu99 -MD -mcmodel=medany -ffreestanding -fno-common -nostdlib -fno-builtin-strncpy -fno-builtin-strncmp -fno-builtin-strlen -fno-builtin-memset -fno-builtin-memmove -fno-builtin-memcmp -fno-builtin-log -fno-builtin-bzero -fno-builtin-strchr -fno-builtin-exit -fno-builtin-malloc -fno-builtin-putc -fno-builtin-free -fno-builtin-memcpy -Wno-main -fno-builtin-printf -fno-builtin-fprintf -fno-builtin-vprintf -I. -fno-stack-protector -fno-pie -no-pie   -c -o user/ulib.o user/ulib.c
qemu-smoke	LAB-REQ-02 real QEMU lane (setup/source-route/fixture/smoke/fail-closed)	2026-09-12T04:42:00.2032361Z perl user/usys.pl > user/usys.S
qemu-smoke	LAB-REQ-02 real QEMU lane (setup/source-route/fixture/smoke/fail-closed)	2026-09-12T04:42:00.2128385Z riscv64-unknown-elf-gcc -Wall -Werror -Wno-unknown-attributes -O -fno-omit-frame-pointer -ggdb -gdwarf-2 -ffile-prefix-map=/work/labs/lab-req-02-xv6-syscall/worktree=. -march=rv64gc -std=gnu99 -MD -mcmodel=medany -ffreestanding -fno-common -nostdlib -fno-builtin-strncpy -fno-builtin-strncmp -fno-builtin-strlen -fno-builtin-memset -fno-builtin-memmove -fno-builtin-memcmp -fno-builtin-log -fno-builtin-bzero -fno-builtin-strchr -fno-builtin-exit -fno-builtin-malloc -fno-builtin-putc -fno-builtin-free -fno-builtin-memcpy -Wno-main -fno-builtin-printf -fno-builtin-fprintf -fno-builtin-vprintf -I. -fno-stack-protector -fno-pie -no-pie -c -o user/usys.o user/usys.S
qemu-smoke	LAB-REQ-02 real QEMU lane (setup/source-route/fixture/smoke/fail-closed)	2026-09-12T04:42:00.2263902Z riscv64-unknown-elf-gcc -Wall -Werror -Wno-unknown-attributes -O -fno-omit-frame-pointer -ggdb -gdwarf-2 -ffile-prefix-map=/work/labs/lab-req-02-xv6-syscall/worktree=. -march=rv64gc -std=gnu99 -MD -mcmodel=medany -ffreestanding -fno-common -nostdlib -fno-builtin-strncpy -fno-builtin-strncmp -fno-builtin-strlen -fno-builtin-memset -fno-builtin-memmove -fno-builtin-memcmp -fno-builtin-log -fno-builtin-bzero -fno-builtin-strchr -fno-builtin-exit -fno-builtin-malloc -fno-builtin-putc -fno-builtin-free -fno-builtin-memcpy -Wno-main -fno-builtin-printf -fno-builtin-fprintf -fno-builtin-vprintf -I. -fno-stack-protector -fno-pie -no-pie   -c -o user/printf.o user/printf.c
qemu-smoke	LAB-REQ-02 real QEMU lane (setup/source-route/fixture/smoke/fail-closed)	2026-09-12T04:42:00.2708416Z riscv64-unknown-elf-gcc -Wall -Werror -Wno-unknown-attributes -O -fno-omit-frame-pointer -ggdb -gdwarf-2 -ffile-prefix-map=/work/labs/lab-req-02-xv6-syscall/worktree=. -march=rv64gc -std=gnu99 -MD -mcmodel=medany -ffreestanding -fno-common -nostdlib -fno-builtin-strncpy -fno-builtin-strncmp -fno-builtin-strlen -fno-builtin-memset -fno-builtin-memmove -fno-builtin-memcmp -fno-builtin-log -fno-builtin-bzero -fno-builtin-strchr -fno-builtin-exit -fno-builtin-malloc -fno-builtin-putc -fno-builtin-free -fno-builtin-memcpy -Wno-main -fno-builtin-printf -fno-builtin-fprintf -fno-builtin-vprintf -I. -fno-stack-protector -fno-pie -no-pie   -c -o user/umalloc.o user/umalloc.c
qemu-smoke	LAB-REQ-02 real QEMU lane (setup/source-route/fixture/smoke/fail-closed)	2026-09-12T04:42:00.3017737Z riscv64-unknown-elf-gcc -Wall -Werror -Wno-unknown-attributes -O -fno-omit-frame-pointer -ggdb -gdwarf-2 -ffile-prefix-map=/work/labs/lab-req-02-xv6-syscall/worktree=. -march=rv64gc -std=gnu99 -MD -mcmodel=medany -ffreestanding -fno-common -nostdlib -fno-builtin-strncpy -fno-builtin-strncmp -fno-builtin-strlen -fno-builtin-memset -fno-builtin-memmove -fno-builtin-memcmp -fno-builtin-log -fno-builtin-bzero -fno-builtin-strchr -fno-builtin-exit -fno-builtin-malloc -fno-builtin-putc -fno-builtin-free -fno-builtin-memcpy -Wno-main -fno-builtin-printf -fno-builtin-fprintf -fno-builtin-vprintf -I. -fno-stack-protector -fno-pie -no-pie   -c -o user/cat.o user/cat.c
qemu-smoke	LAB-REQ-02 real QEMU lane (setup/source-route/fixture/smoke/fail-closed)	2026-09-12T04:42:00.3197696Z riscv64-unknown-elf-ld -z max-page-size=4096 -T user/user.ld -o user/_cat user/cat.o user/ulib.o user/usys.o user/printf.o user/umalloc.o
qemu-smoke	LAB-REQ-02 real QEMU lane (setup/source-route/fixture/smoke/fail-closed)	2026-09-12T04:42:00.3228231Z riscv64-unknown-elf-objdump -S user/_cat > user/cat.asm
qemu-smoke	LAB-REQ-02 real QEMU lane (setup/source-route/fixture/smoke/fail-closed)	2026-09-12T04:42:00.3264899Z riscv64-unknown-elf-objdump -t user/_cat | sed '1,/SYMBOL TABLE/d; s/ .* / /; /^$/d' > user/cat.sym
qemu-smoke	LAB-REQ-02 real QEMU lane (setup/source-route/fixture/smoke/fail-closed)	2026-09-12T04:42:00.3351779Z riscv64-unknown-elf-gcc -Wall -Werror -Wno-unknown-attributes -O -fno-omit-frame-pointer -ggdb -gdwarf-2 -ffile-prefix-map=/work/labs/lab-req-02-xv6-syscall/worktree=. -march=rv64gc -std=gnu99 -MD -mcmodel=medany -ffreestanding -fno-common -nostdlib -fno-builtin-strncpy -fno-builtin-strncmp -fno-builtin-strlen -fno-builtin-memset -fno-builtin-memmove -fno-builtin-memcmp -fno-builtin-log -fno-builtin-bzero -fno-builtin-strchr -fno-builtin-exit -fno-builtin-malloc -fno-builtin-putc -fno-builtin-free -fno-builtin-memcpy -Wno-main -fno-builtin-printf -fno-builtin-fprintf -fno-builtin-vprintf -I. -fno-stack-protector -fno-pie -no-pie   -c -o user/echo.o user/echo.c
qemu-smoke	LAB-REQ-02 real QEMU lane (setup/source-route/fixture/smoke/fail-closed)	2026-09-12T04:42:00.3511156Z riscv64-unknown-elf-ld -z max-page-size=4096 -T user/user.ld -o user/_echo user/echo.o user/ulib.o user/usys.o user/printf.o user/umalloc.o
qemu-smoke	LAB-REQ-02 real QEMU lane (setup/source-route/fixture/smoke/fail-closed)	2026-09-12T04:42:00.3532481Z riscv64-unknown-elf-objdump -S user/_echo > user/echo.asm
qemu-smoke	LAB-REQ-02 real QEMU lane (setup/source-route/fixture/smoke/fail-closed)	2026-09-12T04:42:00.3568068Z riscv64-unknown-elf-objdump -t user/_echo | sed '1,/SYMBOL TABLE/d; s/ .* / /; /^$/d' > user/echo.sym
qemu-smoke	LAB-REQ-02 real QEMU lane (setup/source-route/fixture/smoke/fail-closed)	2026-09-12T04:42:00.3654540Z riscv64-unknown-elf-gcc -Wall -Werror -Wno-unknown-attributes -O -fno-omit-frame-pointer -ggdb -gdwarf-2 -ffile-prefix-map=/work/labs/lab-req-02-xv6-syscall/worktree=. -march=rv64gc -std=gnu99 -MD -mcmodel=medany -ffreestanding -fno-common -nostdlib -fno-builtin-strncpy -fno-builtin-strncmp -fno-builtin-strlen -fno-builtin-memset -fno-builtin-memmove -fno-builtin-memcmp -fno-builtin-log -fno-builtin-bzero -fno-builtin-strchr -fno-builtin-exit -fno-builtin-malloc -fno-builtin-putc -fno-builtin-free -fno-builtin-memcpy -Wno-main -fno-builtin-printf -fno-builtin-fprintf -fno-builtin-vprintf -I. -fno-stack-protector -fno-pie -no-pie   -c -o user/forktest.o user/forktest.c
qemu-smoke	LAB-REQ-02 real QEMU lane (setup/source-route/fixture/smoke/fail-closed)	2026-09-12T04:42:00.3836329Z # forktest has less library code linked in - needs to be small
qemu-smoke	LAB-REQ-02 real QEMU lane (setup/source-route/fixture/smoke/fail-closed)	2026-09-12T04:42:00.3848103Z # in order to be able to max out the proc table.
qemu-smoke	LAB-REQ-02 real QEMU lane (setup/source-route/fixture/smoke/fail-closed)	2026-09-12T04:42:00.3850164Z riscv64-unknown-elf-ld -z max-page-size=4096 -N -e main -Ttext 0 -o user/_forktest user/forktest.o user/ulib.o user/usys.o
qemu-smoke	LAB-REQ-02 real QEMU lane (setup/source-route/fixture/smoke/fail-closed)	2026-09-12T04:42:00.3872539Z riscv64-unknown-elf-ld: warning: user/_forktest has a LOAD segment with RWX permissions
qemu-smoke	LAB-REQ-02 real QEMU lane (setup/source-route/fixture/smoke/fail-closed)	2026-09-12T04:42:00.3879089Z riscv64-unknown-elf-objdump -S user/_forktest > user/forktest.asm
qemu-smoke	LAB-REQ-02 real QEMU lane (setup/source-route/fixture/smoke/fail-closed)	2026-09-12T04:42:00.3968187Z riscv64-unknown-elf-gcc -Wall -Werror -Wno-unknown-attributes -O -fno-omit-frame-pointer -ggdb -gdwarf-2 -ffile-prefix-map=/work/labs/lab-req-02-xv6-syscall/worktree=. -march=rv64gc -std=gnu99 -MD -mcmodel=medany -ffreestanding -fno-common -nostdlib -fno-builtin-strncpy -fno-builtin-strncmp -fno-builtin-strlen -fno-builtin-memset -fno-builtin-memmove -fno-builtin-memcmp -fno-builtin-log -fno-builtin-bzero -fno-builtin-strchr -fno-builtin-exit -fno-builtin-malloc -fno-builtin-putc -fno-builtin-free -fno-builtin-memcpy -Wno-main -fno-builtin-printf -fno-builtin-fprintf -fno-builtin-vprintf -I. -fno-stack-protector -fno-pie -no-pie   -c -o user/grep.o user/grep.c
qemu-smoke	LAB-REQ-02 real QEMU lane (setup/source-route/fixture/smoke/fail-closed)	2026-09-12T04:42:00.4277320Z riscv64-unknown-elf-ld -z max-page-size=4096 -T user/user.ld -o user/_grep user/grep.o user/ulib.o user/usys.o user/printf.o user/umalloc.o
qemu-smoke	LAB-REQ-02 real QEMU lane (setup/source-route/fixture/smoke/fail-closed)	2026-09-12T04:42:00.4308617Z riscv64-unknown-elf-objdump -S user/_grep > user/grep.asm
qemu-smoke	LAB-REQ-02 real QEMU lane (setup/source-route/fixture/smoke/fail-closed)	2026-09-12T04:42:00.4348076Z riscv64-unknown-elf-objdump -t user/_grep | sed '1,/SYMBOL TABLE/d; s/ .* / /; /^$/d' > user/grep.sym
qemu-smoke	LAB-REQ-02 real QEMU lane (setup/source-route/fixture/smoke/fail-closed)	2026-09-12T04:42:00.4433346Z riscv64-unknown-elf-gcc -Wall -Werror -Wno-unknown-attributes -O -fno-omit-frame-pointer -ggdb -gdwarf-2 -ffile-prefix-map=/work/labs/lab-req-02-xv6-syscall/worktree=. -march=rv64gc -std=gnu99 -MD -mcmodel=medany -ffreestanding -fno-common -nostdlib -fno-builtin-strncpy -fno-builtin-strncmp -fno-builtin-strlen -fno-builtin-memset -fno-builtin-memmove -fno-builtin-memcmp -fno-builtin-log -fno-builtin-bzero -fno-builtin-strchr -fno-builtin-exit -fno-builtin-malloc -fno-builtin-putc -fno-builtin-free -fno-builtin-memcpy -Wno-main -fno-builtin-printf -fno-builtin-fprintf -fno-builtin-vprintf -I. -fno-stack-protector -fno-pie -no-pie   -c -o user/init.o user/init.c
qemu-smoke	LAB-REQ-02 real QEMU lane (setup/source-route/fixture/smoke/fail-closed)	2026-09-12T04:42:00.4583434Z riscv64-unknown-elf-ld -z max-page-size=4096 -T user/user.ld -o user/_init user/init.o user/ulib.o user/usys.o user/printf.o user/umalloc.o
qemu-smoke	LAB-REQ-02 real QEMU lane (setup/source-route/fixture/smoke/fail-closed)	2026-09-12T04:42:00.4617057Z riscv64-unknown-elf-objdump -S user/_init > user/init.asm
qemu-smoke	LAB-REQ-02 real QEMU lane (setup/source-route/fixture/smoke/fail-closed)	2026-09-12T04:42:00.4649211Z riscv64-unknown-elf-objdump -t user/_init | sed '1,/SYMBOL TABLE/d; s/ .* / /; /^$/d' > user/init.sym
qemu-smoke	LAB-REQ-02 real QEMU lane (setup/source-route/fixture/smoke/fail-closed)	2026-09-12T04:42:00.4733992Z riscv64-unknown-elf-gcc -Wall -Werror -Wno-unknown-attributes -O -fno-omit-frame-pointer -ggdb -gdwarf-2 -ffile-prefix-map=/work/labs/lab-req-02-xv6-syscall/worktree=. -march=rv64gc -std=gnu99 -MD -mcmodel=medany -ffreestanding -fno-common -nostdlib -fno-builtin-strncpy -fno-builtin-strncmp -fno-builtin-strlen -fno-builtin-memset -fno-builtin-memmove -fno-builtin-memcmp -fno-builtin-log -fno-builtin-bzero -fno-builtin-strchr -fno-builtin-exit -fno-builtin-malloc -fno-builtin-putc -fno-builtin-free -fno-builtin-memcpy -Wno-main -fno-builtin-printf -fno-builtin-fprintf -fno-builtin-vprintf -I. -fno-stack-protector -fno-pie -no-pie   -c -o user/kill.o user/kill.c
qemu-smoke	LAB-REQ-02 real QEMU lane (setup/source-route/fixture/smoke/fail-closed)	2026-09-12T04:42:00.4880111Z riscv64-unknown-elf-ld -z max-page-size=4096 -T user/user.ld -o user/_kill user/kill.o user/ulib.o user/usys.o user/printf.o user/umalloc.o
qemu-smoke	LAB-REQ-02 real QEMU lane (setup/source-route/fixture/smoke/fail-closed)	2026-09-12T04:42:00.4910016Z riscv64-unknown-elf-objdump -S user/_kill > user/kill.asm
qemu-smoke	LAB-REQ-02 real QEMU lane (setup/source-route/fixture/smoke/fail-closed)	2026-09-12T04:42:00.4946459Z riscv64-unknown-elf-objdump -t user/_kill | sed '1,/SYMBOL TABLE/d; s/ .* / /; /^$/d' > user/kill.sym
qemu-smoke	LAB-REQ-02 real QEMU lane (setup/source-route/fixture/smoke/fail-closed)	2026-09-12T04:42:00.5032547Z riscv64-unknown-elf-gcc -Wall -Werror -Wno-unknown-attributes -O -fno-omit-frame-pointer -ggdb -gdwarf-2 -ffile-prefix-map=/work/labs/lab-req-02-xv6-syscall/worktree=. -march=rv64gc -std=gnu99 -MD -mcmodel=medany -ffreestanding -fno-common -nostdlib -fno-builtin-strncpy -fno-builtin-strncmp -fno-builtin-strlen -fno-builtin-memset -fno-builtin-memmove -fno-builtin-memcmp -fno-builtin-log -fno-builtin-bzero -fno-builtin-strchr -fno-builtin-exit -fno-builtin-malloc -fno-builtin-putc -fno-builtin-free -fno-builtin-memcpy -Wno-main -fno-builtin-printf -fno-builtin-fprintf -fno-builtin-vprintf -I. -fno-stack-protector -fno-pie -no-pie   -c -o user/ln.o user/ln.c
qemu-smoke	LAB-REQ-02 real QEMU lane (setup/source-route/fixture/smoke/fail-closed)	2026-09-12T04:42:00.5163610Z riscv64-unknown-elf-ld -z max-page-size=4096 -T user/user.ld -o user/_ln user/ln.o user/ulib.o user/usys.o user/printf.o user/umalloc.o
qemu-smoke	LAB-REQ-02 real QEMU lane (setup/source-route/fixture/smoke/fail-closed)	2026-09-12T04:42:00.5192744Z riscv64-unknown-elf-objdump -S user/_ln > user/ln.asm
qemu-smoke	LAB-REQ-02 real QEMU lane (setup/source-route/fixture/smoke/fail-closed)	2026-09-12T04:42:00.5228851Z riscv64-unknown-elf-objdump -t user/_ln | sed '1,/SYMBOL TABLE/d; s/ .* / /; /^$/d' > user/ln.sym
qemu-smoke	LAB-REQ-02 real QEMU lane (setup/source-route/fixture/smoke/fail-closed)	2026-09-12T04:42:00.5314499Z riscv64-unknown-elf-gcc -Wall -Werror -Wno-unknown-attributes -O -fno-omit-frame-pointer -ggdb -gdwarf-2 -ffile-prefix-map=/work/labs/lab-req-02-xv6-syscall/worktree=. -march=rv64gc -std=gnu99 -MD -mcmodel=medany -ffreestanding -fno-common -nostdlib -fno-builtin-strncpy -fno-builtin-strncmp -fno-builtin-strlen -fno-builtin-memset -fno-builtin-memmove -fno-builtin-memcmp -fno-builtin-log -fno-builtin-bzero -fno-builtin-strchr -fno-builtin-exit -fno-builtin-malloc -fno-builtin-putc -fno-builtin-free -fno-builtin-memcpy -Wno-main -fno-builtin-printf -fno-builtin-fprintf -fno-builtin-vprintf -I. -fno-stack-protector -fno-pie -no-pie   -c -o user/ls.o user/ls.c
qemu-smoke	LAB-REQ-02 real QEMU lane (setup/source-route/fixture/smoke/fail-closed)	2026-09-12T04:42:00.5587334Z riscv64-unknown-elf-ld -z max-page-size=4096 -T user/user.ld -o user/_ls user/ls.o user/ulib.o user/usys.o user/printf.o user/umalloc.o
qemu-smoke	LAB-REQ-02 real QEMU lane (setup/source-route/fixture/smoke/fail-closed)	2026-09-12T04:42:00.5617444Z riscv64-unknown-elf-objdump -S user/_ls > user/ls.asm
qemu-smoke	LAB-REQ-02 real QEMU lane (setup/source-route/fixture/smoke/fail-closed)	2026-09-12T04:42:00.5655888Z riscv64-unknown-elf-objdump -t user/_ls | sed '1,/SYMBOL TABLE/d; s/ .* / /; /^$/d' > user/ls.sym
qemu-smoke	LAB-REQ-02 real QEMU lane (setup/source-route/fixture/smoke/fail-closed)	2026-09-12T04:42:00.5744297Z riscv64-unknown-elf-gcc -Wall -Werror -Wno-unknown-attributes -O -fno-omit-frame-pointer -ggdb -gdwarf-2 -ffile-prefix-map=/work/labs/lab-req-02-xv6-syscall/worktree=. -march=rv64gc -std=gnu99 -MD -mcmodel=medany -ffreestanding -fno-common -nostdlib -fno-builtin-strncpy -fno-builtin-strncmp -fno-builtin-strlen -fno-builtin-memset -fno-builtin-memmove -fno-builtin-memcmp -fno-builtin-log -fno-builtin-bzero -fno-builtin-strchr -fno-builtin-exit -fno-builtin-malloc -fno-builtin-putc -fno-builtin-free -fno-builtin-memcpy -Wno-main -fno-builtin-printf -fno-builtin-fprintf -fno-builtin-vprintf -I. -fno-stack-protector -fno-pie -no-pie   -c -o user/mkdir.o user/mkdir.c
qemu-smoke	LAB-REQ-02 real QEMU lane (setup/source-route/fixture/smoke/fail-closed)	2026-09-12T04:42:00.5897494Z riscv64-unknown-elf-ld -z max-page-size=4096 -T user/user.ld -o user/_mkdir user/mkdir.o user/ulib.o user/usys.o user/printf.o user/umalloc.o
qemu-smoke	LAB-REQ-02 real QEMU lane (setup/source-route/fixture/smoke/fail-closed)	2026-09-12T04:42:00.5927736Z riscv64-unknown-elf-objdump -S user/_mkdir > user/mkdir.asm
qemu-smoke	LAB-REQ-02 real QEMU lane (setup/source-route/fixture/smoke/fail-closed)	2026-09-12T04:42:00.5963895Z riscv64-unknown-elf-objdump -t user/_mkdir | sed '1,/SYMBOL TABLE/d; s/ .* / /; /^$/d' > user/mkdir.sym
qemu-smoke	LAB-REQ-02 real QEMU lane (setup/source-route/fixture/smoke/fail-closed)	2026-09-12T04:42:00.6048226Z riscv64-unknown-elf-gcc -Wall -Werror -Wno-unknown-attributes -O -fno-omit-frame-pointer -ggdb -gdwarf-2 -ffile-prefix-map=/work/labs/lab-req-02-xv6-syscall/worktree=. -march=rv64gc -std=gnu99 -MD -mcmodel=medany -ffreestanding -fno-common -nostdlib -fno-builtin-strncpy -fno-builtin-strncmp -fno-builtin-strlen -fno-builtin-memset -fno-builtin-memmove -fno-builtin-memcmp -fno-builtin-log -fno-builtin-bzero -fno-builtin-strchr -fno-builtin-exit -fno-builtin-malloc -fno-builtin-putc -fno-builtin-free -fno-builtin-memcpy -Wno-main -fno-builtin-printf -fno-builtin-fprintf -fno-builtin-vprintf -I. -fno-stack-protector -fno-pie -no-pie   -c -o user/rm.o user/rm.c
qemu-smoke	LAB-REQ-02 real QEMU lane (setup/source-route/fixture/smoke/fail-closed)	2026-09-12T04:42:00.6197262Z riscv64-unknown-elf-ld -z max-page-size=4096 -T user/user.ld -o user/_rm user/rm.o user/ulib.o user/usys.o user/printf.o user/umalloc.o
qemu-smoke	LAB-REQ-02 real QEMU lane (setup/source-route/fixture/smoke/fail-closed)	2026-09-12T04:42:00.6225597Z riscv64-unknown-elf-objdump -S user/_rm > user/rm.asm
qemu-smoke	LAB-REQ-02 real QEMU lane (setup/source-route/fixture/smoke/fail-closed)	2026-09-12T04:42:00.6260964Z riscv64-unknown-elf-objdump -t user/_rm | sed '1,/SYMBOL TABLE/d; s/ .* / /; /^$/d' > user/rm.sym
qemu-smoke	LAB-REQ-02 real QEMU lane (setup/source-route/fixture/smoke/fail-closed)	2026-09-12T04:42:00.6349287Z riscv64-unknown-elf-gcc -Wall -Werror -Wno-unknown-attributes -O -fno-omit-frame-pointer -ggdb -gdwarf-2 -ffile-prefix-map=/work/labs/lab-req-02-xv6-syscall/worktree=. -march=rv64gc -std=gnu99 -MD -mcmodel=medany -ffreestanding -fno-common -nostdlib -fno-builtin-strncpy -fno-builtin-strncmp -fno-builtin-strlen -fno-builtin-memset -fno-builtin-memmove -fno-builtin-memcmp -fno-builtin-log -fno-builtin-bzero -fno-builtin-strchr -fno-builtin-exit -fno-builtin-malloc -fno-builtin-putc -fno-builtin-free -fno-builtin-memcpy -Wno-main -fno-builtin-printf -fno-builtin-fprintf -fno-builtin-vprintf -I. -fno-stack-protector -fno-pie -no-pie   -c -o user/sh.o user/sh.c
qemu-smoke	LAB-REQ-02 real QEMU lane (setup/source-route/fixture/smoke/fail-closed)	2026-09-12T04:42:00.7107793Z riscv64-unknown-elf-ld -z max-page-size=4096 -T user/user.ld -o user/_sh user/sh.o user/ulib.o user/usys.o user/printf.o user/umalloc.o
qemu-smoke	LAB-REQ-02 real QEMU lane (setup/source-route/fixture/smoke/fail-closed)	2026-09-12T04:42:00.7143704Z riscv64-unknown-elf-objdump -S user/_sh > user/sh.asm
qemu-smoke	LAB-REQ-02 real QEMU lane (setup/source-route/fixture/smoke/fail-closed)	2026-09-12T04:42:00.7194673Z riscv64-unknown-elf-objdump -t user/_sh | sed '1,/SYMBOL TABLE/d; s/ .* / /; /^$/d' > user/sh.sym
qemu-smoke	LAB-REQ-02 real QEMU lane (setup/source-route/fixture/smoke/fail-closed)	2026-09-12T04:42:00.7283524Z riscv64-unknown-elf-gcc -Wall -Werror -Wno-unknown-attributes -O -fno-omit-frame-pointer -ggdb -gdwarf-2 -ffile-prefix-map=/work/labs/lab-req-02-xv6-syscall/worktree=. -march=rv64gc -std=gnu99 -MD -mcmodel=medany -ffreestanding -fno-common -nostdlib -fno-builtin-strncpy -fno-builtin-strncmp -fno-builtin-strlen -fno-builtin-memset -fno-builtin-memmove -fno-builtin-memcmp -fno-builtin-log -fno-builtin-bzero -fno-builtin-strchr -fno-builtin-exit -fno-builtin-malloc -fno-builtin-putc -fno-builtin-free -fno-builtin-memcpy -Wno-main -fno-builtin-printf -fno-builtin-fprintf -fno-builtin-vprintf -I. -fno-stack-protector -fno-pie -no-pie   -c -o user/stressfs.o user/stressfs.c
qemu-smoke	LAB-REQ-02 real QEMU lane (setup/source-route/fixture/smoke/fail-closed)	2026-09-12T04:42:00.7454700Z riscv64-unknown-elf-ld -z max-page-size=4096 -T user/user.ld -o user/_stressfs user/stressfs.o user/ulib.o user/usys.o user/printf.o user/umalloc.o
qemu-smoke	LAB-REQ-02 real QEMU lane (setup/source-route/fixture/smoke/fail-closed)	2026-09-12T04:42:00.7484442Z riscv64-unknown-elf-objdump -S user/_stressfs > user/stressfs.asm
qemu-smoke	LAB-REQ-02 real QEMU lane (setup/source-route/fixture/smoke/fail-closed)	2026-09-12T04:42:00.7520627Z riscv64-unknown-elf-objdump -t user/_stressfs | sed '1,/SYMBOL TABLE/d; s/ .* / /; /^$/d' > user/stressfs.sym
qemu-smoke	LAB-REQ-02 real QEMU lane (setup/source-route/fixture/smoke/fail-closed)	2026-09-12T04:42:00.7607203Z riscv64-unknown-elf-gcc -Wall -Werror -Wno-unknown-attributes -O -fno-omit-frame-pointer -ggdb -gdwarf-2 -ffile-prefix-map=/work/labs/lab-req-02-xv6-syscall/worktree=. -march=rv64gc -std=gnu99 -MD -mcmodel=medany -ffreestanding -fno-common -nostdlib -fno-builtin-strncpy -fno-builtin-strncmp -fno-builtin-strlen -fno-builtin-memset -fno-builtin-memmove -fno-builtin-memcmp -fno-builtin-log -fno-builtin-bzero -fno-builtin-strchr -fno-builtin-exit -fno-builtin-malloc -fno-builtin-putc -fno-builtin-free -fno-builtin-memcpy -Wno-main -fno-builtin-printf -fno-builtin-fprintf -fno-builtin-vprintf -I. -fno-stack-protector -fno-pie -no-pie   -c -o user/usertests.o user/usertests.c
qemu-smoke	LAB-REQ-02 real QEMU lane (setup/source-route/fixture/smoke/fail-closed)	2026-09-12T04:42:01.2256830Z riscv64-unknown-elf-ld -z max-page-size=4096 -T user/user.ld -o user/_usertests user/usertests.o user/ulib.o user/usys.o user/printf.o user/umalloc.o
qemu-smoke	LAB-REQ-02 real QEMU lane (setup/source-route/fixture/smoke/fail-closed)	2026-09-12T04:42:01.2480116Z riscv64-unknown-elf-objdump -S user/_usertests > user/usertests.asm
qemu-smoke	LAB-REQ-02 real QEMU lane (setup/source-route/fixture/smoke/fail-closed)	2026-09-12T04:42:01.2614303Z riscv64-unknown-elf-objdump -t user/_usertests | sed '1,/SYMBOL TABLE/d; s/ .* / /; /^$/d' > user/usertests.sym
qemu-smoke	LAB-REQ-02 real QEMU lane (setup/source-route/fixture/smoke/fail-closed)	2026-09-12T04:42:01.2703676Z riscv64-unknown-elf-gcc -Wall -Werror -Wno-unknown-attributes -O -fno-omit-frame-pointer -ggdb -gdwarf-2 -ffile-prefix-map=/work/labs/lab-req-02-xv6-syscall/worktree=. -march=rv64gc -std=gnu99 -MD -mcmodel=medany -ffreestanding -fno-common -nostdlib -fno-builtin-strncpy -fno-builtin-strncmp -fno-builtin-strlen -fno-builtin-memset -fno-builtin-memmove -fno-builtin-memcmp -fno-builtin-log -fno-builtin-bzero -fno-builtin-strchr -fno-builtin-exit -fno-builtin-malloc -fno-builtin-putc -fno-builtin-free -fno-builtin-memcpy -Wno-main -fno-builtin-printf -fno-builtin-fprintf -fno-builtin-vprintf -I. -fno-stack-protector -fno-pie -no-pie   -c -o user/grind.o user/grind.c
qemu-smoke	LAB-REQ-02 real QEMU lane (setup/source-route/fixture/smoke/fail-closed)	2026-09-12T04:42:01.3283898Z riscv64-unknown-elf-ld -z max-page-size=4096 -T user/user.ld -o user/_grind user/grind.o user/ulib.o user/usys.o user/printf.o user/umalloc.o
qemu-smoke	LAB-REQ-02 real QEMU lane (setup/source-route/fixture/smoke/fail-closed)	2026-09-12T04:42:01.3320559Z riscv64-unknown-elf-objdump -S user/_grind > user/grind.asm
qemu-smoke	LAB-REQ-02 real QEMU lane (setup/source-route/fixture/smoke/fail-closed)	2026-09-12T04:42:01.3366081Z riscv64-unknown-elf-objdump -t user/_grind | sed '1,/SYMBOL TABLE/d; s/ .* / /; /^$/d' > user/grind.sym
qemu-smoke	LAB-REQ-02 real QEMU lane (setup/source-route/fixture/smoke/fail-closed)	2026-09-12T04:42:01.3455493Z riscv64-unknown-elf-gcc -Wall -Werror -Wno-unknown-attributes -O -fno-omit-frame-pointer -ggdb -gdwarf-2 -ffile-prefix-map=/work/labs/lab-req-02-xv6-syscall/worktree=. -march=rv64gc -std=gnu99 -MD -mcmodel=medany -ffreestanding -fno-common -nostdlib -fno-builtin-strncpy -fno-builtin-strncmp -fno-builtin-strlen -fno-builtin-memset -fno-builtin-memmove -fno-builtin-memcmp -fno-builtin-log -fno-builtin-bzero -fno-builtin-strchr -fno-builtin-exit -fno-builtin-malloc -fno-builtin-putc -fno-builtin-free -fno-builtin-memcpy -Wno-main -fno-builtin-printf -fno-builtin-fprintf -fno-builtin-vprintf -I. -fno-stack-protector -fno-pie -no-pie   -c -o user/wc.o user/wc.c
qemu-smoke	LAB-REQ-02 real QEMU lane (setup/source-route/fixture/smoke/fail-closed)	2026-09-12T04:42:01.3691908Z riscv64-unknown-elf-ld -z max-page-size=4096 -T user/user.ld -o user/_wc user/wc.o user/ulib.o user/usys.o user/printf.o user/umalloc.o
qemu-smoke	LAB-REQ-02 real QEMU lane (setup/source-route/fixture/smoke/fail-closed)	2026-09-12T04:42:01.3712784Z riscv64-unknown-elf-objdump -S user/_wc > user/wc.asm
qemu-smoke	LAB-REQ-02 real QEMU lane (setup/source-route/fixture/smoke/fail-closed)	2026-09-12T04:42:01.3750396Z riscv64-unknown-elf-objdump -t user/_wc | sed '1,/SYMBOL TABLE/d; s/ .* / /; /^$/d' > user/wc.sym
qemu-smoke	LAB-REQ-02 real QEMU lane (setup/source-route/fixture/smoke/fail-closed)	2026-09-12T04:42:01.3840770Z riscv64-unknown-elf-gcc -Wall -Werror -Wno-unknown-attributes -O -fno-omit-frame-pointer -ggdb -gdwarf-2 -ffile-prefix-map=/work/labs/lab-req-02-xv6-syscall/worktree=. -march=rv64gc -std=gnu99 -MD -mcmodel=medany -ffreestanding -fno-common -nostdlib -fno-builtin-strncpy -fno-builtin-strncmp -fno-builtin-strlen -fno-builtin-memset -fno-builtin-memmove -fno-builtin-memcmp -fno-builtin-log -fno-builtin-bzero -fno-builtin-strchr -fno-builtin-exit -fno-builtin-malloc -fno-builtin-putc -fno-builtin-free -fno-builtin-memcpy -Wno-main -fno-builtin-printf -fno-builtin-fprintf -fno-builtin-vprintf -I. -fno-stack-protector -fno-pie -no-pie   -c -o user/zombie.o user/zombie.c
qemu-smoke	LAB-REQ-02 real QEMU lane (setup/source-route/fixture/smoke/fail-closed)	2026-09-12T04:42:01.3963777Z riscv64-unknown-elf-ld -z max-page-size=4096 -T user/user.ld -o user/_zombie user/zombie.o user/ulib.o user/usys.o user/printf.o user/umalloc.o
qemu-smoke	LAB-REQ-02 real QEMU lane (setup/source-route/fixture/smoke/fail-closed)	2026-09-12T04:42:01.3993882Z riscv64-unknown-elf-objdump -S user/_zombie > user/zombie.asm
qemu-smoke	LAB-REQ-02 real QEMU lane (setup/source-route/fixture/smoke/fail-closed)	2026-09-12T04:42:01.4029466Z riscv64-unknown-elf-objdump -t user/_zombie | sed '1,/SYMBOL TABLE/d; s/ .* / /; /^$/d' > user/zombie.sym
qemu-smoke	LAB-REQ-02 real QEMU lane (setup/source-route/fixture/smoke/fail-closed)	2026-09-12T04:42:01.4116454Z riscv64-unknown-elf-gcc -Wall -Werror -Wno-unknown-attributes -O -fno-omit-frame-pointer -ggdb -gdwarf-2 -ffile-prefix-map=/work/labs/lab-req-02-xv6-syscall/worktree=. -march=rv64gc -std=gnu99 -MD -mcmodel=medany -ffreestanding -fno-common -nostdlib -fno-builtin-strncpy -fno-builtin-strncmp -fno-builtin-strlen -fno-builtin-memset -fno-builtin-memmove -fno-builtin-memcmp -fno-builtin-log -fno-builtin-bzero -fno-builtin-strchr -fno-builtin-exit -fno-builtin-malloc -fno-builtin-putc -fno-builtin-free -fno-builtin-memcpy -Wno-main -fno-builtin-printf -fno-builtin-fprintf -fno-builtin-vprintf -I. -fno-stack-protector -fno-pie -no-pie   -c -o user/sleep.o user/sleep.c
qemu-smoke	LAB-REQ-02 real QEMU lane (setup/source-route/fixture/smoke/fail-closed)	2026-09-12T04:42:01.4246049Z riscv64-unknown-elf-ld -z max-page-size=4096 -T user/user.ld -o user/_sleep user/sleep.o user/ulib.o user/usys.o user/printf.o user/umalloc.o
qemu-smoke	LAB-REQ-02 real QEMU lane (setup/source-route/fixture/smoke/fail-closed)	2026-09-12T04:42:01.4274540Z riscv64-unknown-elf-objdump -S user/_sleep > user/sleep.asm
qemu-smoke	LAB-REQ-02 real QEMU lane (setup/source-route/fixture/smoke/fail-closed)	2026-09-12T04:42:01.4310739Z riscv64-unknown-elf-objdump -t user/_sleep | sed '1,/SYMBOL TABLE/d; s/ .* / /; /^$/d' > user/sleep.sym
qemu-smoke	LAB-REQ-02 real QEMU lane (setup/source-route/fixture/smoke/fail-closed)	2026-09-12T04:42:01.4398199Z riscv64-unknown-elf-gcc -Wall -Werror -Wno-unknown-attributes -O -fno-omit-frame-pointer -ggdb -gdwarf-2 -ffile-prefix-map=/work/labs/lab-req-02-xv6-syscall/worktree=. -march=rv64gc -std=gnu99 -MD -mcmodel=medany -ffreestanding -fno-common -nostdlib -fno-builtin-strncpy -fno-builtin-strncmp -fno-builtin-strlen -fno-builtin-memset -fno-builtin-memmove -fno-builtin-memcmp -fno-builtin-log -fno-builtin-bzero -fno-builtin-strchr -fno-builtin-exit -fno-builtin-malloc -fno-builtin-putc -fno-builtin-free -fno-builtin-memcpy -Wno-main -fno-builtin-printf -fno-builtin-fprintf -fno-builtin-vprintf -I. -fno-stack-protector -fno-pie -no-pie   -c -o user/logstress.o user/logstress.c
qemu-smoke	LAB-REQ-02 real QEMU lane (setup/source-route/fixture/smoke/fail-closed)	2026-09-12T04:42:01.4596365Z riscv64-unknown-elf-ld -z max-page-size=4096 -T user/user.ld -o user/_logstress user/logstress.o user/ulib.o user/usys.o user/printf.o user/umalloc.o
qemu-smoke	LAB-REQ-02 real QEMU lane (setup/source-route/fixture/smoke/fail-closed)	2026-09-12T04:42:01.4627444Z riscv64-unknown-elf-objdump -S user/_logstress > user/logstress.asm
qemu-smoke	LAB-REQ-02 real QEMU lane (setup/source-route/fixture/smoke/fail-closed)	2026-09-12T04:42:01.4665874Z riscv64-unknown-elf-objdump -t user/_logstress | sed '1,/SYMBOL TABLE/d; s/ .* / /; /^$/d' > user/logstress.sym
qemu-smoke	LAB-REQ-02 real QEMU lane (setup/source-route/fixture/smoke/fail-closed)	2026-09-12T04:42:01.4766427Z riscv64-unknown-elf-gcc -Wall -Werror -Wno-unknown-attributes -O -fno-omit-frame-pointer -ggdb -gdwarf-2 -ffile-prefix-map=/work/labs/lab-req-02-xv6-syscall/worktree=. -march=rv64gc -std=gnu99 -MD -mcmodel=medany -ffreestanding -fno-common -nostdlib -fno-builtin-strncpy -fno-builtin-strncmp -fno-builtin-strlen -fno-builtin-memset -fno-builtin-memmove -fno-builtin-memcmp -fno-builtin-log -fno-builtin-bzero -fno-builtin-strchr -fno-builtin-exit -fno-builtin-malloc -fno-builtin-putc -fno-builtin-free -fno-builtin-memcpy -Wno-main -fno-builtin-printf -fno-builtin-fprintf -fno-builtin-vprintf -I. -fno-stack-protector -fno-pie -no-pie   -c -o user/forphan.o user/forphan.c
qemu-smoke	LAB-REQ-02 real QEMU lane (setup/source-route/fixture/smoke/fail-closed)	2026-09-12T04:42:01.4933506Z riscv64-unknown-elf-ld -z max-page-size=4096 -T user/user.ld -o user/_forphan user/forphan.o user/ulib.o user/usys.o user/printf.o user/umalloc.o
qemu-smoke	LAB-REQ-02 real QEMU lane (setup/source-route/fixture/smoke/fail-closed)	2026-09-12T04:42:01.4963765Z riscv64-unknown-elf-objdump -S user/_forphan > user/forphan.asm
qemu-smoke	LAB-REQ-02 real QEMU lane (setup/source-route/fixture/smoke/fail-closed)	2026-09-12T04:42:01.5000695Z riscv64-unknown-elf-objdump -t user/_forphan | sed '1,/SYMBOL TABLE/d; s/ .* / /; /^$/d' > user/forphan.sym
qemu-smoke	LAB-REQ-02 real QEMU lane (setup/source-route/fixture/smoke/fail-closed)	2026-09-12T04:42:01.5094148Z riscv64-unknown-elf-gcc -Wall -Werror -Wno-unknown-attributes -O -fno-omit-frame-pointer -ggdb -gdwarf-2 -ffile-prefix-map=/work/labs/lab-req-02-xv6-syscall/worktree=. -march=rv64gc -std=gnu99 -MD -mcmodel=medany -ffreestanding -fno-common -nostdlib -fno-builtin-strncpy -fno-builtin-strncmp -fno-builtin-strlen -fno-builtin-memset -fno-builtin-memmove -fno-builtin-memcmp -fno-builtin-log -fno-builtin-bzero -fno-builtin-strchr -fno-builtin-exit -fno-builtin-malloc -fno-builtin-putc -fno-builtin-free -fno-builtin-memcpy -Wno-main -fno-builtin-printf -fno-builtin-fprintf -fno-builtin-vprintf -I. -fno-stack-protector -fno-pie -no-pie   -c -o user/dorphan.o user/dorphan.c
qemu-smoke	LAB-REQ-02 real QEMU lane (setup/source-route/fixture/smoke/fail-closed)	2026-09-12T04:42:01.5243513Z riscv64-unknown-elf-ld -z max-page-size=4096 -T user/user.ld -o user/_dorphan user/dorphan.o user/ulib.o user/usys.o user/printf.o user/umalloc.o
qemu-smoke	LAB-REQ-02 real QEMU lane (setup/source-route/fixture/smoke/fail-closed)	2026-09-12T04:42:01.5272860Z riscv64-unknown-elf-objdump -S user/_dorphan > user/dorphan.asm
qemu-smoke	LAB-REQ-02 real QEMU lane (setup/source-route/fixture/smoke/fail-closed)	2026-09-12T04:42:01.5309006Z riscv64-unknown-elf-objdump -t user/_dorphan | sed '1,/SYMBOL TABLE/d; s/ .* / /; /^$/d' > user/dorphan.sym
qemu-smoke	LAB-REQ-02 real QEMU lane (setup/source-route/fixture/smoke/fail-closed)	2026-09-12T04:42:01.5399241Z riscv64-unknown-elf-gcc -Wall -Werror -Wno-unknown-attributes -O -fno-omit-frame-pointer -ggdb -gdwarf-2 -ffile-prefix-map=/work/labs/lab-req-02-xv6-syscall/worktree=. -march=rv64gc -std=gnu99 -MD -mcmodel=medany -ffreestanding -fno-common -nostdlib -fno-builtin-strncpy -fno-builtin-strncmp -fno-builtin-strlen -fno-builtin-memset -fno-builtin-memmove -fno-builtin-memcmp -fno-builtin-log -fno-builtin-bzero -fno-builtin-strchr -fno-builtin-exit -fno-builtin-malloc -fno-builtin-putc -fno-builtin-free -fno-builtin-memcpy -Wno-main -fno-builtin-printf -fno-builtin-fprintf -fno-builtin-vprintf -I. -fno-stack-protector -fno-pie -no-pie   -c -o user/sync.o user/sync.c
qemu-smoke	LAB-REQ-02 real QEMU lane (setup/source-route/fixture/smoke/fail-closed)	2026-09-12T04:42:01.5517534Z riscv64-unknown-elf-ld -z max-page-size=4096 -T user/user.ld -o user/_sync user/sync.o user/ulib.o user/usys.o user/printf.o user/umalloc.o
qemu-smoke	LAB-REQ-02 real QEMU lane (setup/source-route/fixture/smoke/fail-closed)	2026-09-12T04:42:01.5547639Z riscv64-unknown-elf-objdump -S user/_sync > user/sync.asm
qemu-smoke	LAB-REQ-02 real QEMU lane (setup/source-route/fixture/smoke/fail-closed)	2026-09-12T04:42:01.5583406Z riscv64-unknown-elf-objdump -t user/_sync | sed '1,/SYMBOL TABLE/d; s/ .* / /; /^$/d' > user/sync.sym
qemu-smoke	LAB-REQ-02 real QEMU lane (setup/source-route/fixture/smoke/fail-closed)	2026-09-12T04:42:01.5607817Z mkfs/mkfs fs.img README user/_cat user/_echo user/_forktest user/_grep user/_init user/_kill user/_ln user/_ls user/_mkdir user/_rm user/_sh user/_stressfs user/_usertests user/_grind user/_wc user/_zombie user/_sleep user/_logstress user/_forphan user/_dorphan user/_sync 
qemu-smoke	LAB-REQ-02 real QEMU lane (setup/source-route/fixture/smoke/fail-closed)	2026-09-12T04:42:01.5738210Z nmeta 47 (boot, super, log blocks 31, inode blocks 13, bitmap blocks 1) blocks 1953 total 2000
qemu-smoke	LAB-REQ-02 real QEMU lane (setup/source-route/fixture/smoke/fail-closed)	2026-09-12T04:42:01.5739124Z balloc: first 1006 blocks have been allocated
qemu-smoke	LAB-REQ-02 real QEMU lane (setup/source-route/fixture/smoke/fail-closed)	2026-09-12T04:42:01.5740069Z balloc: write bitmap block at sector 46
qemu-smoke	LAB-REQ-02 real QEMU lane (setup/source-route/fixture/smoke/fail-closed)	2026-09-12T04:42:01.5741245Z riscv64-unknown-elf-gcc -march=rv64gc -g -ffile-prefix-map=/work/labs/lab-req-02-xv6-syscall/worktree=. -c -o kernel/entry.o kernel/entry.S
qemu-smoke	LAB-REQ-02 real QEMU lane (setup/source-route/fixture/smoke/fail-closed)	2026-09-12T04:42:01.5885769Z riscv64-unknown-elf-gcc -Wall -Werror -Wno-unknown-attributes -O -fno-omit-frame-pointer -ggdb -gdwarf-2 -ffile-prefix-map=/work/labs/lab-req-02-xv6-syscall/worktree=. -march=rv64gc -std=gnu99 -MD -mcmodel=medany -ffreestanding -fno-common -nostdlib -fno-builtin-strncpy -fno-builtin-strncmp -fno-builtin-strlen -fno-builtin-memset -fno-builtin-memmove -fno-builtin-memcmp -fno-builtin-log -fno-builtin-bzero -fno-builtin-strchr -fno-builtin-exit -fno-builtin-malloc -fno-builtin-putc -fno-builtin-free -fno-builtin-memcpy -Wno-main -fno-builtin-printf -fno-builtin-fprintf -fno-builtin-vprintf -I. -fno-stack-protector -fno-pie -no-pie   -c -o kernel/start.o kernel/start.c
qemu-smoke	LAB-REQ-02 real QEMU lane (setup/source-route/fixture/smoke/fail-closed)	2026-09-12T04:42:01.6142331Z riscv64-unknown-elf-gcc -Wall -Werror -Wno-unknown-attributes -O -fno-omit-frame-pointer -ggdb -gdwarf-2 -ffile-prefix-map=/work/labs/lab-req-02-xv6-syscall/worktree=. -march=rv64gc -std=gnu99 -MD -mcmodel=medany -ffreestanding -fno-common -nostdlib -fno-builtin-strncpy -fno-builtin-strncmp -fno-builtin-strlen -fno-builtin-memset -fno-builtin-memmove -fno-builtin-memcmp -fno-builtin-log -fno-builtin-bzero -fno-builtin-strchr -fno-builtin-exit -fno-builtin-malloc -fno-builtin-putc -fno-builtin-free -fno-builtin-memcpy -Wno-main -fno-builtin-printf -fno-builtin-fprintf -fno-builtin-vprintf -I. -fno-stack-protector -fno-pie -no-pie   -c -o kernel/console.o kernel/console.c
qemu-smoke	LAB-REQ-02 real QEMU lane (setup/source-route/fixture/smoke/fail-closed)	2026-09-12T04:42:01.6583283Z riscv64-unknown-elf-gcc -Wall -Werror -Wno-unknown-attributes -O -fno-omit-frame-pointer -ggdb -gdwarf-2 -ffile-prefix-map=/work/labs/lab-req-02-xv6-syscall/worktree=. -march=rv64gc -std=gnu99 -MD -mcmodel=medany -ffreestanding -fno-common -nostdlib -fno-builtin-strncpy -fno-builtin-strncmp -fno-builtin-strlen -fno-builtin-memset -fno-builtin-memmove -fno-builtin-memcmp -fno-builtin-log -fno-builtin-bzero -fno-builtin-strchr -fno-builtin-exit -fno-builtin-malloc -fno-builtin-putc -fno-builtin-free -fno-builtin-memcpy -Wno-main -fno-builtin-printf -fno-builtin-fprintf -fno-builtin-vprintf -I. -fno-stack-protector -fno-pie -no-pie   -c -o kernel/printk.o kernel/printk.c
qemu-smoke	LAB-REQ-02 real QEMU lane (setup/source-route/fixture/smoke/fail-closed)	2026-09-12T04:42:01.7071028Z riscv64-unknown-elf-gcc -Wall -Werror -Wno-unknown-attributes -O -fno-omit-frame-pointer -ggdb -gdwarf-2 -ffile-prefix-map=/work/labs/lab-req-02-xv6-syscall/worktree=. -march=rv64gc -std=gnu99 -MD -mcmodel=medany -ffreestanding -fno-common -nostdlib -fno-builtin-strncpy -fno-builtin-strncmp -fno-builtin-strlen -fno-builtin-memset -fno-builtin-memmove -fno-builtin-memcmp -fno-builtin-log -fno-builtin-bzero -fno-builtin-strchr -fno-builtin-exit -fno-builtin-malloc -fno-builtin-putc -fno-builtin-free -fno-builtin-memcpy -Wno-main -fno-builtin-printf -fno-builtin-fprintf -fno-builtin-vprintf -I. -fno-stack-protector -fno-pie -no-pie   -c -o kernel/uart.o kernel/uart.c
qemu-smoke	LAB-REQ-02 real QEMU lane (setup/source-route/fixture/smoke/fail-closed)	2026-09-12T04:42:01.7390329Z riscv64-unknown-elf-gcc -Wall -Werror -Wno-unknown-attributes -O -fno-omit-frame-pointer -ggdb -gdwarf-2 -ffile-prefix-map=/work/labs/lab-req-02-xv6-syscall/worktree=. -march=rv64gc -std=gnu99 -MD -mcmodel=medany -ffreestanding -fno-common -nostdlib -fno-builtin-strncpy -fno-builtin-strncmp -fno-builtin-strlen -fno-builtin-memset -fno-builtin-memmove -fno-builtin-memcmp -fno-builtin-log -fno-builtin-bzero -fno-builtin-strchr -fno-builtin-exit -fno-builtin-malloc -fno-builtin-putc -fno-builtin-free -fno-builtin-memcpy -Wno-main -fno-builtin-printf -fno-builtin-fprintf -fno-builtin-vprintf -I. -fno-stack-protector -fno-pie -no-pie   -c -o kernel/kalloc.o kernel/kalloc.c
qemu-smoke	LAB-REQ-02 real QEMU lane (setup/source-route/fixture/smoke/fail-closed)	2026-09-12T04:42:01.7677912Z riscv64-unknown-elf-gcc -Wall -Werror -Wno-unknown-attributes -O -fno-omit-frame-pointer -ggdb -gdwarf-2 -ffile-prefix-map=/work/labs/lab-req-02-xv6-syscall/worktree=. -march=rv64gc -std=gnu99 -MD -mcmodel=medany -ffreestanding -fno-common -nostdlib -fno-builtin-strncpy -fno-builtin-strncmp -fno-builtin-strlen -fno-builtin-memset -fno-builtin-memmove -fno-builtin-memcmp -fno-builtin-log -fno-builtin-bzero -fno-builtin-strchr -fno-builtin-exit -fno-builtin-malloc -fno-builtin-putc -fno-builtin-free -fno-builtin-memcpy -Wno-main -fno-builtin-printf -fno-builtin-fprintf -fno-builtin-vprintf -I. -fno-stack-protector -fno-pie -no-pie   -c -o kernel/spinlock.o kernel/spinlock.c
qemu-smoke	LAB-REQ-02 real QEMU lane (setup/source-route/fixture/smoke/fail-closed)	2026-09-12T04:42:01.8002629Z riscv64-unknown-elf-gcc -Wall -Werror -Wno-unknown-attributes -O -fno-omit-frame-pointer -ggdb -gdwarf-2 -ffile-prefix-map=/work/labs/lab-req-02-xv6-syscall/worktree=. -march=rv64gc -std=gnu99 -MD -mcmodel=medany -ffreestanding -fno-common -nostdlib -fno-builtin-strncpy -fno-builtin-strncmp -fno-builtin-strlen -fno-builtin-memset -fno-builtin-memmove -fno-builtin-memcmp -fno-builtin-log -fno-builtin-bzero -fno-builtin-strchr -fno-builtin-exit -fno-builtin-malloc -fno-builtin-putc -fno-builtin-free -fno-builtin-memcpy -Wno-main -fno-builtin-printf -fno-builtin-fprintf -fno-builtin-vprintf -I. -fno-stack-protector -fno-pie -no-pie   -c -o kernel/string.o kernel/string.c
qemu-smoke	LAB-REQ-02 real QEMU lane (setup/source-route/fixture/smoke/fail-closed)	2026-09-12T04:42:01.8429270Z riscv64-unknown-elf-gcc -Wall -Werror -Wno-unknown-attributes -O -fno-omit-frame-pointer -ggdb -gdwarf-2 -ffile-prefix-map=/work/labs/lab-req-02-xv6-syscall/worktree=. -march=rv64gc -std=gnu99 -MD -mcmodel=medany -ffreestanding -fno-common -nostdlib -fno-builtin-strncpy -fno-builtin-strncmp -fno-builtin-strlen -fno-builtin-memset -fno-builtin-memmove -fno-builtin-memcmp -fno-builtin-log -fno-builtin-bzero -fno-builtin-strchr -fno-builtin-exit -fno-builtin-malloc -fno-builtin-putc -fno-builtin-free -fno-builtin-memcpy -Wno-main -fno-builtin-printf -fno-builtin-fprintf -fno-builtin-vprintf -I. -fno-stack-protector -fno-pie -no-pie   -c -o kernel/main.o kernel/main.c
qemu-smoke	LAB-REQ-02 real QEMU lane (setup/source-route/fixture/smoke/fail-closed)	2026-09-12T04:42:01.8654648Z riscv64-unknown-elf-gcc -Wall -Werror -Wno-unknown-attributes -O -fno-omit-frame-pointer -ggdb -gdwarf-2 -ffile-prefix-map=/work/labs/lab-req-02-xv6-syscall/worktree=. -march=rv64gc -std=gnu99 -MD -mcmodel=medany -ffreestanding -fno-common -nostdlib -fno-builtin-strncpy -fno-builtin-strncmp -fno-builtin-strlen -fno-builtin-memset -fno-builtin-memmove -fno-builtin-memcmp -fno-builtin-log -fno-builtin-bzero -fno-builtin-strchr -fno-builtin-exit -fno-builtin-malloc -fno-builtin-putc -fno-builtin-free -fno-builtin-memcpy -Wno-main -fno-builtin-printf -fno-builtin-fprintf -fno-builtin-vprintf -I. -fno-stack-protector -fno-pie -no-pie   -c -o kernel/vm.o kernel/vm.c
qemu-smoke	LAB-REQ-02 real QEMU lane (setup/source-route/fixture/smoke/fail-closed)	2026-09-12T04:42:01.9553999Z riscv64-unknown-elf-gcc -Wall -Werror -Wno-unknown-attributes -O -fno-omit-frame-pointer -ggdb -gdwarf-2 -ffile-prefix-map=/work/labs/lab-req-02-xv6-syscall/worktree=. -march=rv64gc -std=gnu99 -MD -mcmodel=medany -ffreestanding -fno-common -nostdlib -fno-builtin-strncpy -fno-builtin-strncmp -fno-builtin-strlen -fno-builtin-memset -fno-builtin-memmove -fno-builtin-memcmp -fno-builtin-log -fno-builtin-bzero -fno-builtin-strchr -fno-builtin-exit -fno-builtin-malloc -fno-builtin-putc -fno-builtin-free -fno-builtin-memcpy -Wno-main -fno-builtin-printf -fno-builtin-fprintf -fno-builtin-vprintf -I. -fno-stack-protector -fno-pie -no-pie   -c -o kernel/proc.o kernel/proc.c
qemu-smoke	LAB-REQ-02 real QEMU lane (setup/source-route/fixture/smoke/fail-closed)	2026-09-12T04:42:02.0565138Z riscv64-unknown-elf-gcc -march=rv64gc -g -ffile-prefix-map=/work/labs/lab-req-02-xv6-syscall/worktree=. -c -o kernel/swtch.o kernel/swtch.S
qemu-smoke	LAB-REQ-02 real QEMU lane (setup/source-route/fixture/smoke/fail-closed)	2026-09-12T04:42:02.0641038Z riscv64-unknown-elf-gcc -march=rv64gc -g -ffile-prefix-map=/work/labs/lab-req-02-xv6-syscall/worktree=. -c -o kernel/trampoline.o kernel/trampoline.S
qemu-smoke	LAB-REQ-02 real QEMU lane (setup/source-route/fixture/smoke/fail-closed)	2026-09-12T04:42:02.0776645Z riscv64-unknown-elf-gcc -Wall -Werror -Wno-unknown-attributes -O -fno-omit-frame-pointer -ggdb -gdwarf-2 -ffile-prefix-map=/work/labs/lab-req-02-xv6-syscall/worktree=. -march=rv64gc -std=gnu99 -MD -mcmodel=medany -ffreestanding -fno-common -nostdlib -fno-builtin-strncpy -fno-builtin-strncmp -fno-builtin-strlen -fno-builtin-memset -fno-builtin-memmove -fno-builtin-memcmp -fno-builtin-log -fno-builtin-bzero -fno-builtin-strchr -fno-builtin-exit -fno-builtin-malloc -fno-builtin-putc -fno-builtin-free -fno-builtin-memcpy -Wno-main -fno-builtin-printf -fno-builtin-fprintf -fno-builtin-vprintf -I. -fno-stack-protector -fno-pie -no-pie   -c -o kernel/trap.o kernel/trap.c
qemu-smoke	LAB-REQ-02 real QEMU lane (setup/source-route/fixture/smoke/fail-closed)	2026-09-12T04:42:02.1191397Z riscv64-unknown-elf-gcc -Wall -Werror -Wno-unknown-attributes -O -fno-omit-frame-pointer -ggdb -gdwarf-2 -ffile-prefix-map=/work/labs/lab-req-02-xv6-syscall/worktree=. -march=rv64gc -std=gnu99 -MD -mcmodel=medany -ffreestanding -fno-common -nostdlib -fno-builtin-strncpy -fno-builtin-strncmp -fno-builtin-strlen -fno-builtin-memset -fno-builtin-memmove -fno-builtin-memcmp -fno-builtin-log -fno-builtin-bzero -fno-builtin-strchr -fno-builtin-exit -fno-builtin-malloc -fno-builtin-putc -fno-builtin-free -fno-builtin-memcpy -Wno-main -fno-builtin-printf -fno-builtin-fprintf -fno-builtin-vprintf -I. -fno-stack-protector -fno-pie -no-pie   -c -o kernel/syscall.o kernel/syscall.c
qemu-smoke	LAB-REQ-02 real QEMU lane (setup/source-route/fixture/smoke/fail-closed)	2026-09-12T04:42:02.1518092Z riscv64-unknown-elf-gcc -Wall -Werror -Wno-unknown-attributes -O -fno-omit-frame-pointer -ggdb -gdwarf-2 -ffile-prefix-map=/work/labs/lab-req-02-xv6-syscall/worktree=. -march=rv64gc -std=gnu99 -MD -mcmodel=medany -ffreestanding -fno-common -nostdlib -fno-builtin-strncpy -fno-builtin-strncmp -fno-builtin-strlen -fno-builtin-memset -fno-builtin-memmove -fno-builtin-memcmp -fno-builtin-log -fno-builtin-bzero -fno-builtin-strchr -fno-builtin-exit -fno-builtin-malloc -fno-builtin-putc -fno-builtin-free -fno-builtin-memcpy -Wno-main -fno-builtin-printf -fno-builtin-fprintf -fno-builtin-vprintf -I. -fno-stack-protector -fno-pie -no-pie   -c -o kernel/sysproc.o kernel/sysproc.c
qemu-smoke	LAB-REQ-02 real QEMU lane (setup/source-route/fixture/smoke/fail-closed)	2026-09-12T04:42:02.1848670Z riscv64-unknown-elf-gcc -Wall -Werror -Wno-unknown-attributes -O -fno-omit-frame-pointer -ggdb -gdwarf-2 -ffile-prefix-map=/work/labs/lab-req-02-xv6-syscall/worktree=. -march=rv64gc -std=gnu99 -MD -mcmodel=medany -ffreestanding -fno-common -nostdlib -fno-builtin-strncpy -fno-builtin-strncmp -fno-builtin-strlen -fno-builtin-memset -fno-builtin-memmove -fno-builtin-memcmp -fno-builtin-log -fno-builtin-bzero -fno-builtin-strchr -fno-builtin-exit -fno-builtin-malloc -fno-builtin-putc -fno-builtin-free -fno-builtin-memcpy -Wno-main -fno-builtin-printf -fno-builtin-fprintf -fno-builtin-vprintf -I. -fno-stack-protector -fno-pie -no-pie   -c -o kernel/bio.o kernel/bio.c
qemu-smoke	LAB-REQ-02 real QEMU lane (setup/source-route/fixture/smoke/fail-closed)	2026-09-12T04:42:02.2211715Z riscv64-unknown-elf-gcc -Wall -Werror -Wno-unknown-attributes -O -fno-omit-frame-pointer -ggdb -gdwarf-2 -ffile-prefix-map=/work/labs/lab-req-02-xv6-syscall/worktree=. -march=rv64gc -std=gnu99 -MD -mcmodel=medany -ffreestanding -fno-common -nostdlib -fno-builtin-strncpy -fno-builtin-strncmp -fno-builtin-strlen -fno-builtin-memset -fno-builtin-memmove -fno-builtin-memcmp -fno-builtin-log -fno-builtin-bzero -fno-builtin-strchr -fno-builtin-exit -fno-builtin-malloc -fno-builtin-putc -fno-builtin-free -fno-builtin-memcpy -Wno-main -fno-builtin-printf -fno-builtin-fprintf -fno-builtin-vprintf -I. -fno-stack-protector -fno-pie -no-pie   -c -o kernel/fs.o kernel/fs.c
qemu-smoke	LAB-REQ-02 real QEMU lane (setup/source-route/fixture/smoke/fail-closed)	2026-09-12T04:42:02.3408064Z riscv64-unknown-elf-gcc -Wall -Werror -Wno-unknown-attributes -O -fno-omit-frame-pointer -ggdb -gdwarf-2 -ffile-prefix-map=/work/labs/lab-req-02-xv6-syscall/worktree=. -march=rv64gc -std=gnu99 -MD -mcmodel=medany -ffreestanding -fno-common -nostdlib -fno-builtin-strncpy -fno-builtin-strncmp -fno-builtin-strlen -fno-builtin-memset -fno-builtin-memmove -fno-builtin-memcmp -fno-builtin-log -fno-builtin-bzero -fno-builtin-strchr -fno-builtin-exit -fno-builtin-malloc -fno-builtin-putc -fno-builtin-free -fno-builtin-memcpy -Wno-main -fno-builtin-printf -fno-builtin-fprintf -fno-builtin-vprintf -I. -fno-stack-protector -fno-pie -no-pie   -c -o kernel/log.o kernel/log.c
qemu-smoke	LAB-REQ-02 real QEMU lane (setup/source-route/fixture/smoke/fail-closed)	2026-09-12T04:42:02.3914135Z riscv64-unknown-elf-gcc -Wall -Werror -Wno-unknown-attributes -O -fno-omit-frame-pointer -ggdb -gdwarf-2 -ffile-prefix-map=/work/labs/lab-req-02-xv6-syscall/worktree=. -march=rv64gc -std=gnu99 -MD -mcmodel=medany -ffreestanding -fno-common -nostdlib -fno-builtin-strncpy -fno-builtin-strncmp -fno-builtin-strlen -fno-builtin-memset -fno-builtin-memmove -fno-builtin-memcmp -fno-builtin-log -fno-builtin-bzero -fno-builtin-strchr -fno-builtin-exit -fno-builtin-malloc -fno-builtin-putc -fno-builtin-free -fno-builtin-memcpy -Wno-main -fno-builtin-printf -fno-builtin-fprintf -fno-builtin-vprintf -I. -fno-stack-protector -fno-pie -no-pie   -c -o kernel/sleeplock.o kernel/sleeplock.c
qemu-smoke	LAB-REQ-02 real QEMU lane (setup/source-route/fixture/smoke/fail-closed)	2026-09-12T04:42:02.4177093Z riscv64-unknown-elf-gcc -Wall -Werror -Wno-unknown-attributes -O -fno-omit-frame-pointer -ggdb -gdwarf-2 -ffile-prefix-map=/work/labs/lab-req-02-xv6-syscall/worktree=. -march=rv64gc -std=gnu99 -MD -mcmodel=medany -ffreestanding -fno-common -nostdlib -fno-builtin-strncpy -fno-builtin-strncmp -fno-builtin-strlen -fno-builtin-memset -fno-builtin-memmove -fno-builtin-memcmp -fno-builtin-log -fno-builtin-bzero -fno-builtin-strchr -fno-builtin-exit -fno-builtin-malloc -fno-builtin-putc -fno-builtin-free -fno-builtin-memcpy -Wno-main -fno-builtin-printf -fno-builtin-fprintf -fno-builtin-vprintf -I. -fno-stack-protector -fno-pie -no-pie   -c -o kernel/file.o kernel/file.c
qemu-smoke	LAB-REQ-02 real QEMU lane (setup/source-route/fixture/smoke/fail-closed)	2026-09-12T04:42:02.4632571Z riscv64-unknown-elf-gcc -Wall -Werror -Wno-unknown-attributes -O -fno-omit-frame-pointer -ggdb -gdwarf-2 -ffile-prefix-map=/work/labs/lab-req-02-xv6-syscall/worktree=. -march=rv64gc -std=gnu99 -MD -mcmodel=medany -ffreestanding -fno-common -nostdlib -fno-builtin-strncpy -fno-builtin-strncmp -fno-builtin-strlen -fno-builtin-memset -fno-builtin-memmove -fno-builtin-memcmp -fno-builtin-log -fno-builtin-bzero -fno-builtin-strchr -fno-builtin-exit -fno-builtin-malloc -fno-builtin-putc -fno-builtin-free -fno-builtin-memcpy -Wno-main -fno-builtin-printf -fno-builtin-fprintf -fno-builtin-vprintf -I. -fno-stack-protector -fno-pie -no-pie   -c -o kernel/pipe.o kernel/pipe.c
qemu-smoke	LAB-REQ-02 real QEMU lane (setup/source-route/fixture/smoke/fail-closed)	2026-09-12T04:42:02.5041373Z riscv64-unknown-elf-gcc -Wall -Werror -Wno-unknown-attributes -O -fno-omit-frame-pointer -ggdb -gdwarf-2 -ffile-prefix-map=/work/labs/lab-req-02-xv6-syscall/worktree=. -march=rv64gc -std=gnu99 -MD -mcmodel=medany -ffreestanding -fno-common -nostdlib -fno-builtin-strncpy -fno-builtin-strncmp -fno-builtin-strlen -fno-builtin-memset -fno-builtin-memmove -fno-builtin-memcmp -fno-builtin-log -fno-builtin-bzero -fno-builtin-strchr -fno-builtin-exit -fno-builtin-malloc -fno-builtin-putc -fno-builtin-free -fno-builtin-memcpy -Wno-main -fno-builtin-printf -fno-builtin-fprintf -fno-builtin-vprintf -I. -fno-stack-protector -fno-pie -no-pie   -c -o kernel/exec.o kernel/exec.c
qemu-smoke	LAB-REQ-02 real QEMU lane (setup/source-route/fixture/smoke/fail-closed)	2026-09-12T04:42:02.5495271Z riscv64-unknown-elf-gcc -Wall -Werror -Wno-unknown-attributes -O -fno-omit-frame-pointer -ggdb -gdwarf-2 -ffile-prefix-map=/work/labs/lab-req-02-xv6-syscall/worktree=. -march=rv64gc -std=gnu99 -MD -mcmodel=medany -ffreestanding -fno-common -nostdlib -fno-builtin-strncpy -fno-builtin-strncmp -fno-builtin-strlen -fno-builtin-memset -fno-builtin-memmove -fno-builtin-memcmp -fno-builtin-log -fno-builtin-bzero -fno-builtin-strchr -fno-builtin-exit -fno-builtin-malloc -fno-builtin-putc -fno-builtin-free -fno-builtin-memcpy -Wno-main -fno-builtin-printf -fno-builtin-fprintf -fno-builtin-vprintf -I. -fno-stack-protector -fno-pie -no-pie   -c -o kernel/sysfile.o kernel/sysfile.c
qemu-smoke	LAB-REQ-02 real QEMU lane (setup/source-route/fixture/smoke/fail-closed)	2026-09-12T04:42:02.6321545Z riscv64-unknown-elf-gcc -march=rv64gc -g -ffile-prefix-map=/work/labs/lab-req-02-xv6-syscall/worktree=. -c -o kernel/kernelvec.o kernel/kernelvec.S
qemu-smoke	LAB-REQ-02 real QEMU lane (setup/source-route/fixture/smoke/fail-closed)	2026-09-12T04:42:02.6459625Z riscv64-unknown-elf-gcc -Wall -Werror -Wno-unknown-attributes -O -fno-omit-frame-pointer -ggdb -gdwarf-2 -ffile-prefix-map=/work/labs/lab-req-02-xv6-syscall/worktree=. -march=rv64gc -std=gnu99 -MD -mcmodel=medany -ffreestanding -fno-common -nostdlib -fno-builtin-strncpy -fno-builtin-strncmp -fno-builtin-strlen -fno-builtin-memset -fno-builtin-memmove -fno-builtin-memcmp -fno-builtin-log -fno-builtin-bzero -fno-builtin-strchr -fno-builtin-exit -fno-builtin-malloc -fno-builtin-putc -fno-builtin-free -fno-builtin-memcpy -Wno-main -fno-builtin-printf -fno-builtin-fprintf -fno-builtin-vprintf -I. -fno-stack-protector -fno-pie -no-pie   -c -o kernel/plic.o kernel/plic.c
qemu-smoke	LAB-REQ-02 real QEMU lane (setup/source-route/fixture/smoke/fail-closed)	2026-09-12T04:42:02.6695052Z riscv64-unknown-elf-gcc -Wall -Werror -Wno-unknown-attributes -O -fno-omit-frame-pointer -ggdb -gdwarf-2 -ffile-prefix-map=/work/labs/lab-req-02-xv6-syscall/worktree=. -march=rv64gc -std=gnu99 -MD -mcmodel=medany -ffreestanding -fno-common -nostdlib -fno-builtin-strncpy -fno-builtin-strncmp -fno-builtin-strlen -fno-builtin-memset -fno-builtin-memmove -fno-builtin-memcmp -fno-builtin-log -fno-builtin-bzero -fno-builtin-strchr -fno-builtin-exit -fno-builtin-malloc -fno-builtin-putc -fno-builtin-free -fno-builtin-memcpy -Wno-main -fno-builtin-printf -fno-builtin-fprintf -fno-builtin-vprintf -I. -fno-stack-protector -fno-pie -no-pie   -c -o kernel/virtio_disk.o kernel/virtio_disk.c
qemu-smoke	LAB-REQ-02 real QEMU lane (setup/source-route/fixture/smoke/fail-closed)	2026-09-12T04:42:02.7160709Z riscv64-unknown-elf-ld -z max-page-size=4096 -T kernel/kernel.ld -o kernel/kernel kernel/entry.o kernel/start.o kernel/console.o kernel/printk.o kernel/uart.o kernel/kalloc.o kernel/spinlock.o kernel/string.o kernel/main.o kernel/vm.o kernel/proc.o kernel/swtch.o kernel/trampoline.o kernel/trap.o kernel/syscall.o kernel/sysproc.o kernel/bio.o kernel/fs.o kernel/log.o kernel/sleeplock.o kernel/file.o kernel/pipe.o kernel/exec.o kernel/sysfile.o kernel/kernelvec.o kernel/plic.o kernel/virtio_disk.o 
qemu-smoke	LAB-REQ-02 real QEMU lane (setup/source-route/fixture/smoke/fail-closed)	2026-09-12T04:42:02.7243636Z riscv64-unknown-elf-ld: warning: kernel/kernel has a LOAD segment with RWX permissions
qemu-smoke	LAB-REQ-02 real QEMU lane (setup/source-route/fixture/smoke/fail-closed)	2026-09-12T04:42:02.7278328Z riscv64-unknown-elf-objdump -S kernel/kernel > kernel/kernel.asm
qemu-smoke	LAB-REQ-02 real QEMU lane (setup/source-route/fixture/smoke/fail-closed)	2026-09-12T04:42:02.7471648Z riscv64-unknown-elf-objdump -t kernel/kernel | sed '1,/SYMBOL TABLE/d; s/ .* / /; /^$/d' > kernel/kernel.sym
qemu-smoke	LAB-REQ-02 real QEMU lane (setup/source-route/fixture/smoke/fail-closed)	2026-09-12T04:42:02.7499263Z [+] Step 2: Verify disassembly relations...
qemu-smoke	LAB-REQ-02 real QEMU lane (setup/source-route/fixture/smoke/fail-closed)	2026-09-12T04:42:02.7592821Z [+] Disassembly relation verified: main -> pause stub -> ecall.
qemu-smoke	LAB-REQ-02 real QEMU lane (setup/source-route/fixture/smoke/fail-closed)	2026-09-12T04:42:02.7687533Z [+] Step 3: Marker predicate self-check (echo-only must not PASS)...
qemu-smoke	LAB-REQ-02 real QEMU lane (setup/source-route/fixture/smoke/fail-closed)	2026-09-12T04:42:02.7688242Z MARKER_SELF_CHECK: PASS
qemu-smoke	LAB-REQ-02 real QEMU lane (setup/source-route/fixture/smoke/fail-closed)	2026-09-12T04:42:02.7688872Z Echoed command text alone cannot satisfy the execution-marker predicate.
qemu-smoke	LAB-REQ-02 real QEMU lane (setup/source-route/fixture/smoke/fail-closed)	2026-09-12T04:42:02.7709332Z [+] Step 4: Run bounded, prompt-paced QEMU shell test...
qemu-smoke	LAB-REQ-02 real QEMU lane (setup/source-route/fixture/smoke/fail-closed)	2026-09-12T04:42:04.3945071Z qemu-system-riscv64 -machine virt -bios none -kernel kernel/kernel -m 128M -smp 3 -nographic -global virtio-mmio.force-legacy=false -drive file=fs.img,if=none,format=raw,id=x0 -device virtio-blk-device,drive=x0,bus=virtio-mmio-bus.0
qemu-smoke	LAB-REQ-02 real QEMU lane (setup/source-route/fixture/smoke/fail-closed)	2026-09-12T04:42:04.3946655Z 
qemu-smoke	LAB-REQ-02 real QEMU lane (setup/source-route/fixture/smoke/fail-closed)	2026-09-12T04:42:04.3946808Z xv6 kernel is booting
qemu-smoke	LAB-REQ-02 real QEMU lane (setup/source-route/fixture/smoke/fail-closed)	2026-09-12T04:42:04.3947069Z 
qemu-smoke	LAB-REQ-02 real QEMU lane (setup/source-route/fixture/smoke/fail-closed)	2026-09-12T04:42:04.3947213Z hart 2 starting
qemu-smoke	LAB-REQ-02 real QEMU lane (setup/source-route/fixture/smoke/fail-closed)	2026-09-12T04:42:04.3947444Z hart 1 starting
qemu-smoke	LAB-REQ-02 real QEMU lane (setup/source-route/fixture/smoke/fail-closed)	2026-09-12T04:42:04.3947637Z init: starting sh
qemu-smoke	LAB-REQ-02 real QEMU lane (setup/source-route/fixture/smoke/fail-closed)	2026-09-12T04:42:04.3947831Z $ sleep
qemu-smoke	LAB-REQ-02 real QEMU lane (setup/source-route/fixture/smoke/fail-closed)	2026-09-12T04:42:04.3948020Z Usage: sleep ticks
qemu-smoke	LAB-REQ-02 real QEMU lane (setup/source-route/fixture/smoke/fail-closed)	2026-09-12T04:42:04.3948226Z $ sleep 10
qemu-smoke	LAB-REQ-02 real QEMU lane (setup/source-route/fixture/smoke/fail-closed)	2026-09-12T04:42:04.3948409Z $ echo LAB_REQ_02_OK
qemu-smoke	LAB-REQ-02 real QEMU lane (setup/source-route/fixture/smoke/fail-closed)	2026-09-12T04:42:04.3948614Z LAB_REQ_02_OK
qemu-smoke	LAB-REQ-02 real QEMU lane (setup/source-route/fixture/smoke/fail-closed)	2026-09-12T04:42:04.3948813Z $ 
qemu-smoke	LAB-REQ-02 real QEMU lane (setup/source-route/fixture/smoke/fail-closed)	2026-09-12T04:42:04.3948997Z QEMU_SMOKE_STATUS: PASS
qemu-smoke	LAB-REQ-02 real QEMU lane (setup/source-route/fixture/smoke/fail-closed)	2026-09-12T04:42:04.3949225Z USAGE_OUTPUT_OBSERVED: YES
qemu-smoke	LAB-REQ-02 real QEMU lane (setup/source-route/fixture/smoke/fail-closed)	2026-09-12T04:42:04.3949463Z SLEEP10_RETURNED: YES
qemu-smoke	LAB-REQ-02 real QEMU lane (setup/source-route/fixture/smoke/fail-closed)	2026-09-12T04:42:04.3949995Z EXECUTION_MARKER_OBSERVED: YES
qemu-smoke	LAB-REQ-02 real QEMU lane (setup/source-route/fixture/smoke/fail-closed)	2026-09-12T04:42:04.3950399Z QEMU_REAPED: TRUE
qemu-smoke	LAB-REQ-02 real QEMU lane (setup/source-route/fixture/smoke/fail-closed)	2026-09-12T04:42:04.3950662Z PID_MARKER_CLEAN: YES
qemu-smoke	LAB-REQ-02 real QEMU lane (setup/source-route/fixture/smoke/fail-closed)	2026-09-12T04:42:04.3993649Z === LAB-REQ-02 Smoke Test PASS ===
qemu-smoke	LAB-REQ-02 real QEMU lane (setup/source-route/fixture/smoke/fail-closed)	2026-09-12T04:42:04.4064258Z REQ02_SMOKE_EVIDENCE: FAIL-CLOSED POSTCONDITION PASS
qemu-smoke	LAB-REQ-02 cleanup truth (pin restored, residue gone, no strays)	﻿2026-09-12T04:42:04.4907120Z ##[group]Run docker run --rm -v "${CI_TREE}:/work" -w /work "${CANONICAL_IMAGE}" bash -c '
qemu-smoke	LAB-REQ-02 cleanup truth (pin restored, residue gone, no strays)	2026-09-12T04:42:04.4908238Z ^[[36;1mdocker run --rm -v "${CI_TREE}:/work" -w /work "${CANONICAL_IMAGE}" bash -c '^[[0m
qemu-smoke	LAB-REQ-02 cleanup truth (pin restored, residue gone, no strays)	2026-09-12T04:42:04.4908987Z ^[[36;1m  set -ueo pipefail^[[0m
qemu-smoke	LAB-REQ-02 cleanup truth (pin restored, residue gone, no strays)	2026-09-12T04:42:04.4909466Z ^[[36;1m  cd labs/lab-req-02-xv6-syscall^[[0m
qemu-smoke	LAB-REQ-02 cleanup truth (pin restored, residue gone, no strays)	2026-09-12T04:42:04.4911279Z ^[[36;1m  ./reset.sh^[[0m
qemu-smoke	LAB-REQ-02 cleanup truth (pin restored, residue gone, no strays)	2026-09-12T04:42:04.4912017Z ^[[36;1m  test "$(git -C worktree rev-parse HEAD)" = "35b088427ef37611c38afdeed5a52a278cae38f9"^[[0m
qemu-smoke	LAB-REQ-02 cleanup truth (pin restored, residue gone, no strays)	2026-09-12T04:42:04.4913289Z ^[[36;1m  test -z "$(git -C worktree status --porcelain)"^[[0m
qemu-smoke	LAB-REQ-02 cleanup truth (pin restored, residue gone, no strays)	2026-09-12T04:42:04.4913936Z ^[[36;1m  test ! -e .qemu_smoke.pid^[[0m
qemu-smoke	LAB-REQ-02 cleanup truth (pin restored, residue gone, no strays)	2026-09-12T04:42:04.4914550Z ^[[36;1m  test -z "$(pgrep -f "[q]emu-system-riscv64" || true)"^[[0m
qemu-smoke	LAB-REQ-02 cleanup truth (pin restored, residue gone, no strays)	2026-09-12T04:42:04.4915189Z ^[[36;1m  echo REQ02_CLEANUP_TRUTH_DONE'^[[0m
qemu-smoke	LAB-REQ-02 cleanup truth (pin restored, residue gone, no strays)	2026-09-12T04:42:04.4955631Z shell: /usr/bin/bash -e {0}
qemu-smoke	LAB-REQ-02 cleanup truth (pin restored, residue gone, no strays)	2026-09-12T04:42:04.4955898Z env:
qemu-smoke	LAB-REQ-02 cleanup truth (pin restored, residue gone, no strays)	2026-09-12T04:42:04.4956135Z   CI_TREE: /tmp/ci-tree
qemu-smoke	LAB-REQ-02 cleanup truth (pin restored, residue gone, no strays)	2026-09-12T04:42:04.4956705Z   CANONICAL_IMAGE: ghcr.io/cn-jjb/essential-cs/canonical@sha256:766ce07ba3073cc28049ff07d6d4f643bd6e3cc7a7967a3ebd2bb8738219e460
qemu-smoke	LAB-REQ-02 cleanup truth (pin restored, residue gone, no strays)	2026-09-12T04:42:04.4957539Z   CANONICAL_IMAGE_DIGEST: sha256:766ce07ba3073cc28049ff07d6d4f643bd6e3cc7a7967a3ebd2bb8738219e460
qemu-smoke	LAB-REQ-02 cleanup truth (pin restored, residue gone, no strays)	2026-09-12T04:42:04.4958083Z   CANONICAL_IMAGE_REF: ghcr.io/cn-jjb/essential-cs/canonical
qemu-smoke	LAB-REQ-02 cleanup truth (pin restored, residue gone, no strays)	2026-09-12T04:42:04.4958406Z ##[endgroup]
qemu-smoke	LAB-REQ-02 cleanup truth (pin restored, residue gone, no strays)	2026-09-12T04:42:04.6289345Z === LAB-REQ-02 Reset ===
qemu-smoke	LAB-REQ-02 cleanup truth (pin restored, residue gone, no strays)	2026-09-12T04:42:04.6291753Z [*] Restoring dedicated xv6 worktree to exact pinned commit...
qemu-smoke	LAB-REQ-02 cleanup truth (pin restored, residue gone, no strays)	2026-09-12T04:42:04.6347277Z HEAD is now at 35b0884 test for nlink overflow
qemu-smoke	LAB-REQ-02 cleanup truth (pin restored, residue gone, no strays)	2026-09-12T04:42:04.6433311Z Removing fs.img
qemu-smoke	LAB-REQ-02 cleanup truth (pin restored, residue gone, no strays)	2026-09-12T04:42:04.6434092Z Removing kernel/bio.d
qemu-smoke	LAB-REQ-02 cleanup truth (pin restored, residue gone, no strays)	2026-09-12T04:42:04.6434631Z Removing kernel/bio.o
qemu-smoke	LAB-REQ-02 cleanup truth (pin restored, residue gone, no strays)	2026-09-12T04:42:04.6435069Z Removing kernel/console.d
qemu-smoke	LAB-REQ-02 cleanup truth (pin restored, residue gone, no strays)	2026-09-12T04:42:04.6435551Z Removing kernel/console.o
qemu-smoke	LAB-REQ-02 cleanup truth (pin restored, residue gone, no strays)	2026-09-12T04:42:04.6435972Z Removing kernel/entry.o
qemu-smoke	LAB-REQ-02 cleanup truth (pin restored, residue gone, no strays)	2026-09-12T04:42:04.6436388Z Removing kernel/exec.d
qemu-smoke	LAB-REQ-02 cleanup truth (pin restored, residue gone, no strays)	2026-09-12T04:42:04.6436790Z Removing kernel/exec.o
qemu-smoke	LAB-REQ-02 cleanup truth (pin restored, residue gone, no strays)	2026-09-12T04:42:04.6437213Z Removing kernel/file.d
qemu-smoke	LAB-REQ-02 cleanup truth (pin restored, residue gone, no strays)	2026-09-12T04:42:04.6437609Z Removing kernel/file.o
qemu-smoke	LAB-REQ-02 cleanup truth (pin restored, residue gone, no strays)	2026-09-12T04:42:04.6437996Z Removing kernel/fs.d
qemu-smoke	LAB-REQ-02 cleanup truth (pin restored, residue gone, no strays)	2026-09-12T04:42:04.6438380Z Removing kernel/fs.o
qemu-smoke	LAB-REQ-02 cleanup truth (pin restored, residue gone, no strays)	2026-09-12T04:42:04.6438773Z Removing kernel/kalloc.d
qemu-smoke	LAB-REQ-02 cleanup truth (pin restored, residue gone, no strays)	2026-09-12T04:42:04.6439185Z Removing kernel/kalloc.o
qemu-smoke	LAB-REQ-02 cleanup truth (pin restored, residue gone, no strays)	2026-09-12T04:42:04.6439591Z Removing kernel/kernel
qemu-smoke	LAB-REQ-02 cleanup truth (pin restored, residue gone, no strays)	2026-09-12T04:42:04.6440298Z Removing kernel/kernel.asm
qemu-smoke	LAB-REQ-02 cleanup truth (pin restored, residue gone, no strays)	2026-09-12T04:42:04.6440807Z Removing kernel/kernel.sym
qemu-smoke	LAB-REQ-02 cleanup truth (pin restored, residue gone, no strays)	2026-09-12T04:42:04.6441261Z Removing kernel/kernelvec.o
qemu-smoke	LAB-REQ-02 cleanup truth (pin restored, residue gone, no strays)	2026-09-12T04:42:04.6441701Z Removing kernel/log.d
qemu-smoke	LAB-REQ-02 cleanup truth (pin restored, residue gone, no strays)	2026-09-12T04:42:04.6441999Z Removing kernel/log.o
qemu-smoke	LAB-REQ-02 cleanup truth (pin restored, residue gone, no strays)	2026-09-12T04:42:04.6442253Z Removing kernel/main.d
qemu-smoke	LAB-REQ-02 cleanup truth (pin restored, residue gone, no strays)	2026-09-12T04:42:04.6442516Z Removing kernel/main.o
qemu-smoke	LAB-REQ-02 cleanup truth (pin restored, residue gone, no strays)	2026-09-12T04:42:04.6442775Z Removing kernel/pipe.d
qemu-smoke	LAB-REQ-02 cleanup truth (pin restored, residue gone, no strays)	2026-09-12T04:42:04.6443036Z Removing kernel/pipe.o
qemu-smoke	LAB-REQ-02 cleanup truth (pin restored, residue gone, no strays)	2026-09-12T04:42:04.6443288Z Removing kernel/plic.d
qemu-smoke	LAB-REQ-02 cleanup truth (pin restored, residue gone, no strays)	2026-09-12T04:42:04.6443543Z Removing kernel/plic.o
qemu-smoke	LAB-REQ-02 cleanup truth (pin restored, residue gone, no strays)	2026-09-12T04:42:04.6443802Z Removing kernel/printk.d
qemu-smoke	LAB-REQ-02 cleanup truth (pin restored, residue gone, no strays)	2026-09-12T04:42:04.6444078Z Removing kernel/printk.o
qemu-smoke	LAB-REQ-02 cleanup truth (pin restored, residue gone, no strays)	2026-09-12T04:42:04.6444341Z Removing kernel/proc.d
qemu-smoke	LAB-REQ-02 cleanup truth (pin restored, residue gone, no strays)	2026-09-12T04:42:04.6444592Z Removing kernel/proc.o
qemu-smoke	LAB-REQ-02 cleanup truth (pin restored, residue gone, no strays)	2026-09-12T04:42:04.6444849Z Removing kernel/sleeplock.d
qemu-smoke	LAB-REQ-02 cleanup truth (pin restored, residue gone, no strays)	2026-09-12T04:42:04.6445131Z Removing kernel/sleeplock.o
qemu-smoke	LAB-REQ-02 cleanup truth (pin restored, residue gone, no strays)	2026-09-12T04:42:04.6445415Z Removing kernel/spinlock.d
qemu-smoke	LAB-REQ-02 cleanup truth (pin restored, residue gone, no strays)	2026-09-12T04:42:04.6445666Z Removing kernel/spinlock.o
qemu-smoke	LAB-REQ-02 cleanup truth (pin restored, residue gone, no strays)	2026-09-12T04:42:04.6445896Z Removing kernel/start.d
qemu-smoke	LAB-REQ-02 cleanup truth (pin restored, residue gone, no strays)	2026-09-12T04:42:04.6446121Z Removing kernel/start.o
qemu-smoke	LAB-REQ-02 cleanup truth (pin restored, residue gone, no strays)	2026-09-12T04:42:04.6446355Z Removing kernel/string.d
qemu-smoke	LAB-REQ-02 cleanup truth (pin restored, residue gone, no strays)	2026-09-12T04:42:04.6446592Z Removing kernel/string.o
qemu-smoke	LAB-REQ-02 cleanup truth (pin restored, residue gone, no strays)	2026-09-12T04:42:04.6446815Z Removing kernel/swtch.o
qemu-smoke	LAB-REQ-02 cleanup truth (pin restored, residue gone, no strays)	2026-09-12T04:42:04.6447035Z Removing kernel/syscall.d
qemu-smoke	LAB-REQ-02 cleanup truth (pin restored, residue gone, no strays)	2026-09-12T04:42:04.6447267Z Removing kernel/syscall.o
qemu-smoke	LAB-REQ-02 cleanup truth (pin restored, residue gone, no strays)	2026-09-12T04:42:04.6447493Z Removing kernel/sysfile.d
qemu-smoke	LAB-REQ-02 cleanup truth (pin restored, residue gone, no strays)	2026-09-12T04:42:04.6447715Z Removing kernel/sysfile.o
qemu-smoke	LAB-REQ-02 cleanup truth (pin restored, residue gone, no strays)	2026-09-12T04:42:04.6447939Z Removing kernel/sysproc.d
qemu-smoke	LAB-REQ-02 cleanup truth (pin restored, residue gone, no strays)	2026-09-12T04:42:04.6448166Z Removing kernel/sysproc.o
qemu-smoke	LAB-REQ-02 cleanup truth (pin restored, residue gone, no strays)	2026-09-12T04:42:04.6448395Z Removing kernel/trampoline.o
qemu-smoke	LAB-REQ-02 cleanup truth (pin restored, residue gone, no strays)	2026-09-12T04:42:04.6448907Z Removing kernel/trap.d
qemu-smoke	LAB-REQ-02 cleanup truth (pin restored, residue gone, no strays)	2026-09-12T04:42:04.6449129Z Removing kernel/trap.o
qemu-smoke	LAB-REQ-02 cleanup truth (pin restored, residue gone, no strays)	2026-09-12T04:42:04.6449343Z Removing kernel/uart.d
qemu-smoke	LAB-REQ-02 cleanup truth (pin restored, residue gone, no strays)	2026-09-12T04:42:04.6449579Z Removing kernel/uart.o
qemu-smoke	LAB-REQ-02 cleanup truth (pin restored, residue gone, no strays)	2026-09-12T04:42:04.6450123Z Removing kernel/virtio_disk.d
qemu-smoke	LAB-REQ-02 cleanup truth (pin restored, residue gone, no strays)	2026-09-12T04:42:04.6450390Z Removing kernel/virtio_disk.o
qemu-smoke	LAB-REQ-02 cleanup truth (pin restored, residue gone, no strays)	2026-09-12T04:42:04.6450632Z Removing kernel/vm.d
qemu-smoke	LAB-REQ-02 cleanup truth (pin restored, residue gone, no strays)	2026-09-12T04:42:04.6450847Z Removing kernel/vm.o
qemu-smoke	LAB-REQ-02 cleanup truth (pin restored, residue gone, no strays)	2026-09-12T04:42:04.6451060Z Removing mkfs/mkfs
qemu-smoke	LAB-REQ-02 cleanup truth (pin restored, residue gone, no strays)	2026-09-12T04:42:04.6451269Z Removing user/_cat
qemu-smoke	LAB-REQ-02 cleanup truth (pin restored, residue gone, no strays)	2026-09-12T04:42:04.6451670Z Removing user/_dorphan
qemu-smoke	LAB-REQ-02 cleanup truth (pin restored, residue gone, no strays)	2026-09-12T04:42:04.6451890Z Removing user/_echo
qemu-smoke	LAB-REQ-02 cleanup truth (pin restored, residue gone, no strays)	2026-09-12T04:42:04.6452104Z Removing user/_forktest
qemu-smoke	LAB-REQ-02 cleanup truth (pin restored, residue gone, no strays)	2026-09-12T04:42:04.6452427Z Removing user/_forphan
qemu-smoke	LAB-REQ-02 cleanup truth (pin restored, residue gone, no strays)	2026-09-12T04:42:04.6452811Z Removing user/_grep
qemu-smoke	LAB-REQ-02 cleanup truth (pin restored, residue gone, no strays)	2026-09-12T04:42:04.6453043Z Removing user/_grind
qemu-smoke	LAB-REQ-02 cleanup truth (pin restored, residue gone, no strays)	2026-09-12T04:42:04.6453250Z Removing user/_init
qemu-smoke	LAB-REQ-02 cleanup truth (pin restored, residue gone, no strays)	2026-09-12T04:42:04.6453453Z Removing user/_kill
qemu-smoke	LAB-REQ-02 cleanup truth (pin restored, residue gone, no strays)	2026-09-12T04:42:04.6453654Z Removing user/_ln
qemu-smoke	LAB-REQ-02 cleanup truth (pin restored, residue gone, no strays)	2026-09-12T04:42:04.6453859Z Removing user/_logstress
qemu-smoke	LAB-REQ-02 cleanup truth (pin restored, residue gone, no strays)	2026-09-12T04:42:04.6454094Z Removing user/_ls
qemu-smoke	LAB-REQ-02 cleanup truth (pin restored, residue gone, no strays)	2026-09-12T04:42:04.6454316Z Removing user/_mkdir
qemu-smoke	LAB-REQ-02 cleanup truth (pin restored, residue gone, no strays)	2026-09-12T04:42:04.6454525Z Removing user/_rm
qemu-smoke	LAB-REQ-02 cleanup truth (pin restored, residue gone, no strays)	2026-09-12T04:42:04.6454722Z Removing user/_sh
qemu-smoke	LAB-REQ-02 cleanup truth (pin restored, residue gone, no strays)	2026-09-12T04:42:04.6454916Z Removing user/_sleep
qemu-smoke	LAB-REQ-02 cleanup truth (pin restored, residue gone, no strays)	2026-09-12T04:42:04.6455125Z Removing user/_stressfs
qemu-smoke	LAB-REQ-02 cleanup truth (pin restored, residue gone, no strays)	2026-09-12T04:42:04.6455345Z Removing user/_sync
qemu-smoke	LAB-REQ-02 cleanup truth (pin restored, residue gone, no strays)	2026-09-12T04:42:04.6455553Z Removing user/_usertests
qemu-smoke	LAB-REQ-02 cleanup truth (pin restored, residue gone, no strays)	2026-09-12T04:42:04.6455770Z Removing user/_wc
qemu-smoke	LAB-REQ-02 cleanup truth (pin restored, residue gone, no strays)	2026-09-12T04:42:04.6455972Z Removing user/_zombie
qemu-smoke	LAB-REQ-02 cleanup truth (pin restored, residue gone, no strays)	2026-09-12T04:42:04.6456184Z Removing user/cat.asm
qemu-smoke	LAB-REQ-02 cleanup truth (pin restored, residue gone, no strays)	2026-09-12T04:42:04.6456388Z Removing user/cat.d
qemu-smoke	LAB-REQ-02 cleanup truth (pin restored, residue gone, no strays)	2026-09-12T04:42:04.6456592Z Removing user/cat.o
qemu-smoke	LAB-REQ-02 cleanup truth (pin restored, residue gone, no strays)	2026-09-12T04:42:04.6456803Z Removing user/cat.sym
qemu-smoke	LAB-REQ-02 cleanup truth (pin restored, residue gone, no strays)	2026-09-12T04:42:04.6457026Z Removing user/dorphan.asm
qemu-smoke	LAB-REQ-02 cleanup truth (pin restored, residue gone, no strays)	2026-09-12T04:42:04.6457256Z Removing user/dorphan.d
qemu-smoke	LAB-REQ-02 cleanup truth (pin restored, residue gone, no strays)	2026-09-12T04:42:04.6457474Z Removing user/dorphan.o
qemu-smoke	LAB-REQ-02 cleanup truth (pin restored, residue gone, no strays)	2026-09-12T04:42:04.6457693Z Removing user/dorphan.sym
qemu-smoke	LAB-REQ-02 cleanup truth (pin restored, residue gone, no strays)	2026-09-12T04:42:04.6457917Z Removing user/echo.asm
qemu-smoke	LAB-REQ-02 cleanup truth (pin restored, residue gone, no strays)	2026-09-12T04:42:04.6458129Z Removing user/echo.d
qemu-smoke	LAB-REQ-02 cleanup truth (pin restored, residue gone, no strays)	2026-09-12T04:42:04.6458339Z Removing user/echo.o
qemu-smoke	LAB-REQ-02 cleanup truth (pin restored, residue gone, no strays)	2026-09-12T04:42:04.6458542Z Removing user/echo.sym
qemu-smoke	LAB-REQ-02 cleanup truth (pin restored, residue gone, no strays)	2026-09-12T04:42:04.6458760Z Removing user/forktest.asm
qemu-smoke	LAB-REQ-02 cleanup truth (pin restored, residue gone, no strays)	2026-09-12T04:42:04.6458995Z Removing user/forktest.d
qemu-smoke	LAB-REQ-02 cleanup truth (pin restored, residue gone, no strays)	2026-09-12T04:42:04.6459224Z Removing user/forktest.o
qemu-smoke	LAB-REQ-02 cleanup truth (pin restored, residue gone, no strays)	2026-09-12T04:42:04.6459453Z Removing user/forphan.asm
qemu-smoke	LAB-REQ-02 cleanup truth (pin restored, residue gone, no strays)	2026-09-12T04:42:04.6459858Z Removing user/forphan.d
qemu-smoke	LAB-REQ-02 cleanup truth (pin restored, residue gone, no strays)	2026-09-12T04:42:04.6460084Z Removing user/forphan.o
qemu-smoke	LAB-REQ-02 cleanup truth (pin restored, residue gone, no strays)	2026-09-12T04:42:04.6460304Z Removing user/forphan.sym
qemu-smoke	LAB-REQ-02 cleanup truth (pin restored, residue gone, no strays)	2026-09-12T04:42:04.6460531Z Removing user/grep.asm
qemu-smoke	LAB-REQ-02 cleanup truth (pin restored, residue gone, no strays)	2026-09-12T04:42:04.6460750Z Removing user/grep.d
qemu-smoke	LAB-REQ-02 cleanup truth (pin restored, residue gone, no strays)	2026-09-12T04:42:04.6460956Z Removing user/grep.o
qemu-smoke	LAB-REQ-02 cleanup truth (pin restored, residue gone, no strays)	2026-09-12T04:42:04.6461160Z Removing user/grep.sym
qemu-smoke	LAB-REQ-02 cleanup truth (pin restored, residue gone, no strays)	2026-09-12T04:42:04.6461370Z Removing user/grind.asm
qemu-smoke	LAB-REQ-02 cleanup truth (pin restored, residue gone, no strays)	2026-09-12T04:42:04.6461586Z Removing user/grind.d
qemu-smoke	LAB-REQ-02 cleanup truth (pin restored, residue gone, no strays)	2026-09-12T04:42:04.6461795Z Removing user/grind.o
qemu-smoke	LAB-REQ-02 cleanup truth (pin restored, residue gone, no strays)	2026-09-12T04:42:04.6462010Z Removing user/grind.sym
qemu-smoke	LAB-REQ-02 cleanup truth (pin restored, residue gone, no strays)	2026-09-12T04:42:04.6462226Z Removing user/init.asm
qemu-smoke	LAB-REQ-02 cleanup truth (pin restored, residue gone, no strays)	2026-09-12T04:42:04.6462435Z Removing user/init.d
qemu-smoke	LAB-REQ-02 cleanup truth (pin restored, residue gone, no strays)	2026-09-12T04:42:04.6462645Z Removing user/init.o
qemu-smoke	LAB-REQ-02 cleanup truth (pin restored, residue gone, no strays)	2026-09-12T04:42:04.6462855Z Removing user/init.sym
qemu-smoke	LAB-REQ-02 cleanup truth (pin restored, residue gone, no strays)	2026-09-12T04:42:04.6463066Z Removing user/kill.asm
qemu-smoke	LAB-REQ-02 cleanup truth (pin restored, residue gone, no strays)	2026-09-12T04:42:04.6463275Z Removing user/kill.d
qemu-smoke	LAB-REQ-02 cleanup truth (pin restored, residue gone, no strays)	2026-09-12T04:42:04.6463559Z Removing user/kill.o
qemu-smoke	LAB-REQ-02 cleanup truth (pin restored, residue gone, no strays)	2026-09-12T04:42:04.6463793Z Removing user/kill.sym
qemu-smoke	LAB-REQ-02 cleanup truth (pin restored, residue gone, no strays)	2026-09-12T04:42:04.6464009Z Removing user/ln.asm
qemu-smoke	LAB-REQ-02 cleanup truth (pin restored, residue gone, no strays)	2026-09-12T04:42:04.6464216Z Removing user/ln.d
qemu-smoke	LAB-REQ-02 cleanup truth (pin restored, residue gone, no strays)	2026-09-12T04:42:04.6464419Z Removing user/ln.o
qemu-smoke	LAB-REQ-02 cleanup truth (pin restored, residue gone, no strays)	2026-09-12T04:42:04.6464615Z Removing user/ln.sym
qemu-smoke	LAB-REQ-02 cleanup truth (pin restored, residue gone, no strays)	2026-09-12T04:42:04.6464825Z Removing user/logstress.asm
qemu-smoke	LAB-REQ-02 cleanup truth (pin restored, residue gone, no strays)	2026-09-12T04:42:04.6465068Z Removing user/logstress.d
qemu-smoke	LAB-REQ-02 cleanup truth (pin restored, residue gone, no strays)	2026-09-12T04:42:04.6465299Z Removing user/logstress.o
qemu-smoke	LAB-REQ-02 cleanup truth (pin restored, residue gone, no strays)	2026-09-12T04:42:04.6465530Z Removing user/logstress.sym
qemu-smoke	LAB-REQ-02 cleanup truth (pin restored, residue gone, no strays)	2026-09-12T04:42:04.6465759Z Removing user/ls.asm
qemu-smoke	LAB-REQ-02 cleanup truth (pin restored, residue gone, no strays)	2026-09-12T04:42:04.6465968Z Removing user/ls.d
qemu-smoke	LAB-REQ-02 cleanup truth (pin restored, residue gone, no strays)	2026-09-12T04:42:04.6466171Z Removing user/ls.o
qemu-smoke	LAB-REQ-02 cleanup truth (pin restored, residue gone, no strays)	2026-09-12T04:42:04.6466368Z Removing user/ls.sym
qemu-smoke	LAB-REQ-02 cleanup truth (pin restored, residue gone, no strays)	2026-09-12T04:42:04.6466574Z Removing user/mkdir.asm
qemu-smoke	LAB-REQ-02 cleanup truth (pin restored, residue gone, no strays)	2026-09-12T04:42:04.6466904Z Removing user/mkdir.d
qemu-smoke	LAB-REQ-02 cleanup truth (pin restored, residue gone, no strays)	2026-09-12T04:42:04.6467124Z Removing user/mkdir.o
qemu-smoke	LAB-REQ-02 cleanup truth (pin restored, residue gone, no strays)	2026-09-12T04:42:04.6467547Z Removing user/mkdir.sym
qemu-smoke	LAB-REQ-02 cleanup truth (pin restored, residue gone, no strays)	2026-09-12T04:42:04.6467771Z Removing user/printf.d
qemu-smoke	LAB-REQ-02 cleanup truth (pin restored, residue gone, no strays)	2026-09-12T04:42:04.6467988Z Removing user/printf.o
qemu-smoke	LAB-REQ-02 cleanup truth (pin restored, residue gone, no strays)	2026-09-12T04:42:04.6468201Z Removing user/rm.asm
qemu-smoke	LAB-REQ-02 cleanup truth (pin restored, residue gone, no strays)	2026-09-12T04:42:04.6468405Z Removing user/rm.d
qemu-smoke	LAB-REQ-02 cleanup truth (pin restored, residue gone, no strays)	2026-09-12T04:42:04.6468604Z Removing user/rm.o
qemu-smoke	LAB-REQ-02 cleanup truth (pin restored, residue gone, no strays)	2026-09-12T04:42:04.6468812Z Removing user/rm.sym
qemu-smoke	LAB-REQ-02 cleanup truth (pin restored, residue gone, no strays)	2026-09-12T04:42:04.6469019Z Removing user/sh.asm
qemu-smoke	LAB-REQ-02 cleanup truth (pin restored, residue gone, no strays)	2026-09-12T04:42:04.6469220Z Removing user/sh.d
qemu-smoke	LAB-REQ-02 cleanup truth (pin restored, residue gone, no strays)	2026-09-12T04:42:04.6469416Z Removing user/sh.o
qemu-smoke	LAB-REQ-02 cleanup truth (pin restored, residue gone, no strays)	2026-09-12T04:42:04.6469920Z Removing user/sh.sym
qemu-smoke	LAB-REQ-02 cleanup truth (pin restored, residue gone, no strays)	2026-09-12T04:42:04.6470134Z Removing user/sleep.asm
qemu-smoke	LAB-REQ-02 cleanup truth (pin restored, residue gone, no strays)	2026-09-12T04:42:04.6470350Z Removing user/sleep.c
qemu-smoke	LAB-REQ-02 cleanup truth (pin restored, residue gone, no strays)	2026-09-12T04:42:04.6470559Z Removing user/sleep.d
qemu-smoke	LAB-REQ-02 cleanup truth (pin restored, residue gone, no strays)	2026-09-12T04:42:04.6470767Z Removing user/sleep.o
qemu-smoke	LAB-REQ-02 cleanup truth (pin restored, residue gone, no strays)	2026-09-12T04:42:04.6470980Z Removing user/sleep.sym
qemu-smoke	LAB-REQ-02 cleanup truth (pin restored, residue gone, no strays)	2026-09-12T04:42:04.6471204Z Removing user/stressfs.asm
qemu-smoke	LAB-REQ-02 cleanup truth (pin restored, residue gone, no strays)	2026-09-12T04:42:04.6471446Z Removing user/stressfs.d
qemu-smoke	LAB-REQ-02 cleanup truth (pin restored, residue gone, no strays)	2026-09-12T04:42:04.6471675Z Removing user/stressfs.o
qemu-smoke	LAB-REQ-02 cleanup truth (pin restored, residue gone, no strays)	2026-09-12T04:42:04.6471902Z Removing user/stressfs.sym
qemu-smoke	LAB-REQ-02 cleanup truth (pin restored, residue gone, no strays)	2026-09-12T04:42:04.6472339Z Removing user/sync.asm
qemu-smoke	LAB-REQ-02 cleanup truth (pin restored, residue gone, no strays)	2026-09-12T04:42:04.6472714Z Removing user/sync.d
qemu-smoke	LAB-REQ-02 cleanup truth (pin restored, residue gone, no strays)	2026-09-12T04:42:04.6472933Z Removing user/sync.o
qemu-smoke	LAB-REQ-02 cleanup truth (pin restored, residue gone, no strays)	2026-09-12T04:42:04.6473141Z Removing user/sync.sym
qemu-smoke	LAB-REQ-02 cleanup truth (pin restored, residue gone, no strays)	2026-09-12T04:42:04.6473351Z Removing user/ulib.d
qemu-smoke	LAB-REQ-02 cleanup truth (pin restored, residue gone, no strays)	2026-09-12T04:42:04.6473555Z Removing user/ulib.o
qemu-smoke	LAB-REQ-02 cleanup truth (pin restored, residue gone, no strays)	2026-09-12T04:42:04.6473857Z Removing user/umalloc.d
qemu-smoke	LAB-REQ-02 cleanup truth (pin restored, residue gone, no strays)	2026-09-12T04:42:04.6474166Z Removing user/umalloc.o
qemu-smoke	LAB-REQ-02 cleanup truth (pin restored, residue gone, no strays)	2026-09-12T04:42:04.6474387Z Removing user/usertests.asm
qemu-smoke	LAB-REQ-02 cleanup truth (pin restored, residue gone, no strays)	2026-09-12T04:42:04.6474628Z Removing user/usertests.d
qemu-smoke	LAB-REQ-02 cleanup truth (pin restored, residue gone, no strays)	2026-09-12T04:42:04.6474862Z Removing user/usertests.o
qemu-smoke	LAB-REQ-02 cleanup truth (pin restored, residue gone, no strays)	2026-09-12T04:42:04.6475282Z Removing user/usertests.sym
qemu-smoke	LAB-REQ-02 cleanup truth (pin restored, residue gone, no strays)	2026-09-12T04:42:04.6475694Z Removing user/usys.S
qemu-smoke	LAB-REQ-02 cleanup truth (pin restored, residue gone, no strays)	2026-09-12T04:42:04.6476070Z Removing user/usys.d
qemu-smoke	LAB-REQ-02 cleanup truth (pin restored, residue gone, no strays)	2026-09-12T04:42:04.6476448Z Removing user/usys.o
qemu-smoke	LAB-REQ-02 cleanup truth (pin restored, residue gone, no strays)	2026-09-12T04:42:04.6476840Z Removing user/wc.asm
qemu-smoke	LAB-REQ-02 cleanup truth (pin restored, residue gone, no strays)	2026-09-12T04:42:04.6477217Z Removing user/wc.d
qemu-smoke	LAB-REQ-02 cleanup truth (pin restored, residue gone, no strays)	2026-09-12T04:42:04.6477558Z Removing user/wc.o
qemu-smoke	LAB-REQ-02 cleanup truth (pin restored, residue gone, no strays)	2026-09-12T04:42:04.6477903Z Removing user/wc.sym
qemu-smoke	LAB-REQ-02 cleanup truth (pin restored, residue gone, no strays)	2026-09-12T04:42:04.6478280Z Removing user/zombie.asm
qemu-smoke	LAB-REQ-02 cleanup truth (pin restored, residue gone, no strays)	2026-09-12T04:42:04.6478677Z Removing user/zombie.d
qemu-smoke	LAB-REQ-02 cleanup truth (pin restored, residue gone, no strays)	2026-09-12T04:42:04.6479088Z Removing user/zombie.o
qemu-smoke	LAB-REQ-02 cleanup truth (pin restored, residue gone, no strays)	2026-09-12T04:42:04.6479487Z Removing user/zombie.sym
qemu-smoke	LAB-REQ-02 cleanup truth (pin restored, residue gone, no strays)	2026-09-12T04:42:04.6480207Z [+] Worktree restored to clean pin 35b088427ef37611c38afdeed5a52a278cae38f9.
qemu-smoke	LAB-REQ-02 cleanup truth (pin restored, residue gone, no strays)	2026-09-12T04:42:04.6480616Z === Reset Complete ===
qemu-smoke	LAB-REQ-02 cleanup truth (pin restored, residue gone, no strays)	2026-09-12T04:42:04.6553498Z REQ02_CLEANUP_TRUTH_DONE
qemu-smoke	QEMU evidence completeness gate (fail-closed)	﻿2026-09-12T04:42:04.7294655Z ##[group]Run set -ueo pipefail
qemu-smoke	QEMU evidence completeness gate (fail-closed)	2026-09-12T04:42:04.7295017Z ^[[36;1mset -ueo pipefail^[[0m
qemu-smoke	QEMU evidence completeness gate (fail-closed)	2026-09-12T04:42:04.7295309Z ^[[36;1mEVIDENCE_DIR="${CI_TREE}/.ci-logs"^[[0m
qemu-smoke	QEMU evidence completeness gate (fail-closed)	2026-09-12T04:42:04.7295975Z ^[[36;1mREQUIRED="qemu-env-snapshot.txt req02-preflight.log req02-setup.log req02-source-route.log req02-smoke.log qemu-lane-outer.log"^[[0m
qemu-smoke	QEMU evidence completeness gate (fail-closed)	2026-09-12T04:42:04.7296609Z ^[[36;1mfor f in ${REQUIRED}; do^[[0m
qemu-smoke	QEMU evidence completeness gate (fail-closed)	2026-09-12T04:42:04.7296900Z ^[[36;1m  if [ ! -s "${EVIDENCE_DIR}/${f}" ]; then^[[0m
qemu-smoke	QEMU evidence completeness gate (fail-closed)	2026-09-12T04:42:04.7297320Z ^[[36;1m    echo "FAIL-CLOSED: required evidence file missing or empty: ${f}"^[[0m
qemu-smoke	QEMU evidence completeness gate (fail-closed)	2026-09-12T04:42:04.7297710Z ^[[36;1m    exit 1^[[0m
qemu-smoke	QEMU evidence completeness gate (fail-closed)	2026-09-12T04:42:04.7297923Z ^[[36;1m  fi^[[0m
qemu-smoke	QEMU evidence completeness gate (fail-closed)	2026-09-12T04:42:04.7298228Z ^[[36;1m  echo "EVIDENCE_OK: ${f} ($(wc -c < "${EVIDENCE_DIR}/${f}") bytes)"^[[0m
qemu-smoke	QEMU evidence completeness gate (fail-closed)	2026-09-12T04:42:04.7298590Z ^[[36;1mdone^[[0m
qemu-smoke	QEMU evidence completeness gate (fail-closed)	2026-09-12T04:42:04.7298869Z ^[[36;1mecho "QEMU_EVIDENCE_COMPLETE: FAIL-CLOSED GATE PASS"^[[0m
qemu-smoke	QEMU evidence completeness gate (fail-closed)	2026-09-12T04:42:04.7335381Z shell: /usr/bin/bash -e {0}
qemu-smoke	QEMU evidence completeness gate (fail-closed)	2026-09-12T04:42:04.7335654Z env:
qemu-smoke	QEMU evidence completeness gate (fail-closed)	2026-09-12T04:42:04.7335896Z   CI_TREE: /tmp/ci-tree
qemu-smoke	QEMU evidence completeness gate (fail-closed)	2026-09-12T04:42:04.7336494Z   CANONICAL_IMAGE: ghcr.io/cn-jjb/essential-cs/canonical@sha256:766ce07ba3073cc28049ff07d6d4f643bd6e3cc7a7967a3ebd2bb8738219e460
qemu-smoke	QEMU evidence completeness gate (fail-closed)	2026-09-12T04:42:04.7337269Z   CANONICAL_IMAGE_DIGEST: sha256:766ce07ba3073cc28049ff07d6d4f643bd6e3cc7a7967a3ebd2bb8738219e460
qemu-smoke	QEMU evidence completeness gate (fail-closed)	2026-09-12T04:42:04.7337810Z   CANONICAL_IMAGE_REF: ghcr.io/cn-jjb/essential-cs/canonical
qemu-smoke	QEMU evidence completeness gate (fail-closed)	2026-09-12T04:42:04.7338142Z ##[endgroup]
qemu-smoke	QEMU evidence completeness gate (fail-closed)	2026-09-12T04:42:04.7415508Z EVIDENCE_OK: qemu-env-snapshot.txt (3466 bytes)
qemu-smoke	QEMU evidence completeness gate (fail-closed)	2026-09-12T04:42:04.7431323Z EVIDENCE_OK: req02-preflight.log (576 bytes)
qemu-smoke	QEMU evidence completeness gate (fail-closed)	2026-09-12T04:42:04.7448319Z EVIDENCE_OK: req02-setup.log (388 bytes)
qemu-smoke	QEMU evidence completeness gate (fail-closed)	2026-09-12T04:42:04.7465694Z EVIDENCE_OK: req02-source-route.log (566 bytes)
qemu-smoke	QEMU evidence completeness gate (fail-closed)	2026-09-12T04:42:04.7482006Z EVIDENCE_OK: req02-smoke.log (41476 bytes)
qemu-smoke	QEMU evidence completeness gate (fail-closed)	2026-09-12T04:42:04.7496971Z EVIDENCE_OK: qemu-lane-outer.log (43342 bytes)
qemu-smoke	QEMU evidence completeness gate (fail-closed)	2026-09-12T04:42:04.7497577Z QEMU_EVIDENCE_COMPLETE: FAIL-CLOSED GATE PASS
qemu-smoke	Upload QEMU lane evidence bundle	﻿2026-09-12T04:42:04.7555080Z Node 20 is being deprecated. This workflow is running with Node 24 by default. If you need to temporarily use Node 20, you can set the ACTIONS_ALLOW_USE_UNSECURE_NODE_VERSION=true environment variable. For more information see: https://github.blog/changelog/2025-09-19-deprecation-of-node-20-on-github-actions-runners/
qemu-smoke	Upload QEMU lane evidence bundle	2026-09-12T04:42:04.7557236Z ##[group]Run actions/upload-artifact@v4
qemu-smoke	Upload QEMU lane evidence bundle	2026-09-12T04:42:04.7557518Z with:
qemu-smoke	Upload QEMU lane evidence bundle	2026-09-12T04:42:04.7557728Z   name: canonical-qemu-evidence
qemu-smoke	Upload QEMU lane evidence bundle	2026-09-12T04:42:04.7557997Z   path: /tmp/ci-tree/.ci-logs/
qemu-smoke	Upload QEMU lane evidence bundle	2026-09-12T04:42:04.7558253Z   include-hidden-files: true
qemu-smoke	Upload QEMU lane evidence bundle	2026-09-12T04:42:04.7558496Z   if-no-files-found: warn
qemu-smoke	Upload QEMU lane evidence bundle	2026-09-12T04:42:04.7558734Z   compression-level: 6
qemu-smoke	Upload QEMU lane evidence bundle	2026-09-12T04:42:04.7558951Z   overwrite: false
qemu-smoke	Upload QEMU lane evidence bundle	2026-09-12T04:42:04.7559150Z env:
qemu-smoke	Upload QEMU lane evidence bundle	2026-09-12T04:42:04.7559334Z   CI_TREE: /tmp/ci-tree
qemu-smoke	Upload QEMU lane evidence bundle	2026-09-12T04:42:04.7560169Z   CANONICAL_IMAGE: ghcr.io/cn-jjb/essential-cs/canonical@sha256:766ce07ba3073cc28049ff07d6d4f643bd6e3cc7a7967a3ebd2bb8738219e460
qemu-smoke	Upload QEMU lane evidence bundle	2026-09-12T04:42:04.7560984Z   CANONICAL_IMAGE_DIGEST: sha256:766ce07ba3073cc28049ff07d6d4f643bd6e3cc7a7967a3ebd2bb8738219e460
qemu-smoke	Upload QEMU lane evidence bundle	2026-09-12T04:42:04.7561520Z   CANONICAL_IMAGE_REF: ghcr.io/cn-jjb/essential-cs/canonical
qemu-smoke	Upload QEMU lane evidence bundle	2026-09-12T04:42:04.7561845Z ##[endgroup]
qemu-smoke	Upload QEMU lane evidence bundle	2026-09-12T04:42:04.9181470Z (node:3329) [DEP0040] DeprecationWarning: The `punycode` module is deprecated. Please use a userland alternative instead.
qemu-smoke	Upload QEMU lane evidence bundle	2026-09-12T04:42:04.9182235Z (Use `node --trace-deprecation ...` to show where the warning was created)
qemu-smoke	Upload QEMU lane evidence bundle	2026-09-12T04:42:04.9288389Z With the provided path, there will be 7 files uploaded
qemu-smoke	Upload QEMU lane evidence bundle	2026-09-12T04:42:04.9289247Z Artifact name is valid!
qemu-smoke	Upload QEMU lane evidence bundle	2026-09-12T04:42:04.9289846Z Root directory input is valid!
qemu-smoke	Upload QEMU lane evidence bundle	2026-09-12T04:42:05.1341992Z Beginning upload of artifact content to blob storage
qemu-smoke	Upload QEMU lane evidence bundle	2026-09-12T04:42:05.1651150Z (node:3329) [DEP0169] DeprecationWarning: `url.parse()` behavior is not standardized and prone to errors that have security implications. Use the WHATWG URL API instead. CVEs are not issued for `url.parse()` vulnerabilities.
qemu-smoke	Upload QEMU lane evidence bundle	2026-09-12T04:42:05.2030437Z Uploaded bytes 9514
qemu-smoke	Upload QEMU lane evidence bundle	2026-09-12T04:42:05.2198548Z Finished uploading artifact content to blob storage!
qemu-smoke	Upload QEMU lane evidence bundle	2026-09-12T04:42:05.2199629Z SHA256 digest of uploaded artifact zip is b57ee4e63a99c42b06d818bc4d2b6fea5706a7e134466ca6d668279bf4f0bbad
qemu-smoke	Upload QEMU lane evidence bundle	2026-09-12T04:42:05.2202294Z Finalizing artifact upload
qemu-smoke	Upload QEMU lane evidence bundle	2026-09-12T04:42:05.3926085Z Artifact canonical-qemu-evidence.zip successfully finalized. Artifact ID 10291343217
qemu-smoke	Upload QEMU lane evidence bundle	2026-09-12T04:42:05.3927134Z Artifact canonical-qemu-evidence has been successfully uploaded! Final size is 9514 bytes. Artifact ID is 10291343217
qemu-smoke	Upload QEMU lane evidence bundle	2026-09-12T04:42:05.3934602Z Artifact download URL: https://github.com/CN-JJB/essential-cs/actions/runs/34673676055/artifacts/10291343217
qemu-smoke	Post Checkout exact dispatched revision	﻿2026-09-12T04:42:05.4141316Z Node 20 is being deprecated. This workflow is running with Node 24 by default. If you need to temporarily use Node 20, you can set the ACTIONS_ALLOW_USE_UNSECURE_NODE_VERSION=true environment variable. For more information see: https://github.blog/changelog/2025-09-19-deprecation-of-node-20-on-github-actions-runners/
qemu-smoke	Post Checkout exact dispatched revision	2026-09-12T04:42:05.4142611Z Post job cleanup.
qemu-smoke	Post Checkout exact dispatched revision	2026-09-12T04:42:05.4976896Z [command]/usr/bin/git version
qemu-smoke	Post Checkout exact dispatched revision	2026-09-12T04:42:05.5024283Z git version 2.55.0
qemu-smoke	Post Checkout exact dispatched revision	2026-09-12T04:42:05.5067241Z Temporarily overriding HOME='/home/runner/work/_temp/6d939f88-6080-4ae9-9a5f-a7ab6c5ee84e' before making global git config changes
qemu-smoke	Post Checkout exact dispatched revision	2026-09-12T04:42:05.5069007Z Adding repository directory to the temporary git global config as a safe directory
qemu-smoke	Post Checkout exact dispatched revision	2026-09-12T04:42:05.5082103Z [command]/usr/bin/git config --global --add safe.directory /home/runner/work/essential-cs/essential-cs
qemu-smoke	Post Checkout exact dispatched revision	2026-09-12T04:42:05.5124805Z [command]/usr/bin/git config --local --name-only --get-regexp core\.sshCommand
qemu-smoke	Post Checkout exact dispatched revision	2026-09-12T04:42:05.5164341Z [command]/usr/bin/git submodule foreach --recursive sh -c "git config --local --name-only --get-regexp 'core\.sshCommand' && git config --local --unset-all 'core.sshCommand' || :"
qemu-smoke	Post Checkout exact dispatched revision	2026-09-12T04:42:05.5430807Z [command]/usr/bin/git config --local --name-only --get-regexp http\.https\:\/\/github\.com\/\.extraheader
qemu-smoke	Post Checkout exact dispatched revision	2026-09-12T04:42:05.5457078Z http.https://github.com/.extraheader
qemu-smoke	Post Checkout exact dispatched revision	2026-09-12T04:42:05.5469104Z [command]/usr/bin/git config --local --unset-all http.https://github.com/.extraheader
qemu-smoke	Post Checkout exact dispatched revision	2026-09-12T04:42:05.5504703Z [command]/usr/bin/git submodule foreach --recursive sh -c "git config --local --name-only --get-regexp 'http\.https\:\/\/github\.com\/\.extraheader' && git config --local --unset-all 'http.https://github.com/.extraheader' || :"
qemu-smoke	Post Checkout exact dispatched revision	2026-09-12T04:42:05.5774629Z [command]/usr/bin/git config --local --name-only --get-regexp ^includeIf\.gitdir:
qemu-smoke	Post Checkout exact dispatched revision	2026-09-12T04:42:05.5817516Z [command]/usr/bin/git submodule foreach --recursive git config --local --show-origin --name-only --get-regexp remote.origin.url
qemu-smoke	Complete job	﻿2026-09-12T04:42:05.6247575Z Cleaning up orphan processes
qemu-smoke	Complete job	2026-09-12T04:42:05.6714477Z ##[warning]Node.js 20 is deprecated. The following actions target Node.js 20 but are being forced to run on Node.js 24: actions/checkout@v4, actions/upload-artifact@v4. For more information see: https://github.blog/changelog/2025-09-19-deprecation-of-node-20-on-github-actions-runners/
