classify	Set up job	﻿2026-09-12T04:34:30.3842093Z Current runner version: '2.337.0'
classify	Set up job	2026-09-12T04:34:30.3871506Z ##[group]Runner Image Provisioner
classify	Set up job	2026-09-12T04:34:30.3872613Z Hosted Compute Agent
classify	Set up job	2026-09-12T04:34:30.3873374Z Version: 20260828.587
classify	Set up job	2026-09-12T04:34:30.3874121Z Commit: abac92662cab4cc7352de4f9f9d2e2419aad9c29
classify	Set up job	2026-09-12T04:34:30.3875076Z Build Date: 2026-08-28T16:44:25Z
classify	Set up job	2026-09-12T04:34:30.3876032Z Worker ID: {ca27c08d-b0a2-4333-bd06-868bfc981fcf}
classify	Set up job	2026-09-12T04:34:30.3876873Z Azure Region: centralus
classify	Set up job	2026-09-12T04:34:30.3877760Z ##[endgroup]
classify	Set up job	2026-09-12T04:34:30.3879362Z ##[group]Operating System
classify	Set up job	2026-09-12T04:34:30.3880055Z Ubuntu
classify	Set up job	2026-09-12T04:34:30.3880671Z 24.04.5
classify	Set up job	2026-09-12T04:34:30.3881311Z LTS
classify	Set up job	2026-09-12T04:34:30.3881929Z ##[endgroup]
classify	Set up job	2026-09-12T04:34:30.3882542Z ##[group]Runner Image
classify	Set up job	2026-09-12T04:34:30.3883291Z Image: ubuntu-24.04
classify	Set up job	2026-09-12T04:34:30.3884068Z Version: 20260907.300.1
classify	Set up job	2026-09-12T04:34:30.3885335Z Included Software: https://github.com/actions/runner-images/blob/ubuntu24/20260907.300/images/ubuntu/Ubuntu2404-Readme.md
classify	Set up job	2026-09-12T04:34:30.3887677Z Image Release: https://github.com/actions/runner-images/releases/tag/ubuntu24%2F20260907.300
classify	Set up job	2026-09-12T04:34:30.3888865Z ##[endgroup]
classify	Set up job	2026-09-12T04:34:30.3890812Z ##[group]GITHUB_TOKEN Permissions
classify	Set up job	2026-09-12T04:34:30.3893376Z Contents: read
classify	Set up job	2026-09-12T04:34:30.3894206Z Metadata: read
classify	Set up job	2026-09-12T04:34:30.3894916Z Packages: write
classify	Set up job	2026-09-12T04:34:30.3895633Z ##[endgroup]
classify	Set up job	2026-09-12T04:34:30.3898133Z Secret source: Actions
classify	Set up job	2026-09-12T04:34:30.3899381Z Cache mode: write
classify	Set up job	2026-09-12T04:34:30.3900584Z Prepare workflow directory
classify	Set up job	2026-09-12T04:34:30.4251344Z Prepare all required actions
classify	Set up job	2026-09-12T04:34:30.4309895Z Getting action download info
classify	Set up job	2026-09-12T04:34:30.6348228Z Download action repository 'actions/checkout@v4' (SHA:11d5960a326750d5838078e36cf38b85af677262)
classify	Set up job	2026-09-12T04:34:30.8092164Z Complete job name: classify
classify	Checkout exact event revision	﻿2026-09-12T04:34:30.8679039Z Node 20 is being deprecated. This workflow is running with Node 24 by default. If you need to temporarily use Node 20, you can set the ACTIONS_ALLOW_USE_UNSECURE_NODE_VERSION=true environment variable. For more information see: https://github.blog/changelog/2025-09-19-deprecation-of-node-20-on-github-actions-runners/
classify	Checkout exact event revision	2026-09-12T04:34:30.8691170Z ##[group]Run actions/checkout@v4
classify	Checkout exact event revision	2026-09-12T04:34:30.8692195Z with:
classify	Checkout exact event revision	2026-09-12T04:34:30.8693078Z   ref: 25804b02cdd89bc3e2ff386aaf60f7c0b41b9032
classify	Checkout exact event revision	2026-09-12T04:34:30.8693939Z   fetch-depth: 0
classify	Checkout exact event revision	2026-09-12T04:34:30.8694940Z   repository: CN-JJB/essential-cs
classify	Checkout exact event revision	2026-09-12T04:34:30.8700536Z   token: ***
classify	Checkout exact event revision	2026-09-12T04:34:30.8701237Z   ssh-strict: true
classify	Checkout exact event revision	2026-09-12T04:34:30.8701904Z   ssh-user: git
classify	Checkout exact event revision	2026-09-12T04:34:30.8702540Z   persist-credentials: true
classify	Checkout exact event revision	2026-09-12T04:34:30.8703201Z   clean: true
classify	Checkout exact event revision	2026-09-12T04:34:30.8703889Z   sparse-checkout-cone-mode: true
classify	Checkout exact event revision	2026-09-12T04:34:30.8704690Z   fetch-tags: false
classify	Checkout exact event revision	2026-09-12T04:34:30.8705344Z   show-progress: true
classify	Checkout exact event revision	2026-09-12T04:34:30.8706089Z   lfs: false
classify	Checkout exact event revision	2026-09-12T04:34:30.8706705Z   submodules: false
classify	Checkout exact event revision	2026-09-12T04:34:30.8707809Z   set-safe-directory: true
classify	Checkout exact event revision	2026-09-12T04:34:30.8708575Z   allow-unsafe-pr-checkout: false
classify	Checkout exact event revision	2026-09-12T04:34:30.8709792Z env:
classify	Checkout exact event revision	2026-09-12T04:34:30.8710361Z   CANONICAL_IMAGE_REF: ghcr.io/cn-jjb/essential-cs/canonical
classify	Checkout exact event revision	2026-09-12T04:34:30.8711067Z   PLATFORM: linux/amd64
classify	Checkout exact event revision	2026-09-12T04:34:30.8711602Z   EVIDENCE_DIR: /tmp/canonical-publish
classify	Checkout exact event revision	2026-09-12T04:34:30.8712362Z ##[endgroup]
classify	Checkout exact event revision	2026-09-12T04:34:30.9592778Z Syncing repository: CN-JJB/essential-cs
classify	Checkout exact event revision	2026-09-12T04:34:30.9594489Z ##[group]Getting Git version info
classify	Checkout exact event revision	2026-09-12T04:34:30.9595169Z Working directory is '/home/runner/work/essential-cs/essential-cs'
classify	Checkout exact event revision	2026-09-12T04:34:30.9596205Z [command]/usr/bin/git version
classify	Checkout exact event revision	2026-09-12T04:34:30.9634358Z git version 2.55.0
classify	Checkout exact event revision	2026-09-12T04:34:30.9649710Z ##[endgroup]
classify	Checkout exact event revision	2026-09-12T04:34:30.9660602Z Temporarily overriding HOME='/home/runner/work/_temp/1efdf285-0078-42e1-966e-2cac7bb51dc8' before making global git config changes
classify	Checkout exact event revision	2026-09-12T04:34:30.9670479Z Adding repository directory to the temporary git global config as a safe directory
classify	Checkout exact event revision	2026-09-12T04:34:30.9677043Z [command]/usr/bin/git config --global --add safe.directory /home/runner/work/essential-cs/essential-cs
classify	Checkout exact event revision	2026-09-12T04:34:30.9714684Z Deleting the contents of '/home/runner/work/essential-cs/essential-cs'
classify	Checkout exact event revision	2026-09-12T04:34:30.9717763Z ##[group]Initializing the repository
classify	Checkout exact event revision	2026-09-12T04:34:30.9720463Z [command]/usr/bin/git init /home/runner/work/essential-cs/essential-cs
classify	Checkout exact event revision	2026-09-12T04:34:30.9804447Z hint: Using 'master' as the name for the initial branch. This default branch name
classify	Checkout exact event revision	2026-09-12T04:34:30.9806083Z hint: will change to "main" in Git 3.0. To configure the initial branch name
classify	Checkout exact event revision	2026-09-12T04:34:30.9829941Z hint: to use in all of your new repositories, which will suppress this warning,
classify	Checkout exact event revision	2026-09-12T04:34:30.9843135Z hint: call:
classify	Checkout exact event revision	2026-09-12T04:34:30.9844048Z hint:
classify	Checkout exact event revision	2026-09-12T04:34:30.9845090Z hint: 	git config --global init.defaultBranch <name>
classify	Checkout exact event revision	2026-09-12T04:34:30.9846171Z hint:
classify	Checkout exact event revision	2026-09-12T04:34:30.9847520Z hint: Names commonly chosen instead of 'master' are 'main', 'trunk' and
classify	Checkout exact event revision	2026-09-12T04:34:30.9848950Z hint: 'development'. The just-created branch can be renamed via this command:
classify	Checkout exact event revision	2026-09-12T04:34:30.9850363Z hint:
classify	Checkout exact event revision	2026-09-12T04:34:30.9851124Z hint: 	git branch -m <name>
classify	Checkout exact event revision	2026-09-12T04:34:30.9852026Z hint:
classify	Checkout exact event revision	2026-09-12T04:34:30.9853046Z hint: Disable this message with "git config set advice.defaultBranchName false"
classify	Checkout exact event revision	2026-09-12T04:34:30.9854826Z Initialized empty Git repository in /home/runner/work/essential-cs/essential-cs/.git/
classify	Checkout exact event revision	2026-09-12T04:34:30.9858155Z [command]/usr/bin/git remote add origin https://github.com/CN-JJB/essential-cs
classify	Checkout exact event revision	2026-09-12T04:34:30.9860838Z ##[endgroup]
classify	Checkout exact event revision	2026-09-12T04:34:30.9861624Z ##[group]Disabling automatic garbage collection
classify	Checkout exact event revision	2026-09-12T04:34:30.9862270Z [command]/usr/bin/git config --local gc.auto 0
classify	Checkout exact event revision	2026-09-12T04:34:30.9882438Z ##[endgroup]
classify	Checkout exact event revision	2026-09-12T04:34:30.9883369Z ##[group]Setting up auth
classify	Checkout exact event revision	2026-09-12T04:34:30.9888177Z [command]/usr/bin/git config --local --name-only --get-regexp core\.sshCommand
classify	Checkout exact event revision	2026-09-12T04:34:30.9913971Z [command]/usr/bin/git submodule foreach --recursive sh -c "git config --local --name-only --get-regexp 'core\.sshCommand' && git config --local --unset-all 'core.sshCommand' || :"
classify	Checkout exact event revision	2026-09-12T04:34:31.0228510Z [command]/usr/bin/git config --local --name-only --get-regexp http\.https\:\/\/github\.com\/\.extraheader
classify	Checkout exact event revision	2026-09-12T04:34:31.0254449Z [command]/usr/bin/git submodule foreach --recursive sh -c "git config --local --name-only --get-regexp 'http\.https\:\/\/github\.com\/\.extraheader' && git config --local --unset-all 'http.https://github.com/.extraheader' || :"
classify	Checkout exact event revision	2026-09-12T04:34:31.0425249Z [command]/usr/bin/git config --local --name-only --get-regexp ^includeIf\.gitdir:
classify	Checkout exact event revision	2026-09-12T04:34:31.0451275Z [command]/usr/bin/git submodule foreach --recursive git config --local --show-origin --name-only --get-regexp remote.origin.url
classify	Checkout exact event revision	2026-09-12T04:34:31.0608475Z [command]/usr/bin/git config --local http.https://github.com/.extraheader AUTHORIZATION: basic ***
classify	Checkout exact event revision	2026-09-12T04:34:31.0635412Z ##[endgroup]
classify	Checkout exact event revision	2026-09-12T04:34:31.0636553Z ##[group]Fetching the repository
classify	Checkout exact event revision	2026-09-12T04:34:31.0644145Z [command]/usr/bin/git -c protocol.version=2 fetch --prune --no-recurse-submodules origin +refs/heads/*:refs/remotes/origin/* +refs/tags/*:refs/tags/*
classify	Checkout exact event revision	2026-09-12T04:34:31.8432788Z From https://github.com/CN-JJB/essential-cs
classify	Checkout exact event revision	2026-09-12T04:34:31.8436332Z  * [new branch]      architecture/issue-36-build-first -> origin/architecture/issue-36-build-first
classify	Checkout exact event revision	2026-09-12T04:34:31.8440311Z  * [new branch]      audit/issue-140-post-v09-v10-gap-plan -> origin/audit/issue-140-post-v09-v10-gap-plan
classify	Checkout exact event revision	2026-09-12T04:34:31.8444604Z  * [new branch]      audit/issue-2-external-curriculum-v0.1 -> origin/audit/issue-2-external-curriculum-v0.1
classify	Checkout exact event revision	2026-09-12T04:34:31.8448010Z  * [new branch]      blueprint/issue-1-core-map -> origin/blueprint/issue-1-core-map
classify	Checkout exact event revision	2026-09-12T04:34:31.8450874Z  * [new branch]      blueprint/issue-10-audit-disposition -> origin/blueprint/issue-10-audit-disposition
classify	Checkout exact event revision	2026-09-12T04:34:31.8453771Z  * [new branch]      blueprint/issue-11-mini-cloud-alignment -> origin/blueprint/issue-11-mini-cloud-alignment
classify	Checkout exact event revision	2026-09-12T04:34:31.8457122Z  * [new branch]      blueprint/issue-12-lab-source-selection -> origin/blueprint/issue-12-lab-source-selection
classify	Checkout exact event revision	2026-09-12T04:34:31.8460641Z  * [new branch]      blueprint/issue-13-competency-concepts -> origin/blueprint/issue-13-competency-concepts
classify	Checkout exact event revision	2026-09-12T04:34:31.8463689Z  * [new branch]      blueprint/issue-19-course-identity-entry -> origin/blueprint/issue-19-course-identity-entry
classify	Checkout exact event revision	2026-09-12T04:34:31.8466825Z  * [new branch]      blueprint/issue-21-assessment-tech-map -> origin/blueprint/issue-21-assessment-tech-map
classify	Checkout exact event revision	2026-09-12T04:34:31.8469968Z  * [new branch]      blueprint/issue-23-final-exit-audit -> origin/blueprint/issue-23-final-exit-audit
classify	Checkout exact event revision	2026-09-12T04:34:31.8473329Z  * [new branch]      blueprint/issue-3-mini-cloud-evolution -> origin/blueprint/issue-3-mini-cloud-evolution
classify	Checkout exact event revision	2026-09-12T04:34:31.8477854Z  * [new branch]      blueprint/issue-9-final-reconciliation -> origin/blueprint/issue-9-final-reconciliation
classify	Checkout exact event revision	2026-09-12T04:34:31.8482721Z  * [new branch]      design/issue-114-s7-m21-m24-security-judgment -> origin/design/issue-114-s7-m21-m24-security-judgment
classify	Checkout exact event revision	2026-09-12T04:34:31.8486696Z  * [new branch]      design/issue-50-m05-m09-runtime-os-persistence -> origin/design/issue-50-m05-m09-runtime-os-persistence
classify	Checkout exact event revision	2026-09-12T04:34:31.8490851Z  * [new branch]      design/issue-71-m10-m12-network-web-browser -> origin/design/issue-71-m10-m12-network-web-browser
classify	Checkout exact event revision	2026-09-12T04:34:31.8493919Z  * [new branch]      design/issue-86-m13-m15-data-concurrency -> origin/design/issue-86-m13-m15-data-concurrency
classify	Checkout exact event revision	2026-09-12T04:34:31.8496905Z  * [new branch]      design/issue-99-m16-m20-distributed-infra -> origin/design/issue-99-m16-m20-distributed-infra
classify	Checkout exact event revision	2026-09-12T04:34:31.8499932Z  * [new branch]      governance/issue-88-issue-pr-handoff -> origin/governance/issue-88-issue-pr-handoff
classify	Checkout exact event revision	2026-09-12T04:34:31.8502695Z  * [new branch]      governance/role-specific-agent-guides -> origin/governance/role-specific-agent-guides
classify	Checkout exact event revision	2026-09-12T04:34:31.8505393Z  * [new branch]      impl/issue-101-s6-b1-m16-rpc -> origin/impl/issue-101-s6-b1-m16-rpc
classify	Checkout exact event revision	2026-09-12T04:34:31.8508529Z  * [new branch]      impl/issue-103-s6-b2-m17-replication-consensus -> origin/impl/issue-103-s6-b2-m17-replication-consensus
classify	Checkout exact event revision	2026-09-12T04:34:31.8512938Z  * [new branch]      impl/issue-105-s6-b3-m18-coordination -> origin/impl/issue-105-s6-b3-m18-coordination
classify	Checkout exact event revision	2026-09-12T04:34:31.8517748Z  * [new branch]      impl/issue-107-s6-b4-m19-infrastructure -> origin/impl/issue-107-s6-b4-m19-infrastructure
classify	Checkout exact event revision	2026-09-12T04:34:31.8522205Z  * [new branch]      impl/issue-110-s6-b5-m20-observability -> origin/impl/issue-110-s6-b5-m20-observability
classify	Checkout exact event revision	2026-09-12T04:34:31.8526360Z  * [new branch]      impl/issue-116-s7-b1-m21-trust-crypto -> origin/impl/issue-116-s7-b1-m21-trust-crypto
classify	Checkout exact event revision	2026-09-12T04:34:31.8529602Z  * [new branch]      impl/issue-119-s7-b2-m22-auth-composition -> origin/impl/issue-119-s7-b2-m22-auth-composition
classify	Checkout exact event revision	2026-09-12T04:34:31.8532785Z  * [new branch]      impl/issue-121-s7-b3-m23-systems-judgment -> origin/impl/issue-121-s7-b3-m23-systems-judgment
classify	Checkout exact event revision	2026-09-12T04:34:31.8536074Z  * [new branch]      impl/issue-123-s7-b4-m24-final-system-defense -> origin/impl/issue-123-s7-b4-m24-final-system-defense
classify	Checkout exact event revision	2026-09-12T04:34:31.8539220Z  * [new branch]      impl/issue-90-m13-sqlite-exp02 -> origin/impl/issue-90-m13-sqlite-exp02
classify	Checkout exact event revision	2026-09-12T04:34:31.8542003Z  * [new branch]      impl/issue-93-m14-transactions-lab-req-05 -> origin/impl/issue-93-m14-transactions-lab-req-05
classify	Checkout exact event revision	2026-09-12T04:34:31.8545043Z  * [new branch]      impl/issue-95-m15-concurrency-lab-req-03 -> origin/impl/issue-95-m15-concurrency-lab-req-03
classify	Checkout exact event revision	2026-09-12T04:34:31.8548662Z  * [new branch]      implementation/durable-canonical-environment-pin-v0.1 -> origin/implementation/durable-canonical-environment-pin-v0.1
classify	Checkout exact event revision	2026-09-12T04:34:31.8552648Z  * [new branch]      implementation/issue-145-stable-environment-ci-v0.1 -> origin/implementation/issue-145-stable-environment-ci-v0.1
classify	Checkout exact event revision	2026-09-12T04:34:31.8558011Z  * [new branch]      implementation/issue-38-m02-computation-complexity -> origin/implementation/issue-38-m02-computation-complexity
classify	Checkout exact event revision	2026-09-12T04:34:31.8562872Z  * [new branch]      implementation/issue-41-m03-machine-isa-execution -> origin/implementation/issue-41-m03-machine-isa-execution
classify	Checkout exact event revision	2026-09-12T04:34:31.8567642Z  * [new branch]      implementation/issue-44-m04-memory-locality-measurement -> origin/implementation/issue-44-m04-memory-locality-measurement
classify	Checkout exact event revision	2026-09-12T04:34:31.8571833Z  * [new branch]      implementation/issue-53-m05-languages-runtime-compiler -> origin/implementation/issue-53-m05-languages-runtime-compiler
classify	Checkout exact event revision	2026-09-12T04:34:31.8577837Z  * [new branch]      implementation/issue-56-m06-processes-syscalls-lab-req-02 -> origin/implementation/issue-56-m06-processes-syscalls-lab-req-02
classify	Checkout exact event revision	2026-09-12T04:34:31.8583629Z  * [new branch]      implementation/issue-59-m07-virtual-memory-isolation -> origin/implementation/issue-59-m07-virtual-memory-isolation
classify	Checkout exact event revision	2026-09-12T04:34:31.8588516Z  * [new branch]      implementation/issue-62-m08-files-filesystems-io -> origin/implementation/issue-62-m08-files-filesystems-io
classify	Checkout exact event revision	2026-09-12T04:34:31.8593181Z  * [new branch]      implementation/issue-65-m09-storage-engine-durable-storage -> origin/implementation/issue-65-m09-storage-engine-durable-storage
classify	Checkout exact event revision	2026-09-12T04:34:31.8597128Z  * [new branch]      implementation/issue-74-m10-networking-ip-dns-transport -> origin/implementation/issue-74-m10-networking-ip-dns-transport
classify	Checkout exact event revision	2026-09-12T04:34:31.8601203Z  * [new branch]      implementation/issue-77-m11-tls-http-caching-lab-req-01 -> origin/implementation/issue-77-m11-tls-http-caching-lab-req-01
classify	Checkout exact event revision	2026-09-12T04:34:31.8604750Z  * [new branch]      implementation/issue-80-m12-web-browser-exp-03 -> origin/implementation/issue-80-m12-web-browser-exp-03
classify	Checkout exact event revision	2026-09-12T04:34:31.8607785Z  * [new branch]      lead-smoke/pr-66-m09    -> origin/lead-smoke/pr-66-m09
classify	Checkout exact event revision	2026-09-12T04:34:31.8610387Z  * [new branch]      lead-smoke/pr-66-m09-v2 -> origin/lead-smoke/pr-66-m09-v2
classify	Checkout exact event revision	2026-09-12T04:34:31.8613565Z  * [new branch]      lead-smoke/pr-78-m11    -> origin/lead-smoke/pr-78-m11
classify	Checkout exact event revision	2026-09-12T04:34:31.8615996Z  * [new branch]      lead-smoke/pr-78-m11-final -> origin/lead-smoke/pr-78-m11-final
classify	Checkout exact event revision	2026-09-12T04:34:31.8618248Z  * [new branch]      lead-smoke/pr-78-m11-v2 -> origin/lead-smoke/pr-78-m11-v2
classify	Checkout exact event revision	2026-09-12T04:34:31.8620391Z  * [new branch]      lead-smoke/pr-81-m12-final -> origin/lead-smoke/pr-81-m12-final
classify	Checkout exact event revision	2026-09-12T04:34:31.8622189Z  * [new branch]      main                    -> origin/main
classify	Checkout exact event revision	2026-09-12T04:34:31.8624276Z  * [new branch]      repair/issue-125-m22-layer56-report-key -> origin/repair/issue-125-m22-layer56-report-key
classify	Checkout exact event revision	2026-09-12T04:34:31.8627293Z  * [new branch]      repair/issue-127-pre-v09-known-regressions -> origin/repair/issue-127-pre-v09-known-regressions
classify	Checkout exact event revision	2026-09-12T04:34:31.8630207Z  * [new branch]      repair/issue-131-v09-smoke-license-gates -> origin/repair/issue-131-v09-smoke-license-gates
classify	Checkout exact event revision	2026-09-12T04:34:31.8633116Z  * [new branch]      repair/issue-135-lab-req-02-executable-bits -> origin/repair/issue-135-lab-req-02-executable-bits
classify	Checkout exact event revision	2026-09-12T04:34:31.8636078Z  * [new branch]      repair/issue-149-qemu-ci-false-green-v0.1 -> origin/repair/issue-149-qemu-ci-false-green-v0.1
classify	Checkout exact event revision	2026-09-12T04:34:31.8639257Z  * [new branch]      research/issue-112-s7-m21-m24-security-judgment -> origin/research/issue-112-s7-m21-m24-security-judgment
classify	Checkout exact event revision	2026-09-12T04:34:31.8642730Z  * [new branch]      research/issue-143-stable-environment-pin-decision-packet -> origin/research/issue-143-stable-environment-pin-decision-packet
classify	Checkout exact event revision	2026-09-12T04:34:31.8645997Z  * [new branch]      research/issue-4-classic-labs-sources -> origin/research/issue-4-classic-labs-sources
classify	Checkout exact event revision	2026-09-12T04:34:31.8649137Z  * [new branch]      research/issue-47-m05-m09-runtime-os-persistence -> origin/research/issue-47-m05-m09-runtime-os-persistence
classify	Checkout exact event revision	2026-09-12T04:34:31.8652290Z  * [new branch]      research/issue-68-m10-m12-network-web-browser -> origin/research/issue-68-m10-m12-network-web-browser
classify	Checkout exact event revision	2026-09-12T04:34:31.8655349Z  * [new branch]      research/issue-83-m13-m15-data-concurrency -> origin/research/issue-83-m13-m15-data-concurrency
classify	Checkout exact event revision	2026-09-12T04:34:31.8658513Z  * [new branch]      research/issue-97-m16-m20-distributed-infra -> origin/research/issue-97-m16-m20-distributed-infra
classify	Checkout exact event revision	2026-09-12T04:34:31.8661195Z  * [new branch]      status/advance-production-to-m08 -> origin/status/advance-production-to-m08
classify	Checkout exact event revision	2026-09-12T04:34:31.8663642Z  * [new branch]      status/advance-production-to-m09 -> origin/status/advance-production-to-m09
classify	Checkout exact event revision	2026-09-12T04:34:31.8666314Z  * [new branch]      status/record-m09-and-advance-to-s4-research -> origin/status/record-m09-and-advance-to-s4-research
classify	Checkout exact event revision	2026-09-12T04:34:31.8669236Z  * [new branch]      status/record-m10-and-advance-to-m11 -> origin/status/record-m10-and-advance-to-m11
classify	Checkout exact event revision	2026-09-12T04:34:31.8671840Z  * [new branch]      status/record-m11-and-advance-to-m12 -> origin/status/record-m11-and-advance-to-m12
classify	Checkout exact event revision	2026-09-12T04:34:31.8674602Z  * [new branch]      status/record-m12-and-advance-to-s5-research -> origin/status/record-m12-and-advance-to-s5-research
classify	Checkout exact event revision	2026-09-12T04:34:31.8677686Z  * [new branch]      status/record-s4-design-and-advance-to-m10 -> origin/status/record-s4-design-and-advance-to-m10
classify	Checkout exact event revision	2026-09-12T04:34:31.8680778Z  * [new branch]      status/record-s4-research-and-advance-to-design -> origin/status/record-s4-research-and-advance-to-design
classify	Checkout exact event revision	2026-09-12T04:34:31.8683981Z  * [new branch]      status/record-s5-research-and-advance-to-design -> origin/status/record-s5-research-and-advance-to-design
classify	Checkout exact event revision	2026-09-12T04:34:31.8686915Z  * [new branch]      validation/issue-34-m00-m01-first-pilot -> origin/validation/issue-34-m00-m01-first-pilot
classify	Checkout exact event revision	2026-09-12T04:34:31.8689980Z  * [new branch]      verification/issue-129-full-core-v09-rc-readiness -> origin/verification/issue-129-full-core-v09-rc-readiness
classify	Checkout exact event revision	2026-09-12T04:34:31.8693094Z  * [new branch]      verification/issue-133-v09-rc-readiness-reverify -> origin/verification/issue-133-v09-rc-readiness-reverify
classify	Checkout exact event revision	2026-09-12T04:34:31.8696388Z  * [new branch]      verification/issue-137-lab-req-02-direct-invocation -> origin/verification/issue-137-lab-req-02-direct-invocation
classify	Checkout exact event revision	2026-09-12T04:34:31.8699977Z  * [new branch]      verification/issue-147-stable-environment-ci-independent -> origin/verification/issue-147-stable-environment-ci-independent
classify	Checkout exact event revision	2026-09-12T04:34:31.8702975Z  * [new branch]      verification/issue-31-m00-m01-gate -> origin/verification/issue-31-m00-m01-gate
classify	Checkout exact event revision	2026-09-12T04:34:31.8706121Z  * [new branch]      vertical-slice/issue-25-foundations-system-mechanics-research -> origin/vertical-slice/issue-25-foundations-system-mechanics-research
classify	Checkout exact event revision	2026-09-12T04:34:31.8710061Z  * [new branch]      vertical-slice/issue-27-foundations-system-mechanics-design -> origin/vertical-slice/issue-27-foundations-system-mechanics-design
classify	Checkout exact event revision	2026-09-12T04:34:31.8713470Z  * [new branch]      vertical-slice/issue-29-m00-m01-lesson-activity -> origin/vertical-slice/issue-29-m00-m01-lesson-activity
classify	Checkout exact event revision	2026-09-12T04:34:31.8715947Z  * [new branch]      web-lead/post-pr30-status -> origin/web-lead/post-pr30-status
classify	Checkout exact event revision	2026-09-12T04:34:31.8718069Z  * [new branch]      web-lead/post-pr33-status -> origin/web-lead/post-pr33-status
classify	Checkout exact event revision	2026-09-12T04:34:31.8720087Z  * [new branch]      web-lead/post-pr39-status -> origin/web-lead/post-pr39-status
classify	Checkout exact event revision	2026-09-12T04:34:31.8722091Z  * [new branch]      web-lead/post-pr42-issue-first -> origin/web-lead/post-pr42-issue-first
classify	Checkout exact event revision	2026-09-12T04:34:31.8724206Z  * [new branch]      web-lead/post-pr45-status -> origin/web-lead/post-pr45-status
classify	Checkout exact event revision	2026-09-12T04:34:31.8726127Z  * [new branch]      web-lead/post-pr48-status -> origin/web-lead/post-pr48-status
classify	Checkout exact event revision	2026-09-12T04:34:31.8728192Z  * [new branch]      web-lead/post-pr51-status -> origin/web-lead/post-pr51-status
classify	Checkout exact event revision	2026-09-12T04:34:31.8730117Z  * [new branch]      web-lead/post-pr54-status -> origin/web-lead/post-pr54-status
classify	Checkout exact event revision	2026-09-12T04:34:31.8731977Z  * [new branch]      web-lead/post-pr57-status -> origin/web-lead/post-pr57-status
classify	Checkout exact event revision	2026-09-12T04:34:31.8733612Z  * [new tag]         v0.9                    -> v0.9
classify	Checkout exact event revision	2026-09-12T04:34:31.8736964Z [command]/usr/bin/git rev-parse --verify --quiet 25804b02cdd89bc3e2ff386aaf60f7c0b41b9032^{object}
classify	Checkout exact event revision	2026-09-12T04:34:31.8739081Z 25804b02cdd89bc3e2ff386aaf60f7c0b41b9032
classify	Checkout exact event revision	2026-09-12T04:34:31.8741916Z ##[endgroup]
classify	Checkout exact event revision	2026-09-12T04:34:31.8743357Z ##[group]Determining the checkout info
classify	Checkout exact event revision	2026-09-12T04:34:31.8745001Z ##[endgroup]
classify	Checkout exact event revision	2026-09-12T04:34:31.8745947Z [command]/usr/bin/git sparse-checkout disable
classify	Checkout exact event revision	2026-09-12T04:34:31.8748755Z [command]/usr/bin/git config --local --unset-all extensions.worktreeConfig
classify	Checkout exact event revision	2026-09-12T04:34:31.8751915Z ##[group]Checking out the ref
classify	Checkout exact event revision	2026-09-12T04:34:31.8753436Z [command]/usr/bin/git checkout --progress --force 25804b02cdd89bc3e2ff386aaf60f7c0b41b9032
classify	Checkout exact event revision	2026-09-12T04:34:31.8961453Z Note: switching to '25804b02cdd89bc3e2ff386aaf60f7c0b41b9032'.
classify	Checkout exact event revision	2026-09-12T04:34:31.8962597Z 
classify	Checkout exact event revision	2026-09-12T04:34:31.8963562Z You are in 'detached HEAD' state. You can look around, make experimental
classify	Checkout exact event revision	2026-09-12T04:34:31.8965761Z changes and commit them, and you can discard any commits you make in this
classify	Checkout exact event revision	2026-09-12T04:34:31.8968511Z state without impacting any branches by switching back to a branch.
classify	Checkout exact event revision	2026-09-12T04:34:31.8970087Z 
classify	Checkout exact event revision	2026-09-12T04:34:31.8971162Z If you want to create a new branch to retain commits you create, you may
classify	Checkout exact event revision	2026-09-12T04:34:31.8973444Z do so (now or later) by using -c with the switch command. Example:
classify	Checkout exact event revision	2026-09-12T04:34:31.8974737Z 
classify	Checkout exact event revision	2026-09-12T04:34:31.8975363Z   git switch -c <new-branch-name>
classify	Checkout exact event revision	2026-09-12T04:34:31.8976361Z 
classify	Checkout exact event revision	2026-09-12T04:34:31.8976923Z Or undo this operation with:
classify	Checkout exact event revision	2026-09-12T04:34:31.8977988Z 
classify	Checkout exact event revision	2026-09-12T04:34:31.8978806Z   git switch -
classify	Checkout exact event revision	2026-09-12T04:34:31.8979523Z 
classify	Checkout exact event revision	2026-09-12T04:34:31.8980321Z Turn off this advice by setting config variable advice.detachedHead to false
classify	Checkout exact event revision	2026-09-12T04:34:31.8981509Z 
classify	Checkout exact event revision	2026-09-12T04:34:31.8982538Z HEAD is now at 25804b0 feat(env): publish durable canonical image and pin it by immutable digest (#150)
classify	Checkout exact event revision	2026-09-12T04:34:31.8986865Z ##[endgroup]
classify	Checkout exact event revision	2026-09-12T04:34:31.9002026Z [command]/usr/bin/git log -1 --format=%H
classify	Checkout exact event revision	2026-09-12T04:34:31.9022677Z 25804b02cdd89bc3e2ff386aaf60f7c0b41b9032
classify	Classify run — push may publish only while the committed pin is the sentinel	﻿2026-09-12T04:34:31.9235962Z ##[group]Run set -ueo pipefail
classify	Classify run — push may publish only while the committed pin is the sentinel	2026-09-12T04:34:31.9237619Z ^[[36;1mset -ueo pipefail^[[0m
classify	Classify run — push may publish only while the committed pin is the sentinel	2026-09-12T04:34:31.9238749Z ^[[36;1mif [ 'push' = 'workflow_dispatch' ]; then^[[0m
classify	Classify run — push may publish only while the committed pin is the sentinel	2026-09-12T04:34:31.9239893Z ^[[36;1m  mode=''^[[0m
classify	Classify run — push may publish only while the committed pin is the sentinel	2026-09-12T04:34:31.9240827Z ^[[36;1melse^[[0m
classify	Classify run — push may publish only while the committed pin is the sentinel	2026-09-12T04:34:31.9242160Z ^[[36;1m  digest="$(sed -n 's/^CANONICAL_IMAGE_DIGEST=//p' .devcontainer/canonical-image.env)"^[[0m
classify	Classify run — push may publish only while the committed pin is the sentinel	2026-09-12T04:34:31.9243974Z ^[[36;1m  if printf '%s' "${digest}" | grep -q '^sha256:0\{64\}$'; then^[[0m
classify	Classify run — push may publish only while the committed pin is the sentinel	2026-09-12T04:34:31.9245315Z ^[[36;1m    mode=publish-bootstrap^[[0m
classify	Classify run — push may publish only while the committed pin is the sentinel	2026-09-12T04:34:31.9246993Z ^[[36;1m    echo "Push observed an unpublished sentinel pin: this is the one-shot bootstrap publication."^[[0m
classify	Classify run — push may publish only while the committed pin is the sentinel	2026-09-12T04:34:31.9249071Z ^[[36;1m  else^[[0m
classify	Classify run — push may publish only while the committed pin is the sentinel	2026-09-12T04:34:31.9249964Z ^[[36;1m    mode=verify-pin^[[0m
classify	Classify run — push may publish only while the committed pin is the sentinel	2026-09-12T04:34:31.9251724Z ^[[36;1m    echo "Push observed a committed digest pin (${digest}): verify only. A push can never publish or move the pin."^[[0m
classify	Classify run — push may publish only while the committed pin is the sentinel	2026-09-12T04:34:31.9253599Z ^[[36;1m  fi^[[0m
classify	Classify run — push may publish only while the committed pin is the sentinel	2026-09-12T04:34:31.9254529Z ^[[36;1mfi^[[0m
classify	Classify run — push may publish only while the committed pin is the sentinel	2026-09-12T04:34:31.9255405Z ^[[36;1mcase "${mode}" in^[[0m
classify	Classify run — push may publish only while the committed pin is the sentinel	2026-09-12T04:34:31.9256584Z ^[[36;1m  publish-bootstrap|publish-candidate|verify-pin) ;;^[[0m
classify	Classify run — push may publish only while the committed pin is the sentinel	2026-09-12T04:34:31.9258278Z ^[[36;1m  *) echo "FAIL: unknown mode '${mode}'"; exit 1 ;;^[[0m
classify	Classify run — push may publish only while the committed pin is the sentinel	2026-09-12T04:34:31.9259483Z ^[[36;1mesac^[[0m
classify	Classify run — push may publish only while the committed pin is the sentinel	2026-09-12T04:34:31.9260469Z ^[[36;1mecho "mode=${mode}" >> "${GITHUB_OUTPUT}"^[[0m
classify	Classify run — push may publish only while the committed pin is the sentinel	2026-09-12T04:34:31.9261696Z ^[[36;1mecho "CLASSIFIED_MODE=${mode}"^[[0m
classify	Classify run — push may publish only while the committed pin is the sentinel	2026-09-12T04:34:31.9288053Z shell: /usr/bin/bash -e {0}
classify	Classify run — push may publish only while the committed pin is the sentinel	2026-09-12T04:34:31.9289151Z env:
classify	Classify run — push may publish only while the committed pin is the sentinel	2026-09-12T04:34:31.9290236Z   CANONICAL_IMAGE_REF: ghcr.io/cn-jjb/essential-cs/canonical
classify	Classify run — push may publish only while the committed pin is the sentinel	2026-09-12T04:34:31.9291542Z   PLATFORM: linux/amd64
classify	Classify run — push may publish only while the committed pin is the sentinel	2026-09-12T04:34:31.9292523Z   EVIDENCE_DIR: /tmp/canonical-publish
classify	Classify run — push may publish only while the committed pin is the sentinel	2026-09-12T04:34:31.9293591Z ##[endgroup]
classify	Classify run — push may publish only while the committed pin is the sentinel	2026-09-12T04:34:31.9385849Z Push observed an unpublished sentinel pin: this is the one-shot bootstrap publication.
classify	Classify run — push may publish only while the committed pin is the sentinel	2026-09-12T04:34:31.9388276Z CLASSIFIED_MODE=publish-bootstrap
classify	Post Checkout exact event revision	﻿2026-09-12T04:34:31.9606565Z Node 20 is being deprecated. This workflow is running with Node 24 by default. If you need to temporarily use Node 20, you can set the ACTIONS_ALLOW_USE_UNSECURE_NODE_VERSION=true environment variable. For more information see: https://github.blog/changelog/2025-09-19-deprecation-of-node-20-on-github-actions-runners/
classify	Post Checkout exact event revision	2026-09-12T04:34:31.9611379Z Post job cleanup.
classify	Post Checkout exact event revision	2026-09-12T04:34:32.0327911Z [command]/usr/bin/git version
classify	Post Checkout exact event revision	2026-09-12T04:34:32.0357635Z git version 2.55.0
classify	Post Checkout exact event revision	2026-09-12T04:34:32.0388160Z Temporarily overriding HOME='/home/runner/work/_temp/563dbb59-9686-48d1-bd65-66e857e026f0' before making global git config changes
classify	Post Checkout exact event revision	2026-09-12T04:34:32.0392306Z Adding repository directory to the temporary git global config as a safe directory
classify	Post Checkout exact event revision	2026-09-12T04:34:32.0395978Z [command]/usr/bin/git config --global --add safe.directory /home/runner/work/essential-cs/essential-cs
classify	Post Checkout exact event revision	2026-09-12T04:34:32.0420041Z [command]/usr/bin/git config --local --name-only --get-regexp core\.sshCommand
classify	Post Checkout exact event revision	2026-09-12T04:34:32.0446621Z [command]/usr/bin/git submodule foreach --recursive sh -c "git config --local --name-only --get-regexp 'core\.sshCommand' && git config --local --unset-all 'core.sshCommand' || :"
classify	Post Checkout exact event revision	2026-09-12T04:34:32.0623373Z [command]/usr/bin/git config --local --name-only --get-regexp http\.https\:\/\/github\.com\/\.extraheader
classify	Post Checkout exact event revision	2026-09-12T04:34:32.0644124Z http.https://github.com/.extraheader
classify	Post Checkout exact event revision	2026-09-12T04:34:32.0653617Z [command]/usr/bin/git config --local --unset-all http.https://github.com/.extraheader
classify	Post Checkout exact event revision	2026-09-12T04:34:32.0678275Z [command]/usr/bin/git submodule foreach --recursive sh -c "git config --local --name-only --get-regexp 'http\.https\:\/\/github\.com\/\.extraheader' && git config --local --unset-all 'http.https://github.com/.extraheader' || :"
classify	Post Checkout exact event revision	2026-09-12T04:34:32.0857380Z [command]/usr/bin/git config --local --name-only --get-regexp ^includeIf\.gitdir:
classify	Post Checkout exact event revision	2026-09-12T04:34:32.0919914Z [command]/usr/bin/git submodule foreach --recursive git config --local --show-origin --name-only --get-regexp remote.origin.url
classify	Complete job	﻿2026-09-12T04:34:32.1223841Z Evaluate and set job outputs
classify	Complete job	2026-09-12T04:34:32.1233577Z Set output 'mode'
classify	Complete job	2026-09-12T04:34:32.1236653Z Cleaning up orphan processes
classify	Complete job	2026-09-12T04:34:32.1538186Z ##[warning]Node.js 20 is deprecated. The following actions target Node.js 20 but are being forced to run on Node.js 24: actions/checkout@v4. For more information see: https://github.blog/changelog/2025-09-19-deprecation-of-node-20-on-github-actions-runners/
publish-candidate	Set up job	﻿2026-09-12T04:34:36.7516551Z Current runner version: '2.337.0'
publish-candidate	Set up job	2026-09-12T04:34:36.7541958Z ##[group]Runner Image Provisioner
publish-candidate	Set up job	2026-09-12T04:34:36.7542916Z Hosted Compute Agent
publish-candidate	Set up job	2026-09-12T04:34:36.7543474Z Version: 20260828.587
publish-candidate	Set up job	2026-09-12T04:34:36.7544181Z Commit: abac92662cab4cc7352de4f9f9d2e2419aad9c29
publish-candidate	Set up job	2026-09-12T04:34:36.7544887Z Build Date: 2026-08-28T16:44:25Z
publish-candidate	Set up job	2026-09-12T04:34:36.7545538Z Worker ID: {1b689df8-65cc-4c64-ace8-0d8e5fd5fb9a}
publish-candidate	Set up job	2026-09-12T04:34:36.7546240Z Azure Region: westcentralus
publish-candidate	Set up job	2026-09-12T04:34:36.7546841Z ##[endgroup]
publish-candidate	Set up job	2026-09-12T04:34:36.7548548Z ##[group]Operating System
publish-candidate	Set up job	2026-09-12T04:34:36.7549193Z Ubuntu
publish-candidate	Set up job	2026-09-12T04:34:36.7549697Z 24.04.5
publish-candidate	Set up job	2026-09-12T04:34:36.7550201Z LTS
publish-candidate	Set up job	2026-09-12T04:34:36.7550706Z ##[endgroup]
publish-candidate	Set up job	2026-09-12T04:34:36.7551419Z ##[group]Runner Image
publish-candidate	Set up job	2026-09-12T04:34:36.7552200Z Image: ubuntu-24.04
publish-candidate	Set up job	2026-09-12T04:34:36.7552787Z Version: 20260907.300.1
publish-candidate	Set up job	2026-09-12T04:34:36.7553794Z Included Software: https://github.com/actions/runner-images/blob/ubuntu24/20260907.300/images/ubuntu/Ubuntu2404-Readme.md
publish-candidate	Set up job	2026-09-12T04:34:36.7555453Z Image Release: https://github.com/actions/runner-images/releases/tag/ubuntu24%2F20260907.300
publish-candidate	Set up job	2026-09-12T04:34:36.7556390Z ##[endgroup]
publish-candidate	Set up job	2026-09-12T04:34:36.7557501Z ##[group]GITHUB_TOKEN Permissions
publish-candidate	Set up job	2026-09-12T04:34:36.7559733Z Contents: read
publish-candidate	Set up job	2026-09-12T04:34:36.7560363Z Metadata: read
publish-candidate	Set up job	2026-09-12T04:34:36.7560998Z Packages: write
publish-candidate	Set up job	2026-09-12T04:34:36.7561861Z ##[endgroup]
publish-candidate	Set up job	2026-09-12T04:34:36.7563862Z Secret source: Actions
publish-candidate	Set up job	2026-09-12T04:34:36.7564797Z Cache mode: write
publish-candidate	Set up job	2026-09-12T04:34:36.7565465Z Prepare workflow directory
publish-candidate	Set up job	2026-09-12T04:34:36.7929139Z Prepare all required actions
publish-candidate	Set up job	2026-09-12T04:34:36.7978340Z Getting action download info
publish-candidate	Set up job	2026-09-12T04:34:37.1038989Z Download action repository 'actions/checkout@v4' (SHA:11d5960a326750d5838078e36cf38b85af677262)
publish-candidate	Set up job	2026-09-12T04:34:37.2202396Z Download action repository 'actions/upload-artifact@v4' (SHA:ea165f8d65b6e75b540449e92b4886f43607fa02)
publish-candidate	Set up job	2026-09-12T04:34:37.4624577Z Complete job name: publish-candidate
publish-candidate	Checkout exact event revision	﻿2026-09-12T04:34:37.5275310Z Node 20 is being deprecated. This workflow is running with Node 24 by default. If you need to temporarily use Node 20, you can set the ACTIONS_ALLOW_USE_UNSECURE_NODE_VERSION=true environment variable. For more information see: https://github.blog/changelog/2025-09-19-deprecation-of-node-20-on-github-actions-runners/
publish-candidate	Checkout exact event revision	2026-09-12T04:34:37.5283821Z ##[group]Run actions/checkout@v4
publish-candidate	Checkout exact event revision	2026-09-12T04:34:37.5284816Z with:
publish-candidate	Checkout exact event revision	2026-09-12T04:34:37.5285395Z   ref: 25804b02cdd89bc3e2ff386aaf60f7c0b41b9032
publish-candidate	Checkout exact event revision	2026-09-12T04:34:37.5286056Z   fetch-depth: 0
publish-candidate	Checkout exact event revision	2026-09-12T04:34:37.5286601Z   repository: CN-JJB/essential-cs
publish-candidate	Checkout exact event revision	2026-09-12T04:34:37.5290207Z   token: ***
publish-candidate	Checkout exact event revision	2026-09-12T04:34:37.5290685Z   ssh-strict: true
publish-candidate	Checkout exact event revision	2026-09-12T04:34:37.5291179Z   ssh-user: git
publish-candidate	Checkout exact event revision	2026-09-12T04:34:37.5291855Z   persist-credentials: true
publish-candidate	Checkout exact event revision	2026-09-12T04:34:37.5292404Z   clean: true
publish-candidate	Checkout exact event revision	2026-09-12T04:34:37.5292925Z   sparse-checkout-cone-mode: true
publish-candidate	Checkout exact event revision	2026-09-12T04:34:37.5293530Z   fetch-tags: false
publish-candidate	Checkout exact event revision	2026-09-12T04:34:37.5294026Z   show-progress: true
publish-candidate	Checkout exact event revision	2026-09-12T04:34:37.5294649Z   lfs: false
publish-candidate	Checkout exact event revision	2026-09-12T04:34:37.5295157Z   submodules: false
publish-candidate	Checkout exact event revision	2026-09-12T04:34:37.5295672Z   set-safe-directory: true
publish-candidate	Checkout exact event revision	2026-09-12T04:34:37.5296225Z   allow-unsafe-pr-checkout: false
publish-candidate	Checkout exact event revision	2026-09-12T04:34:37.5296945Z env:
publish-candidate	Checkout exact event revision	2026-09-12T04:34:37.5297543Z   CANONICAL_IMAGE_REF: ghcr.io/cn-jjb/essential-cs/canonical
publish-candidate	Checkout exact event revision	2026-09-12T04:34:37.5298232Z   PLATFORM: linux/amd64
publish-candidate	Checkout exact event revision	2026-09-12T04:34:37.5298799Z   EVIDENCE_DIR: /tmp/canonical-publish
publish-candidate	Checkout exact event revision	2026-09-12T04:34:37.5299378Z ##[endgroup]
publish-candidate	Checkout exact event revision	2026-09-12T04:34:37.6296926Z Syncing repository: CN-JJB/essential-cs
publish-candidate	Checkout exact event revision	2026-09-12T04:34:37.6299537Z ##[group]Getting Git version info
publish-candidate	Checkout exact event revision	2026-09-12T04:34:37.6300862Z Working directory is '/home/runner/work/essential-cs/essential-cs'
publish-candidate	Checkout exact event revision	2026-09-12T04:34:37.6302897Z [command]/usr/bin/git version
publish-candidate	Checkout exact event revision	2026-09-12T04:34:37.6324877Z git version 2.55.0
publish-candidate	Checkout exact event revision	2026-09-12T04:34:37.6342539Z ##[endgroup]
publish-candidate	Checkout exact event revision	2026-09-12T04:34:37.6354082Z Temporarily overriding HOME='/home/runner/work/_temp/cf59c837-d297-4566-a758-e0ac9934789b' before making global git config changes
publish-candidate	Checkout exact event revision	2026-09-12T04:34:37.6356372Z Adding repository directory to the temporary git global config as a safe directory
publish-candidate	Checkout exact event revision	2026-09-12T04:34:37.6358394Z [command]/usr/bin/git config --global --add safe.directory /home/runner/work/essential-cs/essential-cs
publish-candidate	Checkout exact event revision	2026-09-12T04:34:37.6404757Z Deleting the contents of '/home/runner/work/essential-cs/essential-cs'
publish-candidate	Checkout exact event revision	2026-09-12T04:34:37.6407740Z ##[group]Initializing the repository
publish-candidate	Checkout exact event revision	2026-09-12T04:34:37.6425838Z [command]/usr/bin/git init /home/runner/work/essential-cs/essential-cs
publish-candidate	Checkout exact event revision	2026-09-12T04:34:37.6511803Z hint: Using 'master' as the name for the initial branch. This default branch name
publish-candidate	Checkout exact event revision	2026-09-12T04:34:37.6514225Z hint: will change to "main" in Git 3.0. To configure the initial branch name
publish-candidate	Checkout exact event revision	2026-09-12T04:34:37.6515785Z hint: to use in all of your new repositories, which will suppress this warning,
publish-candidate	Checkout exact event revision	2026-09-12T04:34:37.6516930Z hint: call:
publish-candidate	Checkout exact event revision	2026-09-12T04:34:37.6517561Z hint:
publish-candidate	Checkout exact event revision	2026-09-12T04:34:37.6518337Z hint: 	git config --global init.defaultBranch <name>
publish-candidate	Checkout exact event revision	2026-09-12T04:34:37.6519237Z hint:
publish-candidate	Checkout exact event revision	2026-09-12T04:34:37.6520308Z hint: Names commonly chosen instead of 'master' are 'main', 'trunk' and
publish-candidate	Checkout exact event revision	2026-09-12T04:34:37.6521913Z hint: 'development'. The just-created branch can be renamed via this command:
publish-candidate	Checkout exact event revision	2026-09-12T04:34:37.6522936Z hint:
publish-candidate	Checkout exact event revision	2026-09-12T04:34:37.6523479Z hint: 	git branch -m <name>
publish-candidate	Checkout exact event revision	2026-09-12T04:34:37.6524059Z hint:
publish-candidate	Checkout exact event revision	2026-09-12T04:34:37.6525100Z hint: Disable this message with "git config set advice.defaultBranchName false"
publish-candidate	Checkout exact event revision	2026-09-12T04:34:37.6526709Z Initialized empty Git repository in /home/runner/work/essential-cs/essential-cs/.git/
publish-candidate	Checkout exact event revision	2026-09-12T04:34:37.6529075Z [command]/usr/bin/git remote add origin https://github.com/CN-JJB/essential-cs
publish-candidate	Checkout exact event revision	2026-09-12T04:34:37.6570239Z ##[endgroup]
publish-candidate	Checkout exact event revision	2026-09-12T04:34:37.6571677Z ##[group]Disabling automatic garbage collection
publish-candidate	Checkout exact event revision	2026-09-12T04:34:37.6573733Z [command]/usr/bin/git config --local gc.auto 0
publish-candidate	Checkout exact event revision	2026-09-12T04:34:37.6603058Z ##[endgroup]
publish-candidate	Checkout exact event revision	2026-09-12T04:34:37.6604123Z ##[group]Setting up auth
publish-candidate	Checkout exact event revision	2026-09-12T04:34:37.6610728Z [command]/usr/bin/git config --local --name-only --get-regexp core\.sshCommand
publish-candidate	Checkout exact event revision	2026-09-12T04:34:37.6639012Z [command]/usr/bin/git submodule foreach --recursive sh -c "git config --local --name-only --get-regexp 'core\.sshCommand' && git config --local --unset-all 'core.sshCommand' || :"
publish-candidate	Checkout exact event revision	2026-09-12T04:34:37.6974068Z [command]/usr/bin/git config --local --name-only --get-regexp http\.https\:\/\/github\.com\/\.extraheader
publish-candidate	Checkout exact event revision	2026-09-12T04:34:37.7001996Z [command]/usr/bin/git submodule foreach --recursive sh -c "git config --local --name-only --get-regexp 'http\.https\:\/\/github\.com\/\.extraheader' && git config --local --unset-all 'http.https://github.com/.extraheader' || :"
publish-candidate	Checkout exact event revision	2026-09-12T04:34:37.7199475Z [command]/usr/bin/git config --local --name-only --get-regexp ^includeIf\.gitdir:
publish-candidate	Checkout exact event revision	2026-09-12T04:34:37.7227839Z [command]/usr/bin/git submodule foreach --recursive git config --local --show-origin --name-only --get-regexp remote.origin.url
publish-candidate	Checkout exact event revision	2026-09-12T04:34:37.7418459Z [command]/usr/bin/git config --local http.https://github.com/.extraheader AUTHORIZATION: basic ***
publish-candidate	Checkout exact event revision	2026-09-12T04:34:37.7576114Z ##[endgroup]
publish-candidate	Checkout exact event revision	2026-09-12T04:34:37.7577539Z ##[group]Fetching the repository
publish-candidate	Checkout exact event revision	2026-09-12T04:34:37.7586941Z [command]/usr/bin/git -c protocol.version=2 fetch --prune --no-recurse-submodules origin +refs/heads/*:refs/remotes/origin/* +refs/tags/*:refs/tags/*
publish-candidate	Checkout exact event revision	2026-09-12T04:34:38.8874332Z From https://github.com/CN-JJB/essential-cs
publish-candidate	Checkout exact event revision	2026-09-12T04:34:38.8876666Z  * [new branch]      architecture/issue-36-build-first -> origin/architecture/issue-36-build-first
publish-candidate	Checkout exact event revision	2026-09-12T04:34:38.8880846Z  * [new branch]      audit/issue-140-post-v09-v10-gap-plan -> origin/audit/issue-140-post-v09-v10-gap-plan
publish-candidate	Checkout exact event revision	2026-09-12T04:34:38.8883391Z  * [new branch]      audit/issue-2-external-curriculum-v0.1 -> origin/audit/issue-2-external-curriculum-v0.1
publish-candidate	Checkout exact event revision	2026-09-12T04:34:38.8885291Z  * [new branch]      blueprint/issue-1-core-map -> origin/blueprint/issue-1-core-map
publish-candidate	Checkout exact event revision	2026-09-12T04:34:38.8887023Z  * [new branch]      blueprint/issue-10-audit-disposition -> origin/blueprint/issue-10-audit-disposition
publish-candidate	Checkout exact event revision	2026-09-12T04:34:38.8889666Z  * [new branch]      blueprint/issue-11-mini-cloud-alignment -> origin/blueprint/issue-11-mini-cloud-alignment
publish-candidate	Checkout exact event revision	2026-09-12T04:34:38.8891926Z  * [new branch]      blueprint/issue-12-lab-source-selection -> origin/blueprint/issue-12-lab-source-selection
publish-candidate	Checkout exact event revision	2026-09-12T04:34:38.8893858Z  * [new branch]      blueprint/issue-13-competency-concepts -> origin/blueprint/issue-13-competency-concepts
publish-candidate	Checkout exact event revision	2026-09-12T04:34:38.8895909Z  * [new branch]      blueprint/issue-19-course-identity-entry -> origin/blueprint/issue-19-course-identity-entry
publish-candidate	Checkout exact event revision	2026-09-12T04:34:38.8897877Z  * [new branch]      blueprint/issue-21-assessment-tech-map -> origin/blueprint/issue-21-assessment-tech-map
publish-candidate	Checkout exact event revision	2026-09-12T04:34:38.8899918Z  * [new branch]      blueprint/issue-23-final-exit-audit -> origin/blueprint/issue-23-final-exit-audit
publish-candidate	Checkout exact event revision	2026-09-12T04:34:38.8901986Z  * [new branch]      blueprint/issue-3-mini-cloud-evolution -> origin/blueprint/issue-3-mini-cloud-evolution
publish-candidate	Checkout exact event revision	2026-09-12T04:34:38.8903845Z  * [new branch]      blueprint/issue-9-final-reconciliation -> origin/blueprint/issue-9-final-reconciliation
publish-candidate	Checkout exact event revision	2026-09-12T04:34:38.8906051Z  * [new branch]      design/issue-114-s7-m21-m24-security-judgment -> origin/design/issue-114-s7-m21-m24-security-judgment
publish-candidate	Checkout exact event revision	2026-09-12T04:34:38.8908627Z  * [new branch]      design/issue-50-m05-m09-runtime-os-persistence -> origin/design/issue-50-m05-m09-runtime-os-persistence
publish-candidate	Checkout exact event revision	2026-09-12T04:34:38.8910720Z  * [new branch]      design/issue-71-m10-m12-network-web-browser -> origin/design/issue-71-m10-m12-network-web-browser
publish-candidate	Checkout exact event revision	2026-09-12T04:34:38.8913001Z  * [new branch]      design/issue-86-m13-m15-data-concurrency -> origin/design/issue-86-m13-m15-data-concurrency
publish-candidate	Checkout exact event revision	2026-09-12T04:34:38.8915223Z  * [new branch]      design/issue-99-m16-m20-distributed-infra -> origin/design/issue-99-m16-m20-distributed-infra
publish-candidate	Checkout exact event revision	2026-09-12T04:34:38.8917495Z  * [new branch]      governance/issue-88-issue-pr-handoff -> origin/governance/issue-88-issue-pr-handoff
publish-candidate	Checkout exact event revision	2026-09-12T04:34:38.8919558Z  * [new branch]      governance/role-specific-agent-guides -> origin/governance/role-specific-agent-guides
publish-candidate	Checkout exact event revision	2026-09-12T04:34:38.8922048Z  * [new branch]      impl/issue-101-s6-b1-m16-rpc -> origin/impl/issue-101-s6-b1-m16-rpc
publish-candidate	Checkout exact event revision	2026-09-12T04:34:38.8923942Z  * [new branch]      impl/issue-103-s6-b2-m17-replication-consensus -> origin/impl/issue-103-s6-b2-m17-replication-consensus
publish-candidate	Checkout exact event revision	2026-09-12T04:34:38.8925977Z  * [new branch]      impl/issue-105-s6-b3-m18-coordination -> origin/impl/issue-105-s6-b3-m18-coordination
publish-candidate	Checkout exact event revision	2026-09-12T04:34:38.8928368Z  * [new branch]      impl/issue-107-s6-b4-m19-infrastructure -> origin/impl/issue-107-s6-b4-m19-infrastructure
publish-candidate	Checkout exact event revision	2026-09-12T04:34:38.8930294Z  * [new branch]      impl/issue-110-s6-b5-m20-observability -> origin/impl/issue-110-s6-b5-m20-observability
publish-candidate	Checkout exact event revision	2026-09-12T04:34:38.8932601Z  * [new branch]      impl/issue-116-s7-b1-m21-trust-crypto -> origin/impl/issue-116-s7-b1-m21-trust-crypto
publish-candidate	Checkout exact event revision	2026-09-12T04:34:38.8935180Z  * [new branch]      impl/issue-119-s7-b2-m22-auth-composition -> origin/impl/issue-119-s7-b2-m22-auth-composition
publish-candidate	Checkout exact event revision	2026-09-12T04:34:38.8937217Z  * [new branch]      impl/issue-121-s7-b3-m23-systems-judgment -> origin/impl/issue-121-s7-b3-m23-systems-judgment
publish-candidate	Checkout exact event revision	2026-09-12T04:34:38.8939356Z  * [new branch]      impl/issue-123-s7-b4-m24-final-system-defense -> origin/impl/issue-123-s7-b4-m24-final-system-defense
publish-candidate	Checkout exact event revision	2026-09-12T04:34:38.8941479Z  * [new branch]      impl/issue-90-m13-sqlite-exp02 -> origin/impl/issue-90-m13-sqlite-exp02
publish-candidate	Checkout exact event revision	2026-09-12T04:34:38.8943308Z  * [new branch]      impl/issue-93-m14-transactions-lab-req-05 -> origin/impl/issue-93-m14-transactions-lab-req-05
publish-candidate	Checkout exact event revision	2026-09-12T04:34:38.8945319Z  * [new branch]      impl/issue-95-m15-concurrency-lab-req-03 -> origin/impl/issue-95-m15-concurrency-lab-req-03
publish-candidate	Checkout exact event revision	2026-09-12T04:34:38.8947605Z  * [new branch]      implementation/durable-canonical-environment-pin-v0.1 -> origin/implementation/durable-canonical-environment-pin-v0.1
publish-candidate	Checkout exact event revision	2026-09-12T04:34:38.8950057Z  * [new branch]      implementation/issue-145-stable-environment-ci-v0.1 -> origin/implementation/issue-145-stable-environment-ci-v0.1
publish-candidate	Checkout exact event revision	2026-09-12T04:34:38.8953113Z  * [new branch]      implementation/issue-38-m02-computation-complexity -> origin/implementation/issue-38-m02-computation-complexity
publish-candidate	Checkout exact event revision	2026-09-12T04:34:38.8955433Z  * [new branch]      implementation/issue-41-m03-machine-isa-execution -> origin/implementation/issue-41-m03-machine-isa-execution
publish-candidate	Checkout exact event revision	2026-09-12T04:34:38.8958173Z  * [new branch]      implementation/issue-44-m04-memory-locality-measurement -> origin/implementation/issue-44-m04-memory-locality-measurement
publish-candidate	Checkout exact event revision	2026-09-12T04:34:38.8960924Z  * [new branch]      implementation/issue-53-m05-languages-runtime-compiler -> origin/implementation/issue-53-m05-languages-runtime-compiler
publish-candidate	Checkout exact event revision	2026-09-12T04:34:38.8964042Z  * [new branch]      implementation/issue-56-m06-processes-syscalls-lab-req-02 -> origin/implementation/issue-56-m06-processes-syscalls-lab-req-02
publish-candidate	Checkout exact event revision	2026-09-12T04:34:38.8966529Z  * [new branch]      implementation/issue-59-m07-virtual-memory-isolation -> origin/implementation/issue-59-m07-virtual-memory-isolation
publish-candidate	Checkout exact event revision	2026-09-12T04:34:38.8968796Z  * [new branch]      implementation/issue-62-m08-files-filesystems-io -> origin/implementation/issue-62-m08-files-filesystems-io
publish-candidate	Checkout exact event revision	2026-09-12T04:34:38.8972074Z  * [new branch]      implementation/issue-65-m09-storage-engine-durable-storage -> origin/implementation/issue-65-m09-storage-engine-durable-storage
publish-candidate	Checkout exact event revision	2026-09-12T04:34:38.8974705Z  * [new branch]      implementation/issue-74-m10-networking-ip-dns-transport -> origin/implementation/issue-74-m10-networking-ip-dns-transport
publish-candidate	Checkout exact event revision	2026-09-12T04:34:38.8977271Z  * [new branch]      implementation/issue-77-m11-tls-http-caching-lab-req-01 -> origin/implementation/issue-77-m11-tls-http-caching-lab-req-01
publish-candidate	Checkout exact event revision	2026-09-12T04:34:38.8979561Z  * [new branch]      implementation/issue-80-m12-web-browser-exp-03 -> origin/implementation/issue-80-m12-web-browser-exp-03
publish-candidate	Checkout exact event revision	2026-09-12T04:34:38.8981551Z  * [new branch]      lead-smoke/pr-66-m09    -> origin/lead-smoke/pr-66-m09
publish-candidate	Checkout exact event revision	2026-09-12T04:34:38.8982972Z  * [new branch]      lead-smoke/pr-66-m09-v2 -> origin/lead-smoke/pr-66-m09-v2
publish-candidate	Checkout exact event revision	2026-09-12T04:34:38.8984985Z  * [new branch]      lead-smoke/pr-78-m11    -> origin/lead-smoke/pr-78-m11
publish-candidate	Checkout exact event revision	2026-09-12T04:34:38.8986419Z  * [new branch]      lead-smoke/pr-78-m11-final -> origin/lead-smoke/pr-78-m11-final
publish-candidate	Checkout exact event revision	2026-09-12T04:34:38.8987797Z  * [new branch]      lead-smoke/pr-78-m11-v2 -> origin/lead-smoke/pr-78-m11-v2
publish-candidate	Checkout exact event revision	2026-09-12T04:34:38.8989139Z  * [new branch]      lead-smoke/pr-81-m12-final -> origin/lead-smoke/pr-81-m12-final
publish-candidate	Checkout exact event revision	2026-09-12T04:34:38.8990450Z  * [new branch]      main                    -> origin/main
publish-candidate	Checkout exact event revision	2026-09-12T04:34:38.8992105Z  * [new branch]      repair/issue-125-m22-layer56-report-key -> origin/repair/issue-125-m22-layer56-report-key
publish-candidate	Checkout exact event revision	2026-09-12T04:34:38.8993992Z  * [new branch]      repair/issue-127-pre-v09-known-regressions -> origin/repair/issue-127-pre-v09-known-regressions
publish-candidate	Checkout exact event revision	2026-09-12T04:34:38.8996081Z  * [new branch]      repair/issue-131-v09-smoke-license-gates -> origin/repair/issue-131-v09-smoke-license-gates
publish-candidate	Checkout exact event revision	2026-09-12T04:34:38.8997953Z  * [new branch]      repair/issue-135-lab-req-02-executable-bits -> origin/repair/issue-135-lab-req-02-executable-bits
publish-candidate	Checkout exact event revision	2026-09-12T04:34:38.9000466Z  * [new branch]      repair/issue-149-qemu-ci-false-green-v0.1 -> origin/repair/issue-149-qemu-ci-false-green-v0.1
publish-candidate	Checkout exact event revision	2026-09-12T04:34:38.9002669Z  * [new branch]      research/issue-112-s7-m21-m24-security-judgment -> origin/research/issue-112-s7-m21-m24-security-judgment
publish-candidate	Checkout exact event revision	2026-09-12T04:34:38.9005037Z  * [new branch]      research/issue-143-stable-environment-pin-decision-packet -> origin/research/issue-143-stable-environment-pin-decision-packet
publish-candidate	Checkout exact event revision	2026-09-12T04:34:38.9007380Z  * [new branch]      research/issue-4-classic-labs-sources -> origin/research/issue-4-classic-labs-sources
publish-candidate	Checkout exact event revision	2026-09-12T04:34:38.9009799Z  * [new branch]      research/issue-47-m05-m09-runtime-os-persistence -> origin/research/issue-47-m05-m09-runtime-os-persistence
publish-candidate	Checkout exact event revision	2026-09-12T04:34:38.9012244Z  * [new branch]      research/issue-68-m10-m12-network-web-browser -> origin/research/issue-68-m10-m12-network-web-browser
publish-candidate	Checkout exact event revision	2026-09-12T04:34:38.9014977Z  * [new branch]      research/issue-83-m13-m15-data-concurrency -> origin/research/issue-83-m13-m15-data-concurrency
publish-candidate	Checkout exact event revision	2026-09-12T04:34:38.9017040Z  * [new branch]      research/issue-97-m16-m20-distributed-infra -> origin/research/issue-97-m16-m20-distributed-infra
publish-candidate	Checkout exact event revision	2026-09-12T04:34:38.9019222Z  * [new branch]      status/advance-production-to-m08 -> origin/status/advance-production-to-m08
publish-candidate	Checkout exact event revision	2026-09-12T04:34:38.9020889Z  * [new branch]      status/advance-production-to-m09 -> origin/status/advance-production-to-m09
publish-candidate	Checkout exact event revision	2026-09-12T04:34:38.9023186Z  * [new branch]      status/record-m09-and-advance-to-s4-research -> origin/status/record-m09-and-advance-to-s4-research
publish-candidate	Checkout exact event revision	2026-09-12T04:34:38.9025163Z  * [new branch]      status/record-m10-and-advance-to-m11 -> origin/status/record-m10-and-advance-to-m11
publish-candidate	Checkout exact event revision	2026-09-12T04:34:38.9027171Z  * [new branch]      status/record-m11-and-advance-to-m12 -> origin/status/record-m11-and-advance-to-m12
publish-candidate	Checkout exact event revision	2026-09-12T04:34:38.9029440Z  * [new branch]      status/record-m12-and-advance-to-s5-research -> origin/status/record-m12-and-advance-to-s5-research
publish-candidate	Checkout exact event revision	2026-09-12T04:34:38.9032098Z  * [new branch]      status/record-s4-design-and-advance-to-m10 -> origin/status/record-s4-design-and-advance-to-m10
publish-candidate	Checkout exact event revision	2026-09-12T04:34:38.9034853Z  * [new branch]      status/record-s4-research-and-advance-to-design -> origin/status/record-s4-research-and-advance-to-design
publish-candidate	Checkout exact event revision	2026-09-12T04:34:38.9038039Z  * [new branch]      status/record-s5-research-and-advance-to-design -> origin/status/record-s5-research-and-advance-to-design
publish-candidate	Checkout exact event revision	2026-09-12T04:34:38.9040978Z  * [new branch]      validation/issue-34-m00-m01-first-pilot -> origin/validation/issue-34-m00-m01-first-pilot
publish-candidate	Checkout exact event revision	2026-09-12T04:34:38.9044471Z  * [new branch]      verification/issue-129-full-core-v09-rc-readiness -> origin/verification/issue-129-full-core-v09-rc-readiness
publish-candidate	Checkout exact event revision	2026-09-12T04:34:38.9047599Z  * [new branch]      verification/issue-133-v09-rc-readiness-reverify -> origin/verification/issue-133-v09-rc-readiness-reverify
publish-candidate	Checkout exact event revision	2026-09-12T04:34:38.9051526Z  * [new branch]      verification/issue-137-lab-req-02-direct-invocation -> origin/verification/issue-137-lab-req-02-direct-invocation
publish-candidate	Checkout exact event revision	2026-09-12T04:34:38.9055090Z  * [new branch]      verification/issue-147-stable-environment-ci-independent -> origin/verification/issue-147-stable-environment-ci-independent
publish-candidate	Checkout exact event revision	2026-09-12T04:34:38.9058054Z  * [new branch]      verification/issue-31-m00-m01-gate -> origin/verification/issue-31-m00-m01-gate
publish-candidate	Checkout exact event revision	2026-09-12T04:34:38.9061176Z  * [new branch]      vertical-slice/issue-25-foundations-system-mechanics-research -> origin/vertical-slice/issue-25-foundations-system-mechanics-research
publish-candidate	Checkout exact event revision	2026-09-12T04:34:38.9065027Z  * [new branch]      vertical-slice/issue-27-foundations-system-mechanics-design -> origin/vertical-slice/issue-27-foundations-system-mechanics-design
publish-candidate	Checkout exact event revision	2026-09-12T04:34:38.9068290Z  * [new branch]      vertical-slice/issue-29-m00-m01-lesson-activity -> origin/vertical-slice/issue-29-m00-m01-lesson-activity
publish-candidate	Checkout exact event revision	2026-09-12T04:34:38.9070568Z  * [new branch]      web-lead/post-pr30-status -> origin/web-lead/post-pr30-status
publish-candidate	Checkout exact event revision	2026-09-12T04:34:38.9072621Z  * [new branch]      web-lead/post-pr33-status -> origin/web-lead/post-pr33-status
publish-candidate	Checkout exact event revision	2026-09-12T04:34:38.9074585Z  * [new branch]      web-lead/post-pr39-status -> origin/web-lead/post-pr39-status
publish-candidate	Checkout exact event revision	2026-09-12T04:34:38.9076623Z  * [new branch]      web-lead/post-pr42-issue-first -> origin/web-lead/post-pr42-issue-first
publish-candidate	Checkout exact event revision	2026-09-12T04:34:38.9078619Z  * [new branch]      web-lead/post-pr45-status -> origin/web-lead/post-pr45-status
publish-candidate	Checkout exact event revision	2026-09-12T04:34:38.9080486Z  * [new branch]      web-lead/post-pr48-status -> origin/web-lead/post-pr48-status
publish-candidate	Checkout exact event revision	2026-09-12T04:34:38.9082503Z  * [new branch]      web-lead/post-pr51-status -> origin/web-lead/post-pr51-status
publish-candidate	Checkout exact event revision	2026-09-12T04:34:38.9084438Z  * [new branch]      web-lead/post-pr54-status -> origin/web-lead/post-pr54-status
publish-candidate	Checkout exact event revision	2026-09-12T04:34:38.9086255Z  * [new branch]      web-lead/post-pr57-status -> origin/web-lead/post-pr57-status
publish-candidate	Checkout exact event revision	2026-09-12T04:34:38.9087807Z  * [new tag]         v0.9                    -> v0.9
publish-candidate	Checkout exact event revision	2026-09-12T04:34:38.9091477Z [command]/usr/bin/git rev-parse --verify --quiet 25804b02cdd89bc3e2ff386aaf60f7c0b41b9032^{object}
publish-candidate	Checkout exact event revision	2026-09-12T04:34:38.9093400Z 25804b02cdd89bc3e2ff386aaf60f7c0b41b9032
publish-candidate	Checkout exact event revision	2026-09-12T04:34:38.9096102Z ##[endgroup]
publish-candidate	Checkout exact event revision	2026-09-12T04:34:38.9097456Z ##[group]Determining the checkout info
publish-candidate	Checkout exact event revision	2026-09-12T04:34:38.9099001Z ##[endgroup]
publish-candidate	Checkout exact event revision	2026-09-12T04:34:38.9099868Z [command]/usr/bin/git sparse-checkout disable
publish-candidate	Checkout exact event revision	2026-09-12T04:34:38.9102497Z [command]/usr/bin/git config --local --unset-all extensions.worktreeConfig
publish-candidate	Checkout exact event revision	2026-09-12T04:34:38.9105786Z ##[group]Checking out the ref
publish-candidate	Checkout exact event revision	2026-09-12T04:34:38.9107250Z [command]/usr/bin/git checkout --progress --force 25804b02cdd89bc3e2ff386aaf60f7c0b41b9032
publish-candidate	Checkout exact event revision	2026-09-12T04:34:38.9458109Z Note: switching to '25804b02cdd89bc3e2ff386aaf60f7c0b41b9032'.
publish-candidate	Checkout exact event revision	2026-09-12T04:34:38.9459905Z 
publish-candidate	Checkout exact event revision	2026-09-12T04:34:38.9461062Z You are in 'detached HEAD' state. You can look around, make experimental
publish-candidate	Checkout exact event revision	2026-09-12T04:34:38.9463660Z changes and commit them, and you can discard any commits you make in this
publish-candidate	Checkout exact event revision	2026-09-12T04:34:38.9465862Z state without impacting any branches by switching back to a branch.
publish-candidate	Checkout exact event revision	2026-09-12T04:34:38.9467056Z 
publish-candidate	Checkout exact event revision	2026-09-12T04:34:38.9467854Z If you want to create a new branch to retain commits you create, you may
publish-candidate	Checkout exact event revision	2026-09-12T04:34:38.9469654Z do so (now or later) by using -c with the switch command. Example:
publish-candidate	Checkout exact event revision	2026-09-12T04:34:38.9470700Z 
publish-candidate	Checkout exact event revision	2026-09-12T04:34:38.9471181Z   git switch -c <new-branch-name>
publish-candidate	Checkout exact event revision	2026-09-12T04:34:38.9472162Z 
publish-candidate	Checkout exact event revision	2026-09-12T04:34:38.9472640Z Or undo this operation with:
publish-candidate	Checkout exact event revision	2026-09-12T04:34:38.9473336Z 
publish-candidate	Checkout exact event revision	2026-09-12T04:34:38.9473718Z   git switch -
publish-candidate	Checkout exact event revision	2026-09-12T04:34:38.9474308Z 
publish-candidate	Checkout exact event revision	2026-09-12T04:34:38.9475171Z Turn off this advice by setting config variable advice.detachedHead to false
publish-candidate	Checkout exact event revision	2026-09-12T04:34:38.9476473Z 
publish-candidate	Checkout exact event revision	2026-09-12T04:34:38.9477677Z HEAD is now at 25804b0 feat(env): publish durable canonical image and pin it by immutable digest (#150)
publish-candidate	Checkout exact event revision	2026-09-12T04:34:38.9663313Z ##[endgroup]
publish-candidate	Checkout exact event revision	2026-09-12T04:34:38.9699880Z [command]/usr/bin/git log -1 --format=%H
publish-candidate	Checkout exact event revision	2026-09-12T04:34:38.9723258Z 25804b02cdd89bc3e2ff386aaf60f7c0b41b9032
publish-candidate	Assert exact checked-out revision	﻿2026-09-12T04:34:38.9965812Z ##[group]Run set -ueo pipefail
publish-candidate	Assert exact checked-out revision	2026-09-12T04:34:38.9967374Z ^[[36;1mset -ueo pipefail^[[0m
publish-candidate	Assert exact checked-out revision	2026-09-12T04:34:38.9968785Z ^[[36;1mactual="$(git rev-parse HEAD)"^[[0m
publish-candidate	Assert exact checked-out revision	2026-09-12T04:34:38.9970450Z ^[[36;1mecho "EXPECTED_REVISION=${GITHUB_SHA}"^[[0m
publish-candidate	Assert exact checked-out revision	2026-09-12T04:34:38.9972393Z ^[[36;1mecho "ACTUAL_REVISION=${actual}"^[[0m
publish-candidate	Assert exact checked-out revision	2026-09-12T04:34:38.9974069Z ^[[36;1mtest "${actual}" = "${GITHUB_SHA}"^[[0m
publish-candidate	Assert exact checked-out revision	2026-09-12T04:34:39.0003683Z shell: /usr/bin/bash -e {0}
publish-candidate	Assert exact checked-out revision	2026-09-12T04:34:39.0005127Z env:
publish-candidate	Assert exact checked-out revision	2026-09-12T04:34:39.0006650Z   CANONICAL_IMAGE_REF: ghcr.io/cn-jjb/essential-cs/canonical
publish-candidate	Assert exact checked-out revision	2026-09-12T04:34:39.0008605Z   PLATFORM: linux/amd64
publish-candidate	Assert exact checked-out revision	2026-09-12T04:34:39.0010022Z   EVIDENCE_DIR: /tmp/canonical-publish
publish-candidate	Assert exact checked-out revision	2026-09-12T04:34:39.0011806Z ##[endgroup]
publish-candidate	Assert exact checked-out revision	2026-09-12T04:34:39.0109232Z EXPECTED_REVISION=25804b02cdd89bc3e2ff386aaf60f7c0b41b9032
publish-candidate	Assert exact checked-out revision	2026-09-12T04:34:39.0112342Z ACTUAL_REVISION=25804b02cdd89bc3e2ff386aaf60f7c0b41b9032
publish-candidate	Login to repository-owned GHCR (least privilege)	﻿2026-09-12T04:34:39.0212638Z ##[group]Run set -ueo pipefail
publish-candidate	Login to repository-owned GHCR (least privilege)	2026-09-12T04:34:39.0214046Z ^[[36;1mset -ueo pipefail^[[0m
publish-candidate	Login to repository-owned GHCR (least privilege)	2026-09-12T04:34:39.0225201Z ^[[36;1mecho "***" | docker login ghcr.io -u "CN-JJB" --password-stdin^[[0m
publish-candidate	Login to repository-owned GHCR (least privilege)	2026-09-12T04:34:39.0248234Z shell: /usr/bin/bash -e {0}
publish-candidate	Login to repository-owned GHCR (least privilege)	2026-09-12T04:34:39.0249374Z env:
publish-candidate	Login to repository-owned GHCR (least privilege)	2026-09-12T04:34:39.0250710Z   CANONICAL_IMAGE_REF: ghcr.io/cn-jjb/essential-cs/canonical
publish-candidate	Login to repository-owned GHCR (least privilege)	2026-09-12T04:34:39.0252399Z   PLATFORM: linux/amd64
publish-candidate	Login to repository-owned GHCR (least privilege)	2026-09-12T04:34:39.0253595Z   EVIDENCE_DIR: /tmp/canonical-publish
publish-candidate	Login to repository-owned GHCR (least privilege)	2026-09-12T04:34:39.0254915Z ##[endgroup]
publish-candidate	Login to repository-owned GHCR (least privilege)	2026-09-12T04:34:39.7416155Z 
publish-candidate	Login to repository-owned GHCR (least privilege)	2026-09-12T04:34:39.7416889Z Login Succeeded
publish-candidate	Login to repository-owned GHCR (least privilege)	2026-09-12T04:34:39.7418689Z WARNING! Your credentials are stored unencrypted in '/home/runner/.docker/config.json'.
publish-candidate	Login to repository-owned GHCR (least privilege)	2026-09-12T04:34:39.7419637Z Configure a credential helper to remove this warning. See
publish-candidate	Login to repository-owned GHCR (least privilege)	2026-09-12T04:34:39.7420487Z https://docs.docker.com/go/credential-store/
publish-candidate	Login to repository-owned GHCR (least privilege)	2026-09-12T04:34:39.7420937Z 
publish-candidate	Publish candidate and capture registry digest	﻿2026-09-12T04:34:39.7470842Z ##[group]Run set -ueo pipefail
publish-candidate	Publish candidate and capture registry digest	2026-09-12T04:34:39.7471563Z ^[[36;1mset -ueo pipefail^[[0m
publish-candidate	Publish candidate and capture registry digest	2026-09-12T04:34:39.7472171Z ^[[36;1mbash scripts/canonical-image-publish.sh^[[0m
publish-candidate	Publish candidate and capture registry digest	2026-09-12T04:34:39.7472773Z ^[[36;1mdigest="$(tr -d '[:space:]' < "${EVIDENCE_DIR}/registry-digest.txt")"^[[0m
publish-candidate	Publish candidate and capture registry digest	2026-09-12T04:34:39.7473333Z ^[[36;1mecho "registry_digest=${digest}" >> "${GITHUB_OUTPUT}"^[[0m
publish-candidate	Publish candidate and capture registry digest	2026-09-12T04:34:39.7473907Z ^[[36;1mecho "reference=${CANONICAL_IMAGE_REF}@${digest}" >> "${GITHUB_OUTPUT}"^[[0m
publish-candidate	Publish candidate and capture registry digest	2026-09-12T04:34:39.7501690Z shell: /usr/bin/bash -e {0}
publish-candidate	Publish candidate and capture registry digest	2026-09-12T04:34:39.7502282Z env:
publish-candidate	Publish candidate and capture registry digest	2026-09-12T04:34:39.7502735Z   CANONICAL_IMAGE_REF: ghcr.io/cn-jjb/essential-cs/canonical
publish-candidate	Publish candidate and capture registry digest	2026-09-12T04:34:39.7503264Z   PLATFORM: linux/amd64
publish-candidate	Publish candidate and capture registry digest	2026-09-12T04:34:39.7503674Z   EVIDENCE_DIR: /tmp/canonical-publish
publish-candidate	Publish candidate and capture registry digest	2026-09-12T04:34:39.7504098Z ##[endgroup]
publish-candidate	Publish candidate and capture registry digest	2026-09-12T04:34:39.7636760Z publish_kind=CANDIDATE
publish-candidate	Publish candidate and capture registry digest	2026-09-12T04:34:39.7637705Z recipe_dockerfile=.devcontainer/Dockerfile
publish-candidate	Publish candidate and capture registry digest	2026-09-12T04:34:39.7638438Z recipe_dockerfile_blob=51198ea12c3c9ddfa18a2246bddef491ea729559
publish-candidate	Publish candidate and capture registry digest	2026-09-12T04:34:39.7639371Z platform=linux/amd64
publish-candidate	Publish candidate and capture registry digest	2026-09-12T04:34:39.7639994Z source_revision=25804b02cdd89bc3e2ff386aaf60f7c0b41b9032
publish-candidate	Publish candidate and capture registry digest	2026-09-12T04:34:39.7640664Z workflow_run_id=34673360717
publish-candidate	Publish candidate and capture registry digest	2026-09-12T04:34:39.7641533Z workflow_run_url=https://github.com/CN-JJB/essential-cs/actions/runs/34673360717
publish-candidate	Publish candidate and capture registry digest	2026-09-12T04:34:39.7642320Z runner_image_version=20260907.300.1
publish-candidate	Publish candidate and capture registry digest	2026-09-12T04:34:39.7648735Z runner_arch=x86_64
publish-candidate	Publish candidate and capture registry digest	2026-09-12T04:34:39.7649187Z runner_os_release_begin
publish-candidate	Publish candidate and capture registry digest	2026-09-12T04:34:39.7649730Z PRETTY_NAME="Ubuntu 24.04.5 LTS"
publish-candidate	Publish candidate and capture registry digest	2026-09-12T04:34:39.7650270Z NAME="Ubuntu"
publish-candidate	Publish candidate and capture registry digest	2026-09-12T04:34:39.7650779Z VERSION_ID="24.04"
publish-candidate	Publish candidate and capture registry digest	2026-09-12T04:34:39.7651368Z runner_os_release_end
publish-candidate	Publish candidate and capture registry digest	2026-09-12T04:34:39.7653090Z === BUILDING CANDIDATE (recipe is NOT the pin) ===
publish-candidate	Publish candidate and capture registry digest	2026-09-12T04:34:39.9794336Z github.com/docker/buildx v0.37.0 ac30b249211430b85fb8f37b6e7154b5c47ba0b6
publish-candidate	Publish candidate and capture registry digest	2026-09-12T04:34:40.2580711Z #0 building with "default" instance using docker driver
publish-candidate	Publish candidate and capture registry digest	2026-09-12T04:34:40.2581838Z 
publish-candidate	Publish candidate and capture registry digest	2026-09-12T04:34:40.2582180Z #1 [internal] load build definition from Dockerfile
publish-candidate	Publish candidate and capture registry digest	2026-09-12T04:34:40.2582730Z #1 transferring dockerfile: 2.49kB done
publish-candidate	Publish candidate and capture registry digest	2026-09-12T04:34:40.2583160Z #1 DONE 0.0s
publish-candidate	Publish candidate and capture registry digest	2026-09-12T04:34:40.2583353Z 
publish-candidate	Publish candidate and capture registry digest	2026-09-12T04:34:40.2583871Z #2 [internal] load metadata for docker.io/library/ubuntu:24.04@sha256:224a1869083a311ef3f13648a154ba79832fbef6364d31493642ca03082da254
publish-candidate	Publish candidate and capture registry digest	2026-09-12T04:34:40.4240927Z #2 ...
publish-candidate	Publish candidate and capture registry digest	2026-09-12T04:34:40.4241432Z 
publish-candidate	Publish candidate and capture registry digest	2026-09-12T04:34:40.4241793Z #3 [auth] library/ubuntu:pull token for registry-1.docker.io
publish-candidate	Publish candidate and capture registry digest	2026-09-12T04:34:40.4242241Z #3 DONE 0.0s
publish-candidate	Publish candidate and capture registry digest	2026-09-12T04:34:40.5744077Z 
publish-candidate	Publish candidate and capture registry digest	2026-09-12T04:34:40.5745445Z #2 [internal] load metadata for docker.io/library/ubuntu:24.04@sha256:224a1869083a311ef3f13648a154ba79832fbef6364d31493642ca03082da254
publish-candidate	Publish candidate and capture registry digest	2026-09-12T04:34:40.9268830Z #2 DONE 0.8s
publish-candidate	Publish candidate and capture registry digest	2026-09-12T04:34:41.0426496Z 
publish-candidate	Publish candidate and capture registry digest	2026-09-12T04:34:41.0427091Z #4 [internal] load .dockerignore
publish-candidate	Publish candidate and capture registry digest	2026-09-12T04:34:41.0427635Z #4 transferring context: 2B done
publish-candidate	Publish candidate and capture registry digest	2026-09-12T04:34:41.0428009Z #4 DONE 0.0s
publish-candidate	Publish candidate and capture registry digest	2026-09-12T04:34:41.0428185Z 
publish-candidate	Publish candidate and capture registry digest	2026-09-12T04:34:41.0428678Z #5 [1/4] FROM docker.io/library/ubuntu:24.04@sha256:224a1869083a311ef3f13648a154ba79832fbef6364d31493642ca03082da254
publish-candidate	Publish candidate and capture registry digest	2026-09-12T04:34:41.0429595Z #5 resolve docker.io/library/ubuntu:24.04@sha256:224a1869083a311ef3f13648a154ba79832fbef6364d31493642ca03082da254 done
publish-candidate	Publish candidate and capture registry digest	2026-09-12T04:34:41.0430400Z #5 sha256:224a1869083a311ef3f13648a154ba79832fbef6364d31493642ca03082da254 6.69kB / 6.69kB done
publish-candidate	Publish candidate and capture registry digest	2026-09-12T04:34:41.0431159Z #5 sha256:a61567bd31828687156d735ea8eb01ba4e37636e225dd6a48ba94136a70d9d61 424B / 424B done
publish-candidate	Publish candidate and capture registry digest	2026-09-12T04:34:41.0432178Z #5 sha256:b2b7ea366714195a1e1c5b2b578ece85c0b3920381a8654d038d9684f009613c 2.05kB / 2.05kB done
publish-candidate	Publish candidate and capture registry digest	2026-09-12T04:34:41.0432988Z #5 sha256:e51aee9c82ec5dd5ba2add49c45c6d85d460512757e2615b69bcdf9469c7cb58 0B / 29.76MB 0.1s
publish-candidate	Publish candidate and capture registry digest	2026-09-12T04:34:41.2461038Z #5 sha256:e51aee9c82ec5dd5ba2add49c45c6d85d460512757e2615b69bcdf9469c7cb58 14.68MB / 29.76MB 0.3s
publish-candidate	Publish candidate and capture registry digest	2026-09-12T04:34:41.4434309Z #5 sha256:e51aee9c82ec5dd5ba2add49c45c6d85d460512757e2615b69bcdf9469c7cb58 29.76MB / 29.76MB 0.5s
publish-candidate	Publish candidate and capture registry digest	2026-09-12T04:34:41.6028136Z #5 sha256:e51aee9c82ec5dd5ba2add49c45c6d85d460512757e2615b69bcdf9469c7cb58 29.76MB / 29.76MB 0.5s done
publish-candidate	Publish candidate and capture registry digest	2026-09-12T04:34:41.6029562Z #5 extracting sha256:e51aee9c82ec5dd5ba2add49c45c6d85d460512757e2615b69bcdf9469c7cb58 0.1s
publish-candidate	Publish candidate and capture registry digest	2026-09-12T04:34:42.2827985Z #5 extracting sha256:e51aee9c82ec5dd5ba2add49c45c6d85d460512757e2615b69bcdf9469c7cb58 0.7s done
publish-candidate	Publish candidate and capture registry digest	2026-09-12T04:34:42.2829168Z #5 DONE 1.3s
publish-candidate	Publish candidate and capture registry digest	2026-09-12T04:34:42.4356195Z 
publish-candidate	Publish candidate and capture registry digest	2026-09-12T04:34:42.4358166Z #6 [2/4] RUN apt-get update  && apt-get install -y --no-install-recommends     python3     sqlite3     build-essential     binutils     gdb     git     curl     ca-certificates     perl     bc     bash     procps     iproute2     file     strace  && rm -rf /var/lib/apt/lists
publish-candidate	Publish candidate and capture registry digest	2026-09-12T04:34:42.7139393Z #6 0.429 Get:1 http://security.ubuntu.com/ubuntu noble-security InRelease [126 kB]
publish-candidate	Publish candidate and capture registry digest	2026-09-12T04:34:42.8882397Z #6 0.452 Get:2 http://archive.ubuntu.com/ubuntu noble InRelease [256 kB]
publish-candidate	Publish candidate and capture registry digest	2026-09-12T04:34:43.3948640Z #6 1.110 Get:3 http://security.ubuntu.com/ubuntu noble-security/restricted amd64 Packages [1796 kB]
publish-candidate	Publish candidate and capture registry digest	2026-09-12T04:34:43.6040192Z #6 1.319 Get:4 http://archive.ubuntu.com/ubuntu noble-updates InRelease [126 kB]
publish-candidate	Publish candidate and capture registry digest	2026-09-12T04:34:43.8166721Z #6 1.532 Get:5 http://archive.ubuntu.com/ubuntu noble-backports InRelease [126 kB]
publish-candidate	Publish candidate and capture registry digest	2026-09-12T04:34:44.0295102Z #6 1.744 Get:6 http://archive.ubuntu.com/ubuntu noble/universe amd64 Packages [19.3 MB]
publish-candidate	Publish candidate and capture registry digest	2026-09-12T04:34:44.4446275Z #6 2.159 Get:7 http://security.ubuntu.com/ubuntu noble-security/multiverse amd64 Packages [50.0 kB]
publish-candidate	Publish candidate and capture registry digest	2026-09-12T04:34:44.5991137Z #6 2.163 Get:8 http://security.ubuntu.com/ubuntu noble-security/universe amd64 Packages [1530 kB]
publish-candidate	Publish candidate and capture registry digest	2026-09-12T04:34:44.6511649Z #6 2.365 Get:9 http://security.ubuntu.com/ubuntu noble-security/main amd64 Packages [1242 kB]
publish-candidate	Publish candidate and capture registry digest	2026-09-12T04:34:45.6656816Z #6 3.379 Get:10 http://archive.ubuntu.com/ubuntu noble/restricted amd64 Packages [117 kB]
publish-candidate	Publish candidate and capture registry digest	2026-09-12T04:34:45.7918622Z #6 3.380 Get:11 http://archive.ubuntu.com/ubuntu noble/multiverse amd64 Packages [331 kB]
publish-candidate	Publish candidate and capture registry digest	2026-09-12T04:34:45.7922865Z #6 3.382 Get:12 http://archive.ubuntu.com/ubuntu noble/main amd64 Packages [1808 kB]
publish-candidate	Publish candidate and capture registry digest	2026-09-12T04:34:45.7924103Z #6 3.390 Get:13 http://archive.ubuntu.com/ubuntu noble-updates/universe amd64 Packages [2151 kB]
publish-candidate	Publish candidate and capture registry digest	2026-09-12T04:34:45.7925493Z #6 3.399 Get:14 http://archive.ubuntu.com/ubuntu noble-updates/restricted amd64 Packages [1913 kB]
publish-candidate	Publish candidate and capture registry digest	2026-09-12T04:34:45.7926666Z #6 3.506 Get:15 http://archive.ubuntu.com/ubuntu noble-updates/multiverse amd64 Packages [55.8 kB]
publish-candidate	Publish candidate and capture registry digest	2026-09-12T04:34:45.8964105Z #6 3.551 Get:16 http://archive.ubuntu.com/ubuntu noble-updates/main amd64 Packages [1565 kB]
publish-candidate	Publish candidate and capture registry digest	2026-09-12T04:34:45.8966328Z #6 3.611 Get:17 http://archive.ubuntu.com/ubuntu noble-backports/multiverse amd64 Packages [671 B]
publish-candidate	Publish candidate and capture registry digest	2026-09-12T04:34:46.0718172Z #6 3.612 Get:18 http://archive.ubuntu.com/ubuntu noble-backports/universe amd64 Packages [35.9 kB]
publish-candidate	Publish candidate and capture registry digest	2026-09-12T04:34:46.0719288Z #6 3.636 Get:19 http://archive.ubuntu.com/ubuntu noble-backports/main amd64 Packages [48.9 kB]
publish-candidate	Publish candidate and capture registry digest	2026-09-12T04:34:46.6319746Z #6 4.347 Fetched 32.6 MB in 4s (7740 kB/s)
publish-candidate	Publish candidate and capture registry digest	2026-09-12T04:34:47.3501562Z #6 4.347 Reading package lists...
publish-candidate	Publish candidate and capture registry digest	2026-09-12T04:34:48.0908857Z #6 5.083 Reading package lists...
publish-candidate	Publish candidate and capture registry digest	2026-09-12T04:34:48.2216552Z #6 5.818 Building dependency tree...
publish-candidate	Publish candidate and capture registry digest	2026-09-12T04:34:48.2217627Z #6 5.936 Reading state information...
publish-candidate	Publish candidate and capture registry digest	2026-09-12T04:34:48.4067930Z #6 6.122 bash is already the newest version (5.2.21-2ubuntu4).
publish-candidate	Publish candidate and capture registry digest	2026-09-12T04:34:48.4068540Z #6 6.122 procps is already the newest version (2:4.0.4-4ubuntu3.3).
publish-candidate	Publish candidate and capture registry digest	2026-09-12T04:34:48.4069554Z #6 6.122 The following additional packages will be installed:
publish-candidate	Publish candidate and capture registry digest	2026-09-12T04:34:48.4070239Z #6 6.122   binutils-common binutils-x86-64-linux-gnu bzip2 cpp cpp-13
publish-candidate	Publish candidate and capture registry digest	2026-09-12T04:34:48.5560916Z #6 6.122   cpp-13-x86-64-linux-gnu cpp-x86-64-linux-gnu dpkg-dev g++ g++-13
publish-candidate	Publish candidate and capture registry digest	2026-09-12T04:34:48.5566152Z #6 6.122   g++-13-x86-64-linux-gnu g++-x86-64-linux-gnu gcc gcc-13 gcc-13-base
publish-candidate	Publish candidate and capture registry digest	2026-09-12T04:34:48.5567000Z #6 6.122   gcc-13-x86-64-linux-gnu gcc-x86-64-linux-gnu git-man libasan8 libatomic1
publish-candidate	Publish candidate and capture registry digest	2026-09-12T04:34:48.5568253Z #6 6.124   libbabeltrace1 libbinutils libbpf1 libbrotli1 libc-bin libc-dev-bin libc6
publish-candidate	Publish candidate and capture registry digest	2026-09-12T04:34:48.5570090Z #6 6.124   libc6-dev libcap2-bin libcc1-0 libcrypt-dev libctf-nobfd0 libctf0
publish-candidate	Publish candidate and capture registry digest	2026-09-12T04:34:48.5572054Z #6 6.124   libcurl3t64-gnutls libcurl4t64 libdebuginfod-common libdebuginfod1t64
publish-candidate	Publish candidate and capture registry digest	2026-09-12T04:34:48.5573437Z #6 6.124   libdpkg-perl libdw1t64 libelf1t64 liberror-perl libexpat1 libgcc-13-dev
publish-candidate	Publish candidate and capture registry digest	2026-09-12T04:34:48.5574495Z #6 6.124   libgdbm-compat4t64 libgdbm6t64 libglib2.0-0t64 libgomp1 libgprofng0
publish-candidate	Publish candidate and capture registry digest	2026-09-12T04:34:48.5575363Z #6 6.124   libgssapi-krb5-2 libhwasan0 libipt2 libisl23 libitm1 libjansson4
publish-candidate	Publish candidate and capture registry digest	2026-09-12T04:34:48.5576294Z #6 6.124   libk5crypto3 libkeyutils1 libkrb5-3 libkrb5support0 libldap2 liblsan0
publish-candidate	Publish candidate and capture registry digest	2026-09-12T04:34:48.5577205Z #6 6.124   libmagic-mgc libmagic1t64 libmnl0 libmpc3 libmpfr6 libnghttp2-14
publish-candidate	Publish candidate and capture registry digest	2026-09-12T04:34:48.5577915Z #6 6.124   libperl5.38t64 libpsl5t64 libpython3-stdlib libpython3.12-minimal
publish-candidate	Publish candidate and capture registry digest	2026-09-12T04:34:48.5578698Z #6 6.124   libpython3.12-stdlib libpython3.12t64 libquadmath0 libreadline8t64 librtmp1
publish-candidate	Publish candidate and capture registry digest	2026-09-12T04:34:48.5579377Z #6 6.124   libsasl2-2 libsasl2-modules-db libsframe1 libsource-highlight-common
publish-candidate	Publish candidate and capture registry digest	2026-09-12T04:34:48.5580052Z #6 6.124   libsource-highlight4t64 libsqlite3-0 libssh-4 libstdc++-13-dev libtsan2
publish-candidate	Publish candidate and capture registry digest	2026-09-12T04:34:48.5580763Z #6 6.124   libubsan1 libunwind8 libxtables12 linux-libc-dev lto-disabled-list make
publish-candidate	Publish candidate and capture registry digest	2026-09-12T04:34:48.5581745Z #6 6.124   media-types netbase openssl patch perl-modules-5.38 python3-minimal
publish-candidate	Publish candidate and capture registry digest	2026-09-12T04:34:48.5582816Z #6 6.124   python3.12 python3.12-minimal readline-common rpcsvc-proto tzdata ucf
publish-candidate	Publish candidate and capture registry digest	2026-09-12T04:34:48.5583654Z #6 6.124   xz-utils
publish-candidate	Publish candidate and capture registry digest	2026-09-12T04:34:48.5583995Z #6 6.124 Suggested packages:
publish-candidate	Publish candidate and capture registry digest	2026-09-12T04:34:48.5584564Z #6 6.124   binutils-doc gprofng-gui bzip2-doc cpp-doc gcc-13-locales cpp-13-doc
publish-candidate	Publish candidate and capture registry digest	2026-09-12T04:34:48.5585216Z #6 6.124   debian-keyring g++-multilib g++-13-multilib gcc-13-doc gcc-multilib
publish-candidate	Publish candidate and capture registry digest	2026-09-12T04:34:48.5585785Z #6 6.124   manpages-dev autoconf automake libtool flex bison gcc-doc gcc-13-multilib
publish-candidate	Publish candidate and capture registry digest	2026-09-12T04:34:48.5586485Z #6 6.124   gdb-x86-64-linux-gnu gdb-doc gdbserver gettext-base git-daemon-run
publish-candidate	Publish candidate and capture registry digest	2026-09-12T04:34:48.5587140Z #6 6.124   | git-daemon-sysvinit git-doc git-email git-gui gitk gitweb git-cvs
publish-candidate	Publish candidate and capture registry digest	2026-09-12T04:34:48.5587767Z #6 6.124   git-mediawiki git-svn iproute2-doc manpages glibc-doc locales libnss-nis
publish-candidate	Publish candidate and capture registry digest	2026-09-12T04:34:48.5588574Z #6 6.124   libnss-nisplus gnupg | sq | sqop | pgpainless-cli | sequoia-chameleon-gnupg
publish-candidate	Publish candidate and capture registry digest	2026-09-12T04:34:48.5589773Z #6 6.124   bzr gdbm-l10n low-memory-monitor krb5-doc krb5-user libstdc++-13-doc
publish-candidate	Publish candidate and capture registry digest	2026-09-12T04:34:48.5590799Z #6 6.124   make-doc ed diffutils-doc perl-doc libterm-readline-gnu-perl
publish-candidate	Publish candidate and capture registry digest	2026-09-12T04:34:48.5591896Z #6 6.124   | libterm-readline-perl-perl libtap-harness-archive-perl python3-doc
publish-candidate	Publish candidate and capture registry digest	2026-09-12T04:34:48.5592459Z #6 6.124   python3-tk python3-venv python3.12-venv python3.12-doc binfmt-support
publish-candidate	Publish candidate and capture registry digest	2026-09-12T04:34:48.5592930Z #6 6.124   readline-doc sqlite3-doc
publish-candidate	Publish candidate and capture registry digest	2026-09-12T04:34:48.5593271Z #6 6.124 Recommended packages:
publish-candidate	Publish candidate and capture registry digest	2026-09-12T04:34:48.5593710Z #6 6.124   fakeroot gnupg | sq | sqop | pgpainless-cli | sequoia-chameleon-gnupg
publish-candidate	Publish candidate and capture registry digest	2026-09-12T04:34:48.5594518Z #6 6.124   libalgorithm-merge-perl libc-dbg less ssh-client libatm1t64 manpages
publish-candidate	Publish candidate and capture registry digest	2026-09-12T04:34:48.5595790Z #6 6.124   manpages-dev libc-devtools libpam-cap libfile-fcntllock-perl
publish-candidate	Publish candidate and capture registry digest	2026-09-12T04:34:48.5596478Z #6 6.124   liblocale-gettext-perl libglib2.0-data shared-mime-info xdg-user-dirs
publish-candidate	Publish candidate and capture registry digest	2026-09-12T04:34:48.5597140Z #6 6.124   krb5-locales libldap-common publicsuffix libsasl2-modules
publish-candidate	Publish candidate and capture registry digest	2026-09-12T04:34:48.5597928Z #6 6.271 The following NEW packages will be installed:
publish-candidate	Publish candidate and capture registry digest	2026-09-12T04:34:48.5598451Z #6 6.271   bc binutils binutils-common binutils-x86-64-linux-gnu build-essential bzip2
publish-candidate	Publish candidate and capture registry digest	2026-09-12T04:34:48.5599215Z #6 6.271   ca-certificates cpp cpp-13 cpp-13-x86-64-linux-gnu cpp-x86-64-linux-gnu curl
publish-candidate	Publish candidate and capture registry digest	2026-09-12T04:34:48.7097191Z #6 6.271   dpkg-dev file g++ g++-13 g++-13-x86-64-linux-gnu g++-x86-64-linux-gnu gcc
publish-candidate	Publish candidate and capture registry digest	2026-09-12T04:34:48.7097984Z #6 6.271   gcc-13 gcc-13-base gcc-13-x86-64-linux-gnu gcc-x86-64-linux-gnu gdb git
publish-candidate	Publish candidate and capture registry digest	2026-09-12T04:34:48.7099361Z #6 6.271   git-man iproute2 libasan8 libatomic1 libbabeltrace1 libbinutils libbpf1
publish-candidate	Publish candidate and capture registry digest	2026-09-12T04:34:48.7099959Z #6 6.271   libbrotli1 libc-dev-bin libc6-dev libcap2-bin libcc1-0 libcrypt-dev
publish-candidate	Publish candidate and capture registry digest	2026-09-12T04:34:48.7100569Z #6 6.271   libctf-nobfd0 libctf0 libcurl3t64-gnutls libcurl4t64 libdebuginfod-common
publish-candidate	Publish candidate and capture registry digest	2026-09-12T04:34:48.7101484Z #6 6.271   libdebuginfod1t64 libdpkg-perl libdw1t64 libelf1t64 liberror-perl libexpat1
publish-candidate	Publish candidate and capture registry digest	2026-09-12T04:34:48.7102143Z #6 6.271   libgcc-13-dev libgdbm-compat4t64 libgdbm6t64 libglib2.0-0t64 libgomp1
publish-candidate	Publish candidate and capture registry digest	2026-09-12T04:34:48.7102865Z #6 6.271   libgprofng0 libgssapi-krb5-2 libhwasan0 libipt2 libisl23 libitm1 libjansson4
publish-candidate	Publish candidate and capture registry digest	2026-09-12T04:34:48.7103523Z #6 6.271   libk5crypto3 libkeyutils1 libkrb5-3 libkrb5support0 libldap2 liblsan0
publish-candidate	Publish candidate and capture registry digest	2026-09-12T04:34:48.7104073Z #6 6.272   libmagic-mgc libmagic1t64 libmnl0 libmpc3 libmpfr6 libnghttp2-14
publish-candidate	Publish candidate and capture registry digest	2026-09-12T04:34:48.7104610Z #6 6.272   libperl5.38t64 libpsl5t64 libpython3-stdlib libpython3.12-minimal
publish-candidate	Publish candidate and capture registry digest	2026-09-12T04:34:48.7105175Z #6 6.272   libpython3.12-stdlib libpython3.12t64 libquadmath0 libreadline8t64 librtmp1
publish-candidate	Publish candidate and capture registry digest	2026-09-12T04:34:48.7105789Z #6 6.272   libsasl2-2 libsasl2-modules-db libsframe1 libsource-highlight-common
publish-candidate	Publish candidate and capture registry digest	2026-09-12T04:34:48.7106354Z #6 6.272   libsource-highlight4t64 libsqlite3-0 libssh-4 libstdc++-13-dev libtsan2
publish-candidate	Publish candidate and capture registry digest	2026-09-12T04:34:48.7106945Z #6 6.272   libubsan1 libunwind8 libxtables12 linux-libc-dev lto-disabled-list make
publish-candidate	Publish candidate and capture registry digest	2026-09-12T04:34:48.7107492Z #6 6.273   media-types netbase openssl patch perl perl-modules-5.38 python3
publish-candidate	Publish candidate and capture registry digest	2026-09-12T04:34:48.7108063Z #6 6.273   python3-minimal python3.12 python3.12-minimal readline-common rpcsvc-proto
publish-candidate	Publish candidate and capture registry digest	2026-09-12T04:34:48.7108566Z #6 6.273   sqlite3 strace tzdata ucf xz-utils
publish-candidate	Publish candidate and capture registry digest	2026-09-12T04:34:48.7108946Z #6 6.273 The following packages will be upgraded:
publish-candidate	Publish candidate and capture registry digest	2026-09-12T04:34:48.7109296Z #6 6.274   libc-bin libc6
publish-candidate	Publish candidate and capture registry digest	2026-09-12T04:34:48.8941917Z #6 6.609 2 upgraded, 114 newly installed, 0 to remove and 1 not upgraded.
publish-candidate	Publish candidate and capture registry digest	2026-09-12T04:34:48.8942735Z #6 6.609 Need to get 111 MB of archives.
publish-candidate	Publish candidate and capture registry digest	2026-09-12T04:34:48.8943361Z #6 6.609 After this operation, 407 MB of additional disk space will be used.
publish-candidate	Publish candidate and capture registry digest	2026-09-12T04:34:48.8944363Z #6 6.609 Get:1 http://archive.ubuntu.com/ubuntu noble-updates/main amd64 libc6 amd64 2.39-0ubuntu8.9 [3264 kB]
publish-candidate	Publish candidate and capture registry digest	2026-09-12T04:34:50.7852598Z #6 8.500 Get:2 http://archive.ubuntu.com/ubuntu noble-updates/main amd64 libc-bin amd64 2.39-0ubuntu8.9 [682 kB]
publish-candidate	Publish candidate and capture registry digest	2026-09-12T04:34:51.0247555Z #6 8.537 Get:3 http://archive.ubuntu.com/ubuntu noble-updates/main amd64 libpython3.12-minimal amd64 3.12.3-1ubuntu0.17 [839 kB]
publish-candidate	Publish candidate and capture registry digest	2026-09-12T04:34:51.0249120Z #6 8.584 Get:4 http://archive.ubuntu.com/ubuntu noble-updates/main amd64 libexpat1 amd64 2.6.1-2ubuntu0.4 [88.2 kB]
publish-candidate	Publish candidate and capture registry digest	2026-09-12T04:34:51.0250025Z #6 8.589 Get:5 http://archive.ubuntu.com/ubuntu noble-updates/main amd64 python3.12-minimal amd64 3.12.3-1ubuntu0.17 [2335 kB]
publish-candidate	Publish candidate and capture registry digest	2026-09-12T04:34:51.1099176Z #6 8.825 Get:6 http://archive.ubuntu.com/ubuntu noble-updates/main amd64 python3-minimal amd64 3.12.3-0ubuntu2.1 [27.4 kB]
publish-candidate	Publish candidate and capture registry digest	2026-09-12T04:34:51.2614412Z #6 8.825 Get:7 http://archive.ubuntu.com/ubuntu noble/main amd64 media-types all 10.1.0 [27.5 kB]
publish-candidate	Publish candidate and capture registry digest	2026-09-12T04:34:51.2615440Z #6 8.826 Get:8 http://archive.ubuntu.com/ubuntu noble/main amd64 netbase all 6.4 [13.1 kB]
publish-candidate	Publish candidate and capture registry digest	2026-09-12T04:34:51.2616184Z #6 8.826 Get:9 http://archive.ubuntu.com/ubuntu noble-updates/main amd64 tzdata all 2026c-0ubuntu0.24.04.1 [280 kB]
publish-candidate	Publish candidate and capture registry digest	2026-09-12T04:34:51.2617018Z #6 8.835 Get:10 http://archive.ubuntu.com/ubuntu noble/main amd64 readline-common all 8.2-4build1 [56.5 kB]
publish-candidate	Publish candidate and capture registry digest	2026-09-12T04:34:51.2618091Z #6 8.836 Get:11 http://archive.ubuntu.com/ubuntu noble/main amd64 libreadline8t64 amd64 8.2-4build1 [153 kB]
publish-candidate	Publish candidate and capture registry digest	2026-09-12T04:34:51.2619143Z #6 8.841 Get:12 http://archive.ubuntu.com/ubuntu noble-updates/main amd64 libsqlite3-0 amd64 3.45.1-1ubuntu2.7 [701 kB]
publish-candidate	Publish candidate and capture registry digest	2026-09-12T04:34:51.2620211Z #6 8.863 Get:13 http://archive.ubuntu.com/ubuntu noble-updates/main amd64 libpython3.12-stdlib amd64 3.12.3-1ubuntu0.17 [2071 kB]
publish-candidate	Publish candidate and capture registry digest	2026-09-12T04:34:51.2621790Z #6 8.976 Get:14 http://archive.ubuntu.com/ubuntu noble-updates/main amd64 python3.12 amd64 3.12.3-1ubuntu0.17 [651 kB]
publish-candidate	Publish candidate and capture registry digest	2026-09-12T04:34:51.4197046Z #6 8.996 Get:15 http://archive.ubuntu.com/ubuntu noble-updates/main amd64 libpython3-stdlib amd64 3.12.3-0ubuntu2.1 [10.1 kB]
publish-candidate	Publish candidate and capture registry digest	2026-09-12T04:34:51.4198738Z #6 9.134 Get:16 http://archive.ubuntu.com/ubuntu noble-updates/main amd64 python3 amd64 3.12.3-0ubuntu2.1 [23.0 kB]
publish-candidate	Publish candidate and capture registry digest	2026-09-12T04:34:51.6269992Z #6 9.136 Get:17 http://archive.ubuntu.com/ubuntu noble/main amd64 ucf all 3.0043+nmu1 [56.5 kB]
publish-candidate	Publish candidate and capture registry digest	2026-09-12T04:34:51.6271117Z #6 9.156 Get:18 http://archive.ubuntu.com/ubuntu noble-updates/main amd64 libdebuginfod-common all 0.190-1.1ubuntu0.1 [14.6 kB]
publish-candidate	Publish candidate and capture registry digest	2026-09-12T04:34:51.6273726Z #6 9.157 Get:19 http://archive.ubuntu.com/ubuntu noble-updates/main amd64 perl-modules-5.38 all 5.38.2-3.2ubuntu0.4 [3110 kB]
publish-candidate	Publish candidate and capture registry digest	2026-09-12T04:34:51.6274474Z #6 9.197 Get:20 http://archive.ubuntu.com/ubuntu noble/main amd64 libgdbm6t64 amd64 1.23-5.1build1 [34.4 kB]
publish-candidate	Publish candidate and capture registry digest	2026-09-12T04:34:51.6275215Z #6 9.215 Get:21 http://archive.ubuntu.com/ubuntu noble/main amd64 libgdbm-compat4t64 amd64 1.23-5.1build1 [6710 B]
publish-candidate	Publish candidate and capture registry digest	2026-09-12T04:34:51.6276159Z #6 9.216 Get:22 http://archive.ubuntu.com/ubuntu noble-updates/main amd64 libperl5.38t64 amd64 5.38.2-3.2ubuntu0.4 [4870 kB]
publish-candidate	Publish candidate and capture registry digest	2026-09-12T04:34:51.6277488Z #6 9.342 Get:23 http://archive.ubuntu.com/ubuntu noble-updates/main amd64 perl amd64 5.38.2-3.2ubuntu0.4 [231 kB]
publish-candidate	Publish candidate and capture registry digest	2026-09-12T04:34:51.7284460Z #6 9.350 Get:24 http://archive.ubuntu.com/ubuntu noble-updates/main amd64 openssl amd64 3.0.13-0ubuntu3.15 [1003 kB]
publish-candidate	Publish candidate and capture registry digest	2026-09-12T04:34:51.7286004Z #6 9.378 Get:25 http://archive.ubuntu.com/ubuntu noble-updates/main amd64 ca-certificates all 20260601~24.04.1 [139 kB]
publish-candidate	Publish candidate and capture registry digest	2026-09-12T04:34:51.7287251Z #6 9.443 Get:26 http://archive.ubuntu.com/ubuntu noble-updates/main amd64 libelf1t64 amd64 0.190-1.1ubuntu0.1 [57.8 kB]
publish-candidate	Publish candidate and capture registry digest	2026-09-12T04:34:51.8828825Z #6 9.450 Get:27 http://archive.ubuntu.com/ubuntu noble/main amd64 libbpf1 amd64 1:1.3.0-2build2 [166 kB]
publish-candidate	Publish candidate and capture registry digest	2026-09-12T04:34:51.8830003Z #6 9.457 Get:28 http://archive.ubuntu.com/ubuntu noble/main amd64 libmnl0 amd64 1.0.5-2build1 [12.3 kB]
publish-candidate	Publish candidate and capture registry digest	2026-09-12T04:34:51.8831667Z #6 9.458 Get:29 http://archive.ubuntu.com/ubuntu noble/main amd64 libxtables12 amd64 1.8.10-3ubuntu2 [35.7 kB]
publish-candidate	Publish candidate and capture registry digest	2026-09-12T04:34:51.8832939Z #6 9.482 Get:30 http://archive.ubuntu.com/ubuntu noble-updates/main amd64 libcap2-bin amd64 1:2.66-5ubuntu2.4 [34.1 kB]
publish-candidate	Publish candidate and capture registry digest	2026-09-12T04:34:51.8833935Z #6 9.486 Get:31 http://archive.ubuntu.com/ubuntu noble-updates/main amd64 iproute2 amd64 6.1.0-1ubuntu6.4 [1120 kB]
publish-candidate	Publish candidate and capture registry digest	2026-09-12T04:34:51.8834732Z #6 9.598 Get:32 http://archive.ubuntu.com/ubuntu noble-updates/main amd64 libglib2.0-0t64 amd64 2.80.0-6ubuntu3.8 [1545 kB]
publish-candidate	Publish candidate and capture registry digest	2026-09-12T04:34:52.0376054Z #6 9.659 Get:33 http://archive.ubuntu.com/ubuntu noble-updates/main amd64 libkrb5support0 amd64 1.20.1-6ubuntu2.8 [34.7 kB]
publish-candidate	Publish candidate and capture registry digest	2026-09-12T04:34:52.0377531Z #6 9.660 Get:34 http://archive.ubuntu.com/ubuntu noble-updates/main amd64 libk5crypto3 amd64 1.20.1-6ubuntu2.8 [81.9 kB]
publish-candidate	Publish candidate and capture registry digest	2026-09-12T04:34:52.0379013Z #6 9.660 Get:35 http://archive.ubuntu.com/ubuntu noble/main amd64 libkeyutils1 amd64 1.6.3-3build1 [9490 B]
publish-candidate	Publish candidate and capture registry digest	2026-09-12T04:34:52.0379996Z #6 9.752 Get:36 http://archive.ubuntu.com/ubuntu noble-updates/main amd64 libkrb5-3 amd64 1.20.1-6ubuntu2.8 [348 kB]
publish-candidate	Publish candidate and capture registry digest	2026-09-12T04:34:52.1379939Z #6 9.775 Get:37 http://archive.ubuntu.com/ubuntu noble-updates/main amd64 libgssapi-krb5-2 amd64 1.20.1-6ubuntu2.8 [143 kB]
publish-candidate	Publish candidate and capture registry digest	2026-09-12T04:34:52.1380880Z #6 9.837 Get:38 http://archive.ubuntu.com/ubuntu noble/main amd64 libmagic-mgc amd64 1:5.45-3build1 [307 kB]
publish-candidate	Publish candidate and capture registry digest	2026-09-12T04:34:52.1381803Z #6 9.840 Get:39 http://archive.ubuntu.com/ubuntu noble/main amd64 libmagic1t64 amd64 1:5.45-3build1 [87.2 kB]
publish-candidate	Publish candidate and capture registry digest	2026-09-12T04:34:52.1382577Z #6 9.853 Get:40 http://archive.ubuntu.com/ubuntu noble/main amd64 file amd64 1:5.45-3build1 [22.0 kB]
publish-candidate	Publish candidate and capture registry digest	2026-09-12T04:34:52.3468993Z #6 9.886 Get:41 http://archive.ubuntu.com/ubuntu noble/main amd64 libjansson4 amd64 2.14-2build2 [32.8 kB]
publish-candidate	Publish candidate and capture registry digest	2026-09-12T04:34:52.3470351Z #6 9.907 Get:42 http://archive.ubuntu.com/ubuntu noble-updates/main amd64 libnghttp2-14 amd64 1.59.0-1ubuntu0.4 [74.6 kB]
publish-candidate	Publish candidate and capture registry digest	2026-09-12T04:34:52.3472093Z #6 9.911 Get:43 http://archive.ubuntu.com/ubuntu noble/main amd64 libpsl5t64 amd64 0.21.2-1.1build1 [57.1 kB]
publish-candidate	Publish candidate and capture registry digest	2026-09-12T04:34:52.3473419Z #6 9.912 Get:44 http://archive.ubuntu.com/ubuntu noble-updates/main amd64 libunwind8 amd64 1.6.2-3build1.1 [55.3 kB]
publish-candidate	Publish candidate and capture registry digest	2026-09-12T04:34:52.3474468Z #6 9.923 Get:45 http://archive.ubuntu.com/ubuntu noble/main amd64 strace amd64 6.8-0ubuntu2 [584 kB]
publish-candidate	Publish candidate and capture registry digest	2026-09-12T04:34:52.3475568Z #6 10.06 Get:46 http://archive.ubuntu.com/ubuntu noble-updates/main amd64 xz-utils amd64 5.6.1+really5.4.5-1ubuntu0.3 [267 kB]
publish-candidate	Publish candidate and capture registry digest	2026-09-12T04:34:52.5037802Z #6 10.08 Get:47 http://archive.ubuntu.com/ubuntu noble/main amd64 bc amd64 1.07.1-3ubuntu4 [85.3 kB]
publish-candidate	Publish candidate and capture registry digest	2026-09-12T04:34:52.5039292Z #6 10.14 Get:48 http://archive.ubuntu.com/ubuntu noble-updates/main amd64 binutils-common amd64 2.42-4ubuntu2.10 [240 kB]
publish-candidate	Publish candidate and capture registry digest	2026-09-12T04:34:52.5042195Z #6 10.22 Get:49 http://archive.ubuntu.com/ubuntu noble-updates/main amd64 libsframe1 amd64 2.42-4ubuntu2.10 [15.7 kB]
publish-candidate	Publish candidate and capture registry digest	2026-09-12T04:34:52.6244084Z #6 10.22 Get:50 http://archive.ubuntu.com/ubuntu noble-updates/main amd64 libbinutils amd64 2.42-4ubuntu2.10 [577 kB]
publish-candidate	Publish candidate and capture registry digest	2026-09-12T04:34:52.6245736Z #6 10.27 Get:51 http://archive.ubuntu.com/ubuntu noble-updates/main amd64 libctf-nobfd0 amd64 2.42-4ubuntu2.10 [98.0 kB]
publish-candidate	Publish candidate and capture registry digest	2026-09-12T04:34:52.6246924Z #6 10.34 Get:52 http://archive.ubuntu.com/ubuntu noble-updates/main amd64 libctf0 amd64 2.42-4ubuntu2.10 [94.5 kB]
publish-candidate	Publish candidate and capture registry digest	2026-09-12T04:34:52.8105964Z #6 10.34 Get:53 http://archive.ubuntu.com/ubuntu noble-updates/main amd64 libgprofng0 amd64 2.42-4ubuntu2.10 [849 kB]
publish-candidate	Publish candidate and capture registry digest	2026-09-12T04:34:52.8107466Z #6 10.35 Get:54 http://archive.ubuntu.com/ubuntu noble-updates/main amd64 binutils-x86-64-linux-gnu amd64 2.42-4ubuntu2.10 [2463 kB]
publish-candidate	Publish candidate and capture registry digest	2026-09-12T04:34:52.8108490Z #6 10.36 Get:55 http://archive.ubuntu.com/ubuntu noble-updates/main amd64 binutils amd64 2.42-4ubuntu2.10 [18.2 kB]
publish-candidate	Publish candidate and capture registry digest	2026-09-12T04:34:52.8109253Z #6 10.37 Get:56 http://archive.ubuntu.com/ubuntu noble-updates/main amd64 libc-dev-bin amd64 2.39-0ubuntu8.9 [20.4 kB]
publish-candidate	Publish candidate and capture registry digest	2026-09-12T04:34:52.8110119Z #6 10.39 Get:57 http://archive.ubuntu.com/ubuntu noble-updates/main amd64 linux-libc-dev amd64 6.8.0-139.139 [1527 kB]
publish-candidate	Publish candidate and capture registry digest	2026-09-12T04:34:52.8110828Z #6 10.53 Get:58 http://archive.ubuntu.com/ubuntu noble/main amd64 libcrypt-dev amd64 1:4.4.36-4build1 [112 kB]
publish-candidate	Publish candidate and capture registry digest	2026-09-12T04:34:53.0343684Z #6 10.53 Get:59 http://archive.ubuntu.com/ubuntu noble/main amd64 rpcsvc-proto amd64 1.4.2-0ubuntu7 [67.4 kB]
publish-candidate	Publish candidate and capture registry digest	2026-09-12T04:34:53.0344624Z #6 10.54 Get:60 http://archive.ubuntu.com/ubuntu noble-updates/main amd64 libc6-dev amd64 2.39-0ubuntu8.9 [2126 kB]
publish-candidate	Publish candidate and capture registry digest	2026-09-12T04:34:53.0345433Z #6 10.56 Get:61 http://archive.ubuntu.com/ubuntu noble-updates/main amd64 gcc-13-base amd64 13.3.0-6ubuntu2~24.04.1 [51.6 kB]
publish-candidate	Publish candidate and capture registry digest	2026-09-12T04:34:53.0346244Z #6 10.56 Get:62 http://archive.ubuntu.com/ubuntu noble-updates/main amd64 libisl23 amd64 0.26-3build1.1 [680 kB]
publish-candidate	Publish candidate and capture registry digest	2026-09-12T04:34:53.0347024Z #6 10.58 Get:63 http://archive.ubuntu.com/ubuntu noble-updates/main amd64 libmpfr6 amd64 4.2.1-1build1.1 [353 kB]
publish-candidate	Publish candidate and capture registry digest	2026-09-12T04:34:53.0347873Z #6 10.60 Get:64 http://archive.ubuntu.com/ubuntu noble-updates/main amd64 libmpc3 amd64 1.3.1-1build1.1 [54.6 kB]
publish-candidate	Publish candidate and capture registry digest	2026-09-12T04:34:53.0348726Z #6 10.60 Get:65 http://archive.ubuntu.com/ubuntu noble-updates/main amd64 cpp-13-x86-64-linux-gnu amd64 13.3.0-6ubuntu2~24.04.1 [10.7 MB]
publish-candidate	Publish candidate and capture registry digest	2026-09-12T04:34:53.0349541Z #6 10.75 Get:66 http://archive.ubuntu.com/ubuntu noble-updates/main amd64 cpp-13 amd64 13.3.0-6ubuntu2~24.04.1 [1042 B]
publish-candidate	Publish candidate and capture registry digest	2026-09-12T04:34:53.1633318Z #6 10.76 Get:67 http://archive.ubuntu.com/ubuntu noble/main amd64 cpp-x86-64-linux-gnu amd64 4:13.2.0-7ubuntu1 [5326 B]
publish-candidate	Publish candidate and capture registry digest	2026-09-12T04:34:53.1634819Z #6 10.83 Get:68 http://archive.ubuntu.com/ubuntu noble/main amd64 cpp amd64 4:13.2.0-7ubuntu1 [22.4 kB]
publish-candidate	Publish candidate and capture registry digest	2026-09-12T04:34:53.2798845Z #6 10.88 Get:69 http://archive.ubuntu.com/ubuntu noble-updates/main amd64 libcc1-0 amd64 14.2.0-4ubuntu2~24.04.1 [48.0 kB]
publish-candidate	Publish candidate and capture registry digest	2026-09-12T04:34:53.2800399Z #6 10.88 Get:70 http://archive.ubuntu.com/ubuntu noble-updates/main amd64 libgomp1 amd64 14.2.0-4ubuntu2~24.04.1 [148 kB]
publish-candidate	Publish candidate and capture registry digest	2026-09-12T04:34:53.2802245Z #6 10.91 Get:71 http://archive.ubuntu.com/ubuntu noble-updates/main amd64 libitm1 amd64 14.2.0-4ubuntu2~24.04.1 [29.7 kB]
publish-candidate	Publish candidate and capture registry digest	2026-09-12T04:34:53.2803645Z #6 10.91 Get:72 http://archive.ubuntu.com/ubuntu noble-updates/main amd64 libatomic1 amd64 14.2.0-4ubuntu2~24.04.1 [10.5 kB]
publish-candidate	Publish candidate and capture registry digest	2026-09-12T04:34:53.2804925Z #6 10.91 Get:73 http://archive.ubuntu.com/ubuntu noble-updates/main amd64 libasan8 amd64 14.2.0-4ubuntu2~24.04.1 [3027 kB]
publish-candidate	Publish candidate and capture registry digest	2026-09-12T04:34:53.2805895Z #6 10.94 Get:74 http://archive.ubuntu.com/ubuntu noble-updates/main amd64 liblsan0 amd64 14.2.0-4ubuntu2~24.04.1 [1322 kB]
publish-candidate	Publish candidate and capture registry digest	2026-09-12T04:34:53.2807003Z #6 10.99 Get:75 http://archive.ubuntu.com/ubuntu noble-updates/main amd64 libtsan2 amd64 14.2.0-4ubuntu2~24.04.1 [2772 kB]
publish-candidate	Publish candidate and capture registry digest	2026-09-12T04:34:53.4288000Z #6 11.06 Get:76 http://archive.ubuntu.com/ubuntu noble-updates/main amd64 libubsan1 amd64 14.2.0-4ubuntu2~24.04.1 [1184 kB]
publish-candidate	Publish candidate and capture registry digest	2026-09-12T04:34:53.4289669Z #6 11.07 Get:77 http://archive.ubuntu.com/ubuntu noble-updates/main amd64 libhwasan0 amd64 14.2.0-4ubuntu2~24.04.1 [1641 kB]
publish-candidate	Publish candidate and capture registry digest	2026-09-12T04:34:53.4290987Z #6 11.14 Get:78 http://archive.ubuntu.com/ubuntu noble-updates/main amd64 libquadmath0 amd64 14.2.0-4ubuntu2~24.04.1 [153 kB]
publish-candidate	Publish candidate and capture registry digest	2026-09-12T04:34:53.5504426Z #6 11.17 Get:79 http://archive.ubuntu.com/ubuntu noble-updates/main amd64 libgcc-13-dev amd64 13.3.0-6ubuntu2~24.04.1 [2681 kB]
publish-candidate	Publish candidate and capture registry digest	2026-09-12T04:34:53.5506550Z #6 11.27 Get:80 http://archive.ubuntu.com/ubuntu noble-updates/main amd64 gcc-13-x86-64-linux-gnu amd64 13.3.0-6ubuntu2~24.04.1 [21.1 MB]
publish-candidate	Publish candidate and capture registry digest	2026-09-12T04:34:53.9335670Z #6 11.65 Get:81 http://archive.ubuntu.com/ubuntu noble-updates/main amd64 gcc-13 amd64 13.3.0-6ubuntu2~24.04.1 [494 kB]
publish-candidate	Publish candidate and capture registry digest	2026-09-12T04:34:54.0514791Z #6 11.71 Get:82 http://archive.ubuntu.com/ubuntu noble/main amd64 gcc-x86-64-linux-gnu amd64 4:13.2.0-7ubuntu1 [1212 B]
publish-candidate	Publish candidate and capture registry digest	2026-09-12T04:34:54.0515663Z #6 11.71 Get:83 http://archive.ubuntu.com/ubuntu noble/main amd64 gcc amd64 4:13.2.0-7ubuntu1 [5018 B]
publish-candidate	Publish candidate and capture registry digest	2026-09-12T04:34:54.0516691Z #6 11.71 Get:84 http://archive.ubuntu.com/ubuntu noble-updates/main amd64 libstdc++-13-dev amd64 13.3.0-6ubuntu2~24.04.1 [2420 kB]
publish-candidate	Publish candidate and capture registry digest	2026-09-12T04:34:54.0517547Z #6 11.77 Get:85 http://archive.ubuntu.com/ubuntu noble-updates/main amd64 g++-13-x86-64-linux-gnu amd64 13.3.0-6ubuntu2~24.04.1 [12.2 MB]
publish-candidate	Publish candidate and capture registry digest	2026-09-12T04:34:54.2566808Z #6 11.97 Get:86 http://archive.ubuntu.com/ubuntu noble-updates/main amd64 g++-13 amd64 13.3.0-6ubuntu2~24.04.1 [16.0 kB]
publish-candidate	Publish candidate and capture registry digest	2026-09-12T04:34:54.3741790Z #6 11.99 Get:87 http://archive.ubuntu.com/ubuntu noble/main amd64 g++-x86-64-linux-gnu amd64 4:13.2.0-7ubuntu1 [964 B]
publish-candidate	Publish candidate and capture registry digest	2026-09-12T04:34:54.3743067Z #6 11.99 Get:88 http://archive.ubuntu.com/ubuntu noble/main amd64 g++ amd64 4:13.2.0-7ubuntu1 [1100 B]
publish-candidate	Publish candidate and capture registry digest	2026-09-12T04:34:54.3744077Z #6 12.01 Get:89 http://archive.ubuntu.com/ubuntu noble/main amd64 make amd64 4.3-4.1build2 [180 kB]
publish-candidate	Publish candidate and capture registry digest	2026-09-12T04:34:54.3745290Z #6 12.09 Get:90 http://archive.ubuntu.com/ubuntu noble-updates/main amd64 libdpkg-perl all 1.22.6ubuntu6.6 [268 kB]
publish-candidate	Publish candidate and capture registry digest	2026-09-12T04:34:54.4852871Z #6 12.11 Get:91 http://archive.ubuntu.com/ubuntu noble-updates/main amd64 bzip2 amd64 1.0.8-5.1ubuntu0.1 [34.6 kB]
publish-candidate	Publish candidate and capture registry digest	2026-09-12T04:34:54.4854575Z #6 12.12 Get:92 http://archive.ubuntu.com/ubuntu noble/main amd64 patch amd64 2.7.6-7build3 [104 kB]
publish-candidate	Publish candidate and capture registry digest	2026-09-12T04:34:54.4855715Z #6 12.15 Get:93 http://archive.ubuntu.com/ubuntu noble/main amd64 lto-disabled-list all 47 [12.4 kB]
publish-candidate	Publish candidate and capture registry digest	2026-09-12T04:34:54.4856880Z #6 12.20 Get:94 http://archive.ubuntu.com/ubuntu noble-updates/main amd64 dpkg-dev all 1.22.6ubuntu6.6 [1074 kB]
publish-candidate	Publish candidate and capture registry digest	2026-09-12T04:34:54.5889886Z #6 12.25 Get:95 http://archive.ubuntu.com/ubuntu noble/main amd64 build-essential amd64 12.10ubuntu1 [4928 B]
publish-candidate	Publish candidate and capture registry digest	2026-09-12T04:34:54.5891785Z #6 12.30 Get:96 http://archive.ubuntu.com/ubuntu noble/main amd64 libbrotli1 amd64 1.1.0-2build2 [331 kB]
publish-candidate	Publish candidate and capture registry digest	2026-09-12T04:34:54.7066333Z #6 12.34 Get:97 http://archive.ubuntu.com/ubuntu noble-updates/main amd64 libsasl2-modules-db amd64 2.1.28+dfsg1-5ubuntu3.1 [20.4 kB]
publish-candidate	Publish candidate and capture registry digest	2026-09-12T04:34:54.7068227Z #6 12.34 Get:98 http://archive.ubuntu.com/ubuntu noble-updates/main amd64 libsasl2-2 amd64 2.1.28+dfsg1-5ubuntu3.1 [53.2 kB]
publish-candidate	Publish candidate and capture registry digest	2026-09-12T04:34:54.7069618Z #6 12.39 Get:99 http://archive.ubuntu.com/ubuntu noble-updates/main amd64 libldap2 amd64 2.6.10+dfsg-0ubuntu0.24.04.1 [198 kB]
publish-candidate	Publish candidate and capture registry digest	2026-09-12T04:34:54.7070826Z #6 12.42 Get:100 http://archive.ubuntu.com/ubuntu noble/main amd64 librtmp1 amd64 2.4+20151223.gitfa8646d.1-2build7 [56.3 kB]
publish-candidate	Publish candidate and capture registry digest	2026-09-12T04:34:54.8579690Z #6 12.42 Get:101 http://archive.ubuntu.com/ubuntu noble-updates/main amd64 libssh-4 amd64 0.10.6-2ubuntu0.5 [191 kB]
publish-candidate	Publish candidate and capture registry digest	2026-09-12T04:34:55.0212890Z #6 12.74 Get:102 http://archive.ubuntu.com/ubuntu noble-updates/main amd64 libcurl4t64 amd64 8.5.0-2ubuntu10.13 [343 kB]
publish-candidate	Publish candidate and capture registry digest	2026-09-12T04:34:55.4278533Z #6 13.14 Get:103 http://archive.ubuntu.com/ubuntu noble-updates/main amd64 curl amd64 8.5.0-2ubuntu10.13 [226 kB]
publish-candidate	Publish candidate and capture registry digest	2026-09-12T04:34:55.5625507Z #6 13.21 Get:104 http://archive.ubuntu.com/ubuntu noble-updates/main amd64 libdw1t64 amd64 0.190-1.1ubuntu0.1 [261 kB]
publish-candidate	Publish candidate and capture registry digest	2026-09-12T04:34:55.5626732Z #6 13.28 Get:105 http://archive.ubuntu.com/ubuntu noble/main amd64 libbabeltrace1 amd64 1.5.11-3build3 [164 kB]
publish-candidate	Publish candidate and capture registry digest	2026-09-12T04:34:55.7912040Z #6 13.33 Get:106 http://archive.ubuntu.com/ubuntu noble-updates/main amd64 libcurl3t64-gnutls amd64 8.5.0-2ubuntu10.13 [335 kB]
publish-candidate	Publish candidate and capture registry digest	2026-09-12T04:34:55.7913294Z #6 13.35 Get:107 http://archive.ubuntu.com/ubuntu noble-updates/main amd64 libdebuginfod1t64 amd64 0.190-1.1ubuntu0.1 [17.1 kB]
publish-candidate	Publish candidate and capture registry digest	2026-09-12T04:34:55.7914078Z #6 13.36 Get:108 http://archive.ubuntu.com/ubuntu noble/main amd64 libipt2 amd64 2.0.6-1build1 [45.7 kB]
publish-candidate	Publish candidate and capture registry digest	2026-09-12T04:34:55.7914948Z #6 13.36 Get:109 http://archive.ubuntu.com/ubuntu noble-updates/main amd64 libpython3.12t64 amd64 3.12.3-1ubuntu0.17 [2348 kB]
publish-candidate	Publish candidate and capture registry digest	2026-09-12T04:34:55.8570185Z #6 13.57 Get:110 http://archive.ubuntu.com/ubuntu noble/main amd64 libsource-highlight-common all 3.1.9-4.3build1 [64.2 kB]
publish-candidate	Publish candidate and capture registry digest	2026-09-12T04:34:55.9850006Z #6 13.57 Get:111 http://archive.ubuntu.com/ubuntu noble/main amd64 libsource-highlight4t64 amd64 3.1.9-4.3build1 [258 kB]
publish-candidate	Publish candidate and capture registry digest	2026-09-12T04:34:55.9851089Z #6 13.58 Get:112 http://archive.ubuntu.com/ubuntu noble-updates/main amd64 gdb amd64 15.1-1ubuntu1~24.04.1 [4083 kB]
publish-candidate	Publish candidate and capture registry digest	2026-09-12T04:34:55.9852753Z #6 13.70 Get:113 http://archive.ubuntu.com/ubuntu noble/main amd64 liberror-perl all 0.17029-2 [25.6 kB]
publish-candidate	Publish candidate and capture registry digest	2026-09-12T04:34:56.2104321Z #6 13.70 Get:114 http://archive.ubuntu.com/ubuntu noble-updates/main amd64 git-man all 1:2.43.0-1ubuntu7.3 [1100 kB]
publish-candidate	Publish candidate and capture registry digest	2026-09-12T04:34:56.2105322Z #6 13.71 Get:115 http://archive.ubuntu.com/ubuntu noble-updates/main amd64 git amd64 1:2.43.0-1ubuntu7.3 [3680 kB]
publish-candidate	Publish candidate and capture registry digest	2026-09-12T04:34:56.2106114Z #6 13.77 Get:116 http://archive.ubuntu.com/ubuntu noble-updates/main amd64 sqlite3 amd64 3.45.1-1ubuntu2.7 [144 kB]
publish-candidate	Publish candidate and capture registry digest	2026-09-12T04:34:56.2110819Z #6 13.93 debconf: delaying package configuration, since apt-utils is not installed
publish-candidate	Publish candidate and capture registry digest	2026-09-12T04:34:56.3223075Z #6 13.95 Fetched 111 MB in 7s (14.8 MB/s)
publish-candidate	Publish candidate and capture registry digest	2026-09-12T04:34:56.3223733Z #6 13.96 (Reading database ... 
publish-candidate	Publish candidate and capture registry digest	2026-09-12T04:34:56.3224070Z (Reading database ... 5%
publish-candidate	Publish candidate and capture registry digest	2026-09-12T04:34:56.3224441Z (Reading database ... 10%
publish-candidate	Publish candidate and capture registry digest	2026-09-12T04:34:56.3224764Z (Reading database ... 15%
publish-candidate	Publish candidate and capture registry digest	2026-09-12T04:34:56.3225085Z (Reading database ... 20%
publish-candidate	Publish candidate and capture registry digest	2026-09-12T04:34:56.3225389Z (Reading database ... 25%
publish-candidate	Publish candidate and capture registry digest	2026-09-12T04:34:56.3225675Z (Reading database ... 30%
publish-candidate	Publish candidate and capture registry digest	2026-09-12T04:34:56.3225950Z (Reading database ... 35%
publish-candidate	Publish candidate and capture registry digest	2026-09-12T04:34:56.3226261Z (Reading database ... 40%
publish-candidate	Publish candidate and capture registry digest	2026-09-12T04:34:56.3226576Z (Reading database ... 45%
publish-candidate	Publish candidate and capture registry digest	2026-09-12T04:34:56.3226970Z (Reading database ... 50%
publish-candidate	Publish candidate and capture registry digest	2026-09-12T04:34:56.3227362Z (Reading database ... 55%
publish-candidate	Publish candidate and capture registry digest	2026-09-12T04:34:56.3227774Z (Reading database ... 60%
publish-candidate	Publish candidate and capture registry digest	2026-09-12T04:34:56.3228224Z (Reading database ... 65%
publish-candidate	Publish candidate and capture registry digest	2026-09-12T04:34:56.3228727Z (Reading database ... 70%
publish-candidate	Publish candidate and capture registry digest	2026-09-12T04:34:56.3229116Z (Reading database ... 75%
publish-candidate	Publish candidate and capture registry digest	2026-09-12T04:34:56.3229529Z (Reading database ... 80%
publish-candidate	Publish candidate and capture registry digest	2026-09-12T04:34:56.3229972Z (Reading database ... 85%
publish-candidate	Publish candidate and capture registry digest	2026-09-12T04:34:56.3230472Z (Reading database ... 90%
publish-candidate	Publish candidate and capture registry digest	2026-09-12T04:34:56.3230980Z (Reading database ... 95%
publish-candidate	Publish candidate and capture registry digest	2026-09-12T04:34:56.3233062Z (Reading database ... 100%
publish-candidate	Publish candidate and capture registry digest	2026-09-12T04:34:56.3233754Z (Reading database ... 4381 files and directories currently installed.)
publish-candidate	Publish candidate and capture registry digest	2026-09-12T04:34:56.3234607Z #6 13.97 Preparing to unpack .../libc6_2.39-0ubuntu8.9_amd64.deb ...
publish-candidate	Publish candidate and capture registry digest	2026-09-12T04:34:56.3235196Z #6 14.04 Unpacking libc6:amd64 (2.39-0ubuntu8.9) over (2.39-0ubuntu8.8) ...
publish-candidate	Publish candidate and capture registry digest	2026-09-12T04:34:56.8063567Z #6 14.52 Setting up libc6:amd64 (2.39-0ubuntu8.9) ...
publish-candidate	Publish candidate and capture registry digest	2026-09-12T04:34:58.0041020Z #6 15.60 (Reading database ... 
publish-candidate	Publish candidate and capture registry digest	2026-09-12T04:34:58.0042230Z (Reading database ... 5%
publish-candidate	Publish candidate and capture registry digest	2026-09-12T04:34:58.0042882Z (Reading database ... 10%
publish-candidate	Publish candidate and capture registry digest	2026-09-12T04:34:58.0043183Z (Reading database ... 15%
publish-candidate	Publish candidate and capture registry digest	2026-09-12T04:34:58.0043585Z (Reading database ... 20%
publish-candidate	Publish candidate and capture registry digest	2026-09-12T04:34:58.0044092Z (Reading database ... 25%
publish-candidate	Publish candidate and capture registry digest	2026-09-12T04:34:58.0044487Z (Reading database ... 30%
publish-candidate	Publish candidate and capture registry digest	2026-09-12T04:34:58.0044959Z (Reading database ... 35%
publish-candidate	Publish candidate and capture registry digest	2026-09-12T04:34:58.0045365Z (Reading database ... 40%
publish-candidate	Publish candidate and capture registry digest	2026-09-12T04:34:58.0045803Z (Reading database ... 45%
publish-candidate	Publish candidate and capture registry digest	2026-09-12T04:34:58.0046271Z (Reading database ... 50%
publish-candidate	Publish candidate and capture registry digest	2026-09-12T04:34:58.0046767Z (Reading database ... 55%
publish-candidate	Publish candidate and capture registry digest	2026-09-12T04:34:58.0047103Z (Reading database ... 60%
publish-candidate	Publish candidate and capture registry digest	2026-09-12T04:34:58.0047403Z (Reading database ... 65%
publish-candidate	Publish candidate and capture registry digest	2026-09-12T04:34:58.0047681Z (Reading database ... 70%
publish-candidate	Publish candidate and capture registry digest	2026-09-12T04:34:58.0048026Z (Reading database ... 75%
publish-candidate	Publish candidate and capture registry digest	2026-09-12T04:34:58.0048322Z (Reading database ... 80%
publish-candidate	Publish candidate and capture registry digest	2026-09-12T04:34:58.0048689Z (Reading database ... 85%
publish-candidate	Publish candidate and capture registry digest	2026-09-12T04:34:58.0049218Z (Reading database ... 90%
publish-candidate	Publish candidate and capture registry digest	2026-09-12T04:34:58.0049601Z (Reading database ... 95%
publish-candidate	Publish candidate and capture registry digest	2026-09-12T04:34:58.0050219Z (Reading database ... 100%
publish-candidate	Publish candidate and capture registry digest	2026-09-12T04:34:58.0050978Z (Reading database ... 4381 files and directories currently installed.)
publish-candidate	Publish candidate and capture registry digest	2026-09-12T04:34:58.0051899Z #6 15.60 Preparing to unpack .../libc-bin_2.39-0ubuntu8.9_amd64.deb ...
publish-candidate	Publish candidate and capture registry digest	2026-09-12T04:34:58.0052797Z #6 15.60 Unpacking libc-bin (2.39-0ubuntu8.9) over (2.39-0ubuntu8.8) ...
publish-candidate	Publish candidate and capture registry digest	2026-09-12T04:34:58.0053485Z #6 15.69 Setting up libc-bin (2.39-0ubuntu8.9) ...
publish-candidate	Publish candidate and capture registry digest	2026-09-12T04:34:58.0054274Z #6 15.72 Selecting previously unselected package libpython3.12-minimal:amd64.
publish-candidate	Publish candidate and capture registry digest	2026-09-12T04:34:58.1044680Z #6 15.72 (Reading database ... 
publish-candidate	Publish candidate and capture registry digest	2026-09-12T04:34:58.1045340Z (Reading database ... 5%
publish-candidate	Publish candidate and capture registry digest	2026-09-12T04:34:58.1045853Z (Reading database ... 10%
publish-candidate	Publish candidate and capture registry digest	2026-09-12T04:34:58.1056559Z (Reading database ... 15%
publish-candidate	Publish candidate and capture registry digest	2026-09-12T04:34:58.1057414Z (Reading database ... 20%
publish-candidate	Publish candidate and capture registry digest	2026-09-12T04:34:58.1058064Z (Reading database ... 25%
publish-candidate	Publish candidate and capture registry digest	2026-09-12T04:34:58.1058645Z (Reading database ... 30%
publish-candidate	Publish candidate and capture registry digest	2026-09-12T04:34:58.1059031Z (Reading database ... 35%
publish-candidate	Publish candidate and capture registry digest	2026-09-12T04:34:58.1059496Z (Reading database ... 40%
publish-candidate	Publish candidate and capture registry digest	2026-09-12T04:34:58.1059865Z (Reading database ... 45%
publish-candidate	Publish candidate and capture registry digest	2026-09-12T04:34:58.1060276Z (Reading database ... 50%
publish-candidate	Publish candidate and capture registry digest	2026-09-12T04:34:58.1060704Z (Reading database ... 55%
publish-candidate	Publish candidate and capture registry digest	2026-09-12T04:34:58.1061110Z (Reading database ... 60%
publish-candidate	Publish candidate and capture registry digest	2026-09-12T04:34:58.1061661Z (Reading database ... 65%
publish-candidate	Publish candidate and capture registry digest	2026-09-12T04:34:58.1062084Z (Reading database ... 70%
publish-candidate	Publish candidate and capture registry digest	2026-09-12T04:34:58.1062451Z (Reading database ... 75%
publish-candidate	Publish candidate and capture registry digest	2026-09-12T04:34:58.1062828Z (Reading database ... 80%
publish-candidate	Publish candidate and capture registry digest	2026-09-12T04:34:58.1063209Z (Reading database ... 85%
publish-candidate	Publish candidate and capture registry digest	2026-09-12T04:34:58.1063641Z (Reading database ... 90%
publish-candidate	Publish candidate and capture registry digest	2026-09-12T04:34:58.1064032Z (Reading database ... 95%
publish-candidate	Publish candidate and capture registry digest	2026-09-12T04:34:58.1064493Z (Reading database ... 100%
publish-candidate	Publish candidate and capture registry digest	2026-09-12T04:34:58.1064932Z (Reading database ... 4381 files and directories currently installed.)
publish-candidate	Publish candidate and capture registry digest	2026-09-12T04:34:58.1065551Z #6 15.72 Preparing to unpack .../libpython3.12-minimal_3.12.3-1ubuntu0.17_amd64.deb ...
publish-candidate	Publish candidate and capture registry digest	2026-09-12T04:34:58.1066324Z #6 15.73 Unpacking libpython3.12-minimal:amd64 (3.12.3-1ubuntu0.17) ...
publish-candidate	Publish candidate and capture registry digest	2026-09-12T04:34:58.1066861Z #6 15.78 Selecting previously unselected package libexpat1:amd64.
publish-candidate	Publish candidate and capture registry digest	2026-09-12T04:34:58.1067371Z #6 15.78 Preparing to unpack .../libexpat1_2.6.1-2ubuntu0.4_amd64.deb ...
publish-candidate	Publish candidate and capture registry digest	2026-09-12T04:34:58.1067854Z #6 15.81 Unpacking libexpat1:amd64 (2.6.1-2ubuntu0.4) ...
publish-candidate	Publish candidate and capture registry digest	2026-09-12T04:34:58.1068300Z #6 15.82 Selecting previously unselected package python3.12-minimal.
publish-candidate	Publish candidate and capture registry digest	2026-09-12T04:34:58.3063198Z #6 15.82 Preparing to unpack .../python3.12-minimal_3.12.3-1ubuntu0.17_amd64.deb ...
publish-candidate	Publish candidate and capture registry digest	2026-09-12T04:34:58.3063954Z #6 15.82 Unpacking python3.12-minimal (3.12.3-1ubuntu0.17) ...
publish-candidate	Publish candidate and capture registry digest	2026-09-12T04:34:58.3065045Z #6 15.86 Setting up libpython3.12-minimal:amd64 (3.12.3-1ubuntu0.17) ...
publish-candidate	Publish candidate and capture registry digest	2026-09-12T04:34:58.3065577Z #6 15.87 Setting up libexpat1:amd64 (2.6.1-2ubuntu0.4) ...
publish-candidate	Publish candidate and capture registry digest	2026-09-12T04:34:58.3066020Z #6 15.87 Setting up python3.12-minimal (3.12.3-1ubuntu0.17) ...
publish-candidate	Publish candidate and capture registry digest	2026-09-12T04:34:58.7998259Z #6 16.51 Selecting previously unselected package python3-minimal.
publish-candidate	Publish candidate and capture registry digest	2026-09-12T04:34:58.9372949Z #6 16.51 (Reading database ... 
publish-candidate	Publish candidate and capture registry digest	2026-09-12T04:34:58.9373643Z (Reading database ... 5%
publish-candidate	Publish candidate and capture registry digest	2026-09-12T04:34:58.9374151Z (Reading database ... 10%
publish-candidate	Publish candidate and capture registry digest	2026-09-12T04:34:58.9374652Z (Reading database ... 15%
publish-candidate	Publish candidate and capture registry digest	2026-09-12T04:34:58.9375102Z (Reading database ... 20%
publish-candidate	Publish candidate and capture registry digest	2026-09-12T04:34:58.9375629Z (Reading database ... 25%
publish-candidate	Publish candidate and capture registry digest	2026-09-12T04:34:58.9376140Z (Reading database ... 30%
publish-candidate	Publish candidate and capture registry digest	2026-09-12T04:34:58.9376590Z (Reading database ... 35%
publish-candidate	Publish candidate and capture registry digest	2026-09-12T04:34:58.9377047Z (Reading database ... 40%
publish-candidate	Publish candidate and capture registry digest	2026-09-12T04:34:58.9377481Z (Reading database ... 45%
publish-candidate	Publish candidate and capture registry digest	2026-09-12T04:34:58.9377962Z (Reading database ... 50%
publish-candidate	Publish candidate and capture registry digest	2026-09-12T04:34:58.9378425Z (Reading database ... 55%
publish-candidate	Publish candidate and capture registry digest	2026-09-12T04:34:58.9378854Z (Reading database ... 60%
publish-candidate	Publish candidate and capture registry digest	2026-09-12T04:34:58.9379324Z (Reading database ... 65%
publish-candidate	Publish candidate and capture registry digest	2026-09-12T04:34:58.9379751Z (Reading database ... 70%
publish-candidate	Publish candidate and capture registry digest	2026-09-12T04:34:58.9380199Z (Reading database ... 75%
publish-candidate	Publish candidate and capture registry digest	2026-09-12T04:34:58.9380641Z (Reading database ... 80%
publish-candidate	Publish candidate and capture registry digest	2026-09-12T04:34:58.9381003Z (Reading database ... 85%
publish-candidate	Publish candidate and capture registry digest	2026-09-12T04:34:58.9381607Z (Reading database ... 90%
publish-candidate	Publish candidate and capture registry digest	2026-09-12T04:34:58.9382008Z (Reading database ... 95%
publish-candidate	Publish candidate and capture registry digest	2026-09-12T04:34:58.9382460Z (Reading database ... 100%
publish-candidate	Publish candidate and capture registry digest	2026-09-12T04:34:58.9383008Z (Reading database ... 4700 files and directories currently installed.)
publish-candidate	Publish candidate and capture registry digest	2026-09-12T04:34:58.9383749Z #6 16.52 Preparing to unpack .../0-python3-minimal_3.12.3-0ubuntu2.1_amd64.deb ...
publish-candidate	Publish candidate and capture registry digest	2026-09-12T04:34:58.9384573Z #6 16.52 Unpacking python3-minimal (3.12.3-0ubuntu2.1) ...
publish-candidate	Publish candidate and capture registry digest	2026-09-12T04:34:58.9385220Z #6 16.53 Selecting previously unselected package media-types.
publish-candidate	Publish candidate and capture registry digest	2026-09-12T04:34:58.9385771Z #6 16.53 Preparing to unpack .../1-media-types_10.1.0_all.deb ...
publish-candidate	Publish candidate and capture registry digest	2026-09-12T04:34:58.9386380Z #6 16.53 Unpacking media-types (10.1.0) ...
publish-candidate	Publish candidate and capture registry digest	2026-09-12T04:34:58.9386861Z #6 16.55 Selecting previously unselected package netbase.
publish-candidate	Publish candidate and capture registry digest	2026-09-12T04:34:58.9387314Z #6 16.55 Preparing to unpack .../2-netbase_6.4_all.deb ...
publish-candidate	Publish candidate and capture registry digest	2026-09-12T04:34:58.9387762Z #6 16.55 Unpacking netbase (6.4) ...
publish-candidate	Publish candidate and capture registry digest	2026-09-12T04:34:58.9388152Z #6 16.56 Selecting previously unselected package tzdata.
publish-candidate	Publish candidate and capture registry digest	2026-09-12T04:34:58.9388739Z #6 16.56 Preparing to unpack .../3-tzdata_2026c-0ubuntu0.24.04.1_all.deb ...
publish-candidate	Publish candidate and capture registry digest	2026-09-12T04:34:58.9389236Z #6 16.56 Unpacking tzdata (2026c-0ubuntu0.24.04.1) ...
publish-candidate	Publish candidate and capture registry digest	2026-09-12T04:34:58.9389845Z #6 16.61 Selecting previously unselected package readline-common.
publish-candidate	Publish candidate and capture registry digest	2026-09-12T04:34:58.9390484Z #6 16.61 Preparing to unpack .../4-readline-common_8.2-4build1_all.deb ...
publish-candidate	Publish candidate and capture registry digest	2026-09-12T04:34:58.9391037Z #6 16.61 Unpacking readline-common (8.2-4build1) ...
publish-candidate	Publish candidate and capture registry digest	2026-09-12T04:34:58.9391821Z #6 16.65 Selecting previously unselected package libreadline8t64:amd64.
publish-candidate	Publish candidate and capture registry digest	2026-09-12T04:34:59.0486899Z #6 16.65 Preparing to unpack .../5-libreadline8t64_8.2-4build1_amd64.deb ...
publish-candidate	Publish candidate and capture registry digest	2026-09-12T04:34:59.0488170Z #6 16.66 Adding 'diversion of /lib/x86_64-linux-gnu/libhistory.so.8 to /lib/x86_64-linux-gnu/libhistory.so.8.usr-is-merged by libreadline8t64'
publish-candidate	Publish candidate and capture registry digest	2026-09-12T04:34:59.0489343Z #6 16.66 Adding 'diversion of /lib/x86_64-linux-gnu/libhistory.so.8.2 to /lib/x86_64-linux-gnu/libhistory.so.8.2.usr-is-merged by libreadline8t64'
publish-candidate	Publish candidate and capture registry digest	2026-09-12T04:34:59.0490492Z #6 16.66 Adding 'diversion of /lib/x86_64-linux-gnu/libreadline.so.8 to /lib/x86_64-linux-gnu/libreadline.so.8.usr-is-merged by libreadline8t64'
publish-candidate	Publish candidate and capture registry digest	2026-09-12T04:34:59.0492387Z #6 16.67 Adding 'diversion of /lib/x86_64-linux-gnu/libreadline.so.8.2 to /lib/x86_64-linux-gnu/libreadline.so.8.2.usr-is-merged by libreadline8t64'
publish-candidate	Publish candidate and capture registry digest	2026-09-12T04:34:59.0493251Z #6 16.67 Unpacking libreadline8t64:amd64 (8.2-4build1) ...
publish-candidate	Publish candidate and capture registry digest	2026-09-12T04:34:59.0493769Z #6 16.68 Selecting previously unselected package libsqlite3-0:amd64.
publish-candidate	Publish candidate and capture registry digest	2026-09-12T04:34:59.0494403Z #6 16.68 Preparing to unpack .../6-libsqlite3-0_3.45.1-1ubuntu2.7_amd64.deb ...
publish-candidate	Publish candidate and capture registry digest	2026-09-12T04:34:59.0495489Z #6 16.68 Unpacking libsqlite3-0:amd64 (3.45.1-1ubuntu2.7) ...
publish-candidate	Publish candidate and capture registry digest	2026-09-12T04:34:59.0496010Z #6 16.70 Selecting previously unselected package libpython3.12-stdlib:amd64.
publish-candidate	Publish candidate and capture registry digest	2026-09-12T04:34:59.0496784Z #6 16.70 Preparing to unpack .../7-libpython3.12-stdlib_3.12.3-1ubuntu0.17_amd64.deb ...
publish-candidate	Publish candidate and capture registry digest	2026-09-12T04:34:59.0497511Z #6 16.70 Unpacking libpython3.12-stdlib:amd64 (3.12.3-1ubuntu0.17) ...
publish-candidate	Publish candidate and capture registry digest	2026-09-12T04:34:59.0498187Z #6 16.76 Selecting previously unselected package python3.12.
publish-candidate	Publish candidate and capture registry digest	2026-09-12T04:34:59.2012898Z #6 16.76 Preparing to unpack .../8-python3.12_3.12.3-1ubuntu0.17_amd64.deb ...
publish-candidate	Publish candidate and capture registry digest	2026-09-12T04:34:59.2013810Z #6 16.77 Unpacking python3.12 (3.12.3-1ubuntu0.17) ...
publish-candidate	Publish candidate and capture registry digest	2026-09-12T04:34:59.2014504Z #6 16.78 Selecting previously unselected package libpython3-stdlib:amd64.
publish-candidate	Publish candidate and capture registry digest	2026-09-12T04:34:59.2015296Z #6 16.78 Preparing to unpack .../9-libpython3-stdlib_3.12.3-0ubuntu2.1_amd64.deb ...
publish-candidate	Publish candidate and capture registry digest	2026-09-12T04:34:59.2016044Z #6 16.78 Unpacking libpython3-stdlib:amd64 (3.12.3-0ubuntu2.1) ...
publish-candidate	Publish candidate and capture registry digest	2026-09-12T04:34:59.2016679Z #6 16.79 Setting up python3-minimal (3.12.3-0ubuntu2.1) ...
publish-candidate	Publish candidate and capture registry digest	2026-09-12T04:34:59.2017331Z #6 16.92 Selecting previously unselected package python3.
publish-candidate	Publish candidate and capture registry digest	2026-09-12T04:34:59.4095536Z #6 16.92 (Reading database ... 
publish-candidate	Publish candidate and capture registry digest	2026-09-12T04:34:59.4096192Z (Reading database ... 5%
publish-candidate	Publish candidate and capture registry digest	2026-09-12T04:34:59.4096635Z (Reading database ... 10%
publish-candidate	Publish candidate and capture registry digest	2026-09-12T04:34:59.4097391Z (Reading database ... 15%
publish-candidate	Publish candidate and capture registry digest	2026-09-12T04:34:59.4097844Z (Reading database ... 20%
publish-candidate	Publish candidate and capture registry digest	2026-09-12T04:34:59.4098201Z (Reading database ... 25%
publish-candidate	Publish candidate and capture registry digest	2026-09-12T04:34:59.4098639Z (Reading database ... 30%
publish-candidate	Publish candidate and capture registry digest	2026-09-12T04:34:59.4098985Z (Reading database ... 35%
publish-candidate	Publish candidate and capture registry digest	2026-09-12T04:34:59.4099315Z (Reading database ... 40%
publish-candidate	Publish candidate and capture registry digest	2026-09-12T04:34:59.4099693Z (Reading database ... 45%
publish-candidate	Publish candidate and capture registry digest	2026-09-12T04:34:59.4100028Z (Reading database ... 50%
publish-candidate	Publish candidate and capture registry digest	2026-09-12T04:34:59.4100391Z (Reading database ... 55%
publish-candidate	Publish candidate and capture registry digest	2026-09-12T04:34:59.4100761Z (Reading database ... 60%
publish-candidate	Publish candidate and capture registry digest	2026-09-12T04:34:59.4101091Z (Reading database ... 65%
publish-candidate	Publish candidate and capture registry digest	2026-09-12T04:34:59.4101857Z (Reading database ... 70%
publish-candidate	Publish candidate and capture registry digest	2026-09-12T04:34:59.4102332Z (Reading database ... 75%
publish-candidate	Publish candidate and capture registry digest	2026-09-12T04:34:59.4102748Z (Reading database ... 80%
publish-candidate	Publish candidate and capture registry digest	2026-09-12T04:34:59.4103098Z (Reading database ... 85%
publish-candidate	Publish candidate and capture registry digest	2026-09-12T04:34:59.4103432Z (Reading database ... 90%
publish-candidate	Publish candidate and capture registry digest	2026-09-12T04:34:59.4103792Z (Reading database ... 95%
publish-candidate	Publish candidate and capture registry digest	2026-09-12T04:34:59.4104125Z (Reading database ... 100%
publish-candidate	Publish candidate and capture registry digest	2026-09-12T04:34:59.4104555Z (Reading database ... 5706 files and directories currently installed.)
publish-candidate	Publish candidate and capture registry digest	2026-09-12T04:34:59.4105222Z #6 16.92 Preparing to unpack .../000-python3_3.12.3-0ubuntu2.1_amd64.deb ...
publish-candidate	Publish candidate and capture registry digest	2026-09-12T04:34:59.4105713Z #6 16.92 Unpacking python3 (3.12.3-0ubuntu2.1) ...
publish-candidate	Publish candidate and capture registry digest	2026-09-12T04:34:59.4106151Z #6 16.94 Selecting previously unselected package ucf.
publish-candidate	Publish candidate and capture registry digest	2026-09-12T04:34:59.4106689Z #6 16.94 Preparing to unpack .../001-ucf_3.0043+nmu1_all.deb ...
publish-candidate	Publish candidate and capture registry digest	2026-09-12T04:34:59.4107150Z #6 16.94 Moving old data out of the way
publish-candidate	Publish candidate and capture registry digest	2026-09-12T04:34:59.4107586Z #6 16.94 Unpacking ucf (3.0043+nmu1) ...
publish-candidate	Publish candidate and capture registry digest	2026-09-12T04:34:59.4108446Z #6 16.96 Selecting previously unselected package libdebuginfod-common.
publish-candidate	Publish candidate and capture registry digest	2026-09-12T04:34:59.4109065Z #6 16.96 Preparing to unpack .../002-libdebuginfod-common_0.190-1.1ubuntu0.1_all.deb ...
publish-candidate	Publish candidate and capture registry digest	2026-09-12T04:34:59.4109655Z #6 16.96 Unpacking libdebuginfod-common (0.190-1.1ubuntu0.1) ...
publish-candidate	Publish candidate and capture registry digest	2026-09-12T04:34:59.4110202Z #6 16.97 Selecting previously unselected package perl-modules-5.38.
publish-candidate	Publish candidate and capture registry digest	2026-09-12T04:34:59.4110813Z #6 16.97 Preparing to unpack .../003-perl-modules-5.38_5.38.2-3.2ubuntu0.4_all.deb ...
publish-candidate	Publish candidate and capture registry digest	2026-09-12T04:34:59.4111593Z #6 16.97 Unpacking perl-modules-5.38 (5.38.2-3.2ubuntu0.4) ...
publish-candidate	Publish candidate and capture registry digest	2026-09-12T04:34:59.4294769Z #6 17.14 Selecting previously unselected package libgdbm6t64:amd64.
publish-candidate	Publish candidate and capture registry digest	2026-09-12T04:34:59.6155238Z #6 17.15 Preparing to unpack .../004-libgdbm6t64_1.23-5.1build1_amd64.deb ...
publish-candidate	Publish candidate and capture registry digest	2026-09-12T04:34:59.6156095Z #6 17.15 Unpacking libgdbm6t64:amd64 (1.23-5.1build1) ...
publish-candidate	Publish candidate and capture registry digest	2026-09-12T04:34:59.6156591Z #6 17.17 Selecting previously unselected package libgdbm-compat4t64:amd64.
publish-candidate	Publish candidate and capture registry digest	2026-09-12T04:34:59.6157164Z #6 17.17 Preparing to unpack .../005-libgdbm-compat4t64_1.23-5.1build1_amd64.deb ...
publish-candidate	Publish candidate and capture registry digest	2026-09-12T04:34:59.6157894Z #6 17.17 Unpacking libgdbm-compat4t64:amd64 (1.23-5.1build1) ...
publish-candidate	Publish candidate and capture registry digest	2026-09-12T04:34:59.6158504Z #6 17.19 Selecting previously unselected package libperl5.38t64:amd64.
publish-candidate	Publish candidate and capture registry digest	2026-09-12T04:34:59.6159036Z #6 17.19 Preparing to unpack .../006-libperl5.38t64_5.38.2-3.2ubuntu0.4_amd64.deb ...
publish-candidate	Publish candidate and capture registry digest	2026-09-12T04:34:59.6159560Z #6 17.20 Unpacking libperl5.38t64:amd64 (5.38.2-3.2ubuntu0.4) ...
publish-candidate	Publish candidate and capture registry digest	2026-09-12T04:34:59.6159997Z #6 17.33 Selecting previously unselected package perl.
publish-candidate	Publish candidate and capture registry digest	2026-09-12T04:34:59.7264668Z #6 17.33 Preparing to unpack .../007-perl_5.38.2-3.2ubuntu0.4_amd64.deb ...
publish-candidate	Publish candidate and capture registry digest	2026-09-12T04:34:59.7265862Z #6 17.34 Unpacking perl (5.38.2-3.2ubuntu0.4) ...
publish-candidate	Publish candidate and capture registry digest	2026-09-12T04:34:59.7266718Z #6 17.35 Selecting previously unselected package openssl.
publish-candidate	Publish candidate and capture registry digest	2026-09-12T04:34:59.7267555Z #6 17.36 Preparing to unpack .../008-openssl_3.0.13-0ubuntu3.15_amd64.deb ...
publish-candidate	Publish candidate and capture registry digest	2026-09-12T04:34:59.7268800Z #6 17.36 Unpacking openssl (3.0.13-0ubuntu3.15) ...
publish-candidate	Publish candidate and capture registry digest	2026-09-12T04:34:59.7269745Z #6 17.40 Selecting previously unselected package ca-certificates.
publish-candidate	Publish candidate and capture registry digest	2026-09-12T04:34:59.7270680Z #6 17.40 Preparing to unpack .../009-ca-certificates_20260601~24.04.1_all.deb ...
publish-candidate	Publish candidate and capture registry digest	2026-09-12T04:34:59.7271589Z #6 17.40 Unpacking ca-certificates (20260601~24.04.1) ...
publish-candidate	Publish candidate and capture registry digest	2026-09-12T04:34:59.7272288Z #6 17.43 Selecting previously unselected package libelf1t64:amd64.
publish-candidate	Publish candidate and capture registry digest	2026-09-12T04:34:59.7273064Z #6 17.43 Preparing to unpack .../010-libelf1t64_0.190-1.1ubuntu0.1_amd64.deb ...
publish-candidate	Publish candidate and capture registry digest	2026-09-12T04:34:59.7273895Z #6 17.43 Unpacking libelf1t64:amd64 (0.190-1.1ubuntu0.1) ...
publish-candidate	Publish candidate and capture registry digest	2026-09-12T04:34:59.7274545Z #6 17.44 Selecting previously unselected package libbpf1:amd64.
publish-candidate	Publish candidate and capture registry digest	2026-09-12T04:34:59.8369550Z #6 17.44 Preparing to unpack .../011-libbpf1_1%3a1.3.0-2build2_amd64.deb ...
publish-candidate	Publish candidate and capture registry digest	2026-09-12T04:34:59.8370269Z #6 17.44 Unpacking libbpf1:amd64 (1:1.3.0-2build2) ...
publish-candidate	Publish candidate and capture registry digest	2026-09-12T04:34:59.8370895Z #6 17.46 Selecting previously unselected package libmnl0:amd64.
publish-candidate	Publish candidate and capture registry digest	2026-09-12T04:34:59.8371521Z #6 17.46 Preparing to unpack .../012-libmnl0_1.0.5-2build1_amd64.deb ...
publish-candidate	Publish candidate and capture registry digest	2026-09-12T04:34:59.8372024Z #6 17.46 Unpacking libmnl0:amd64 (1.0.5-2build1) ...
publish-candidate	Publish candidate and capture registry digest	2026-09-12T04:34:59.8372513Z #6 17.47 Selecting previously unselected package libxtables12:amd64.
publish-candidate	Publish candidate and capture registry digest	2026-09-12T04:34:59.8372995Z #6 17.47 Preparing to unpack .../013-libxtables12_1.8.10-3ubuntu2_amd64.deb ...
publish-candidate	Publish candidate and capture registry digest	2026-09-12T04:34:59.8373494Z #6 17.48 Unpacking libxtables12:amd64 (1.8.10-3ubuntu2) ...
publish-candidate	Publish candidate and capture registry digest	2026-09-12T04:34:59.8373932Z #6 17.49 Selecting previously unselected package libcap2-bin.
publish-candidate	Publish candidate and capture registry digest	2026-09-12T04:34:59.8374474Z #6 17.49 Preparing to unpack .../014-libcap2-bin_1%3a2.66-5ubuntu2.4_amd64.deb ...
publish-candidate	Publish candidate and capture registry digest	2026-09-12T04:34:59.8374968Z #6 17.49 Unpacking libcap2-bin (1:2.66-5ubuntu2.4) ...
publish-candidate	Publish candidate and capture registry digest	2026-09-12T04:34:59.8375367Z #6 17.51 Selecting previously unselected package iproute2.
publish-candidate	Publish candidate and capture registry digest	2026-09-12T04:34:59.8375853Z #6 17.51 Preparing to unpack .../015-iproute2_6.1.0-1ubuntu6.4_amd64.deb ...
publish-candidate	Publish candidate and capture registry digest	2026-09-12T04:34:59.8376294Z #6 17.51 Unpacking iproute2 (6.1.0-1ubuntu6.4) ...
publish-candidate	Publish candidate and capture registry digest	2026-09-12T04:34:59.8376732Z #6 17.55 Selecting previously unselected package libglib2.0-0t64:amd64.
publish-candidate	Publish candidate and capture registry digest	2026-09-12T04:34:59.9387796Z #6 17.55 Preparing to unpack .../016-libglib2.0-0t64_2.80.0-6ubuntu3.8_amd64.deb ...
publish-candidate	Publish candidate and capture registry digest	2026-09-12T04:34:59.9388495Z #6 17.56 Unpacking libglib2.0-0t64:amd64 (2.80.0-6ubuntu3.8) ...
publish-candidate	Publish candidate and capture registry digest	2026-09-12T04:34:59.9389115Z #6 17.60 Selecting previously unselected package libkrb5support0:amd64.
publish-candidate	Publish candidate and capture registry digest	2026-09-12T04:34:59.9389637Z #6 17.60 Preparing to unpack .../017-libkrb5support0_1.20.1-6ubuntu2.8_amd64.deb ...
publish-candidate	Publish candidate and capture registry digest	2026-09-12T04:34:59.9390134Z #6 17.60 Unpacking libkrb5support0:amd64 (1.20.1-6ubuntu2.8) ...
publish-candidate	Publish candidate and capture registry digest	2026-09-12T04:34:59.9390634Z #6 17.64 Selecting previously unselected package libk5crypto3:amd64.
publish-candidate	Publish candidate and capture registry digest	2026-09-12T04:34:59.9391115Z #6 17.64 Preparing to unpack .../018-libk5crypto3_1.20.1-6ubuntu2.8_amd64.deb ...
publish-candidate	Publish candidate and capture registry digest	2026-09-12T04:34:59.9391847Z #6 17.64 Unpacking libk5crypto3:amd64 (1.20.1-6ubuntu2.8) ...
publish-candidate	Publish candidate and capture registry digest	2026-09-12T04:34:59.9392294Z #6 17.65 Selecting previously unselected package libkeyutils1:amd64.
publish-candidate	Publish candidate and capture registry digest	2026-09-12T04:35:00.0399633Z #6 17.65 Preparing to unpack .../019-libkeyutils1_1.6.3-3build1_amd64.deb ...
publish-candidate	Publish candidate and capture registry digest	2026-09-12T04:35:00.0400806Z #6 17.66 Unpacking libkeyutils1:amd64 (1.6.3-3build1) ...
publish-candidate	Publish candidate and capture registry digest	2026-09-12T04:35:00.0401932Z #6 17.67 Selecting previously unselected package libkrb5-3:amd64.
publish-candidate	Publish candidate and capture registry digest	2026-09-12T04:35:00.0402647Z #6 17.67 Preparing to unpack .../020-libkrb5-3_1.20.1-6ubuntu2.8_amd64.deb ...
publish-candidate	Publish candidate and capture registry digest	2026-09-12T04:35:00.0403165Z #6 17.67 Unpacking libkrb5-3:amd64 (1.20.1-6ubuntu2.8) ...
publish-candidate	Publish candidate and capture registry digest	2026-09-12T04:35:00.0403613Z #6 17.69 Selecting previously unselected package libgssapi-krb5-2:amd64.
publish-candidate	Publish candidate and capture registry digest	2026-09-12T04:35:00.0404162Z #6 17.70 Preparing to unpack .../021-libgssapi-krb5-2_1.20.1-6ubuntu2.8_amd64.deb ...
publish-candidate	Publish candidate and capture registry digest	2026-09-12T04:35:00.0404704Z #6 17.70 Unpacking libgssapi-krb5-2:amd64 (1.20.1-6ubuntu2.8) ...
publish-candidate	Publish candidate and capture registry digest	2026-09-12T04:35:00.0405165Z #6 17.72 Selecting previously unselected package libmagic-mgc.
publish-candidate	Publish candidate and capture registry digest	2026-09-12T04:35:00.0405674Z #6 17.72 Preparing to unpack .../022-libmagic-mgc_1%3a5.45-3build1_amd64.deb ...
publish-candidate	Publish candidate and capture registry digest	2026-09-12T04:35:00.0406126Z #6 17.72 Unpacking libmagic-mgc (1:5.45-3build1) ...
publish-candidate	Publish candidate and capture registry digest	2026-09-12T04:35:00.0406592Z #6 17.75 Selecting previously unselected package libmagic1t64:amd64.
publish-candidate	Publish candidate and capture registry digest	2026-09-12T04:35:00.1436311Z #6 17.76 Preparing to unpack .../023-libmagic1t64_1%3a5.45-3build1_amd64.deb ...
publish-candidate	Publish candidate and capture registry digest	2026-09-12T04:35:00.1437200Z #6 17.76 Unpacking libmagic1t64:amd64 (1:5.45-3build1) ...
publish-candidate	Publish candidate and capture registry digest	2026-09-12T04:35:00.1437934Z #6 17.77 Selecting previously unselected package file.
publish-candidate	Publish candidate and capture registry digest	2026-09-12T04:35:00.1438543Z #6 17.77 Preparing to unpack .../024-file_1%3a5.45-3build1_amd64.deb ...
publish-candidate	Publish candidate and capture registry digest	2026-09-12T04:35:00.1439119Z #6 17.77 Unpacking file (1:5.45-3build1) ...
publish-candidate	Publish candidate and capture registry digest	2026-09-12T04:35:00.1439752Z #6 17.78 Selecting previously unselected package libjansson4:amd64.
publish-candidate	Publish candidate and capture registry digest	2026-09-12T04:35:00.1440470Z #6 17.79 Preparing to unpack .../025-libjansson4_2.14-2build2_amd64.deb ...
publish-candidate	Publish candidate and capture registry digest	2026-09-12T04:35:00.1441121Z #6 17.79 Unpacking libjansson4:amd64 (2.14-2build2) ...
publish-candidate	Publish candidate and capture registry digest	2026-09-12T04:35:00.1441951Z #6 17.81 Selecting previously unselected package libnghttp2-14:amd64.
publish-candidate	Publish candidate and capture registry digest	2026-09-12T04:35:00.1442666Z #6 17.82 Preparing to unpack .../026-libnghttp2-14_1.59.0-1ubuntu0.4_amd64.deb ...
publish-candidate	Publish candidate and capture registry digest	2026-09-12T04:35:00.1443502Z #6 17.82 Unpacking libnghttp2-14:amd64 (1.59.0-1ubuntu0.4) ...
publish-candidate	Publish candidate and capture registry digest	2026-09-12T04:35:00.1444138Z #6 17.83 Selecting previously unselected package libpsl5t64:amd64.
publish-candidate	Publish candidate and capture registry digest	2026-09-12T04:35:00.1444810Z #6 17.83 Preparing to unpack .../027-libpsl5t64_0.21.2-1.1build1_amd64.deb ...
publish-candidate	Publish candidate and capture registry digest	2026-09-12T04:35:00.1445481Z #6 17.83 Unpacking libpsl5t64:amd64 (0.21.2-1.1build1) ...
publish-candidate	Publish candidate and capture registry digest	2026-09-12T04:35:00.1446048Z #6 17.84 Selecting previously unselected package libunwind8:amd64.
publish-candidate	Publish candidate and capture registry digest	2026-09-12T04:35:00.1446798Z #6 17.85 Preparing to unpack .../028-libunwind8_1.6.2-3build1.1_amd64.deb ...
publish-candidate	Publish candidate and capture registry digest	2026-09-12T04:35:00.1447492Z #6 17.85 Unpacking libunwind8:amd64 (1.6.2-3build1.1) ...
publish-candidate	Publish candidate and capture registry digest	2026-09-12T04:35:00.1448077Z #6 17.86 Selecting previously unselected package strace.
publish-candidate	Publish candidate and capture registry digest	2026-09-12T04:35:00.2548835Z #6 17.86 Preparing to unpack .../029-strace_6.8-0ubuntu2_amd64.deb ...
publish-candidate	Publish candidate and capture registry digest	2026-09-12T04:35:00.2549656Z #6 17.88 Unpacking strace (6.8-0ubuntu2) ...
publish-candidate	Publish candidate and capture registry digest	2026-09-12T04:35:00.2550281Z #6 17.90 Selecting previously unselected package xz-utils.
publish-candidate	Publish candidate and capture registry digest	2026-09-12T04:35:00.2550833Z #6 17.91 Preparing to unpack .../030-xz-utils_5.6.1+really5.4.5-1ubuntu0.3_amd64.deb ...
publish-candidate	Publish candidate and capture registry digest	2026-09-12T04:35:00.2551641Z #6 17.91 Unpacking xz-utils (5.6.1+really5.4.5-1ubuntu0.3) ...
publish-candidate	Publish candidate and capture registry digest	2026-09-12T04:35:00.2552253Z #6 17.92 Selecting previously unselected package bc.
publish-candidate	Publish candidate and capture registry digest	2026-09-12T04:35:00.2552686Z #6 17.92 Preparing to unpack .../031-bc_1.07.1-3ubuntu4_amd64.deb ...
publish-candidate	Publish candidate and capture registry digest	2026-09-12T04:35:00.2553132Z #6 17.93 Unpacking bc (1.07.1-3ubuntu4) ...
publish-candidate	Publish candidate and capture registry digest	2026-09-12T04:35:00.2553559Z #6 17.94 Selecting previously unselected package binutils-common:amd64.
publish-candidate	Publish candidate and capture registry digest	2026-09-12T04:35:00.2554072Z #6 17.94 Preparing to unpack .../032-binutils-common_2.42-4ubuntu2.10_amd64.deb ...
publish-candidate	Publish candidate and capture registry digest	2026-09-12T04:35:00.2554641Z #6 17.94 Unpacking binutils-common:amd64 (2.42-4ubuntu2.10) ...
publish-candidate	Publish candidate and capture registry digest	2026-09-12T04:35:00.2555100Z #6 17.95 Selecting previously unselected package libsframe1:amd64.
publish-candidate	Publish candidate and capture registry digest	2026-09-12T04:35:00.2555625Z #6 17.96 Preparing to unpack .../033-libsframe1_2.42-4ubuntu2.10_amd64.deb ...
publish-candidate	Publish candidate and capture registry digest	2026-09-12T04:35:00.2556089Z #6 17.96 Unpacking libsframe1:amd64 (2.42-4ubuntu2.10) ...
publish-candidate	Publish candidate and capture registry digest	2026-09-12T04:35:00.2556732Z #6 17.97 Selecting previously unselected package libbinutils:amd64.
publish-candidate	Publish candidate and capture registry digest	2026-09-12T04:35:00.4280097Z #6 17.97 Preparing to unpack .../034-libbinutils_2.42-4ubuntu2.10_amd64.deb ...
publish-candidate	Publish candidate and capture registry digest	2026-09-12T04:35:00.4281709Z #6 17.97 Unpacking libbinutils:amd64 (2.42-4ubuntu2.10) ...
publish-candidate	Publish candidate and capture registry digest	2026-09-12T04:35:00.4282751Z #6 17.99 Selecting previously unselected package libctf-nobfd0:amd64.
publish-candidate	Publish candidate and capture registry digest	2026-09-12T04:35:00.4283824Z #6 17.99 Preparing to unpack .../035-libctf-nobfd0_2.42-4ubuntu2.10_amd64.deb ...
publish-candidate	Publish candidate and capture registry digest	2026-09-12T04:35:00.4284729Z #6 18.00 Unpacking libctf-nobfd0:amd64 (2.42-4ubuntu2.10) ...
publish-candidate	Publish candidate and capture registry digest	2026-09-12T04:35:00.4285566Z #6 18.02 Selecting previously unselected package libctf0:amd64.
publish-candidate	Publish candidate and capture registry digest	2026-09-12T04:35:00.4286402Z #6 18.02 Preparing to unpack .../036-libctf0_2.42-4ubuntu2.10_amd64.deb ...
publish-candidate	Publish candidate and capture registry digest	2026-09-12T04:35:00.4287158Z #6 18.02 Unpacking libctf0:amd64 (2.42-4ubuntu2.10) ...
publish-candidate	Publish candidate and capture registry digest	2026-09-12T04:35:00.4287943Z #6 18.04 Selecting previously unselected package libgprofng0:amd64.
publish-candidate	Publish candidate and capture registry digest	2026-09-12T04:35:00.4288775Z #6 18.04 Preparing to unpack .../037-libgprofng0_2.42-4ubuntu2.10_amd64.deb ...
publish-candidate	Publish candidate and capture registry digest	2026-09-12T04:35:00.4289578Z #6 18.04 Unpacking libgprofng0:amd64 (2.42-4ubuntu2.10) ...
publish-candidate	Publish candidate and capture registry digest	2026-09-12T04:35:00.4290439Z #6 18.06 Selecting previously unselected package binutils-x86-64-linux-gnu.
publish-candidate	Publish candidate and capture registry digest	2026-09-12T04:35:00.4291465Z #6 18.07 Preparing to unpack .../038-binutils-x86-64-linux-gnu_2.42-4ubuntu2.10_amd64.deb ...
publish-candidate	Publish candidate and capture registry digest	2026-09-12T04:35:00.4292416Z #6 18.07 Unpacking binutils-x86-64-linux-gnu (2.42-4ubuntu2.10) ...
publish-candidate	Publish candidate and capture registry digest	2026-09-12T04:35:00.4293284Z #6 18.14 Selecting previously unselected package binutils.
publish-candidate	Publish candidate and capture registry digest	2026-09-12T04:35:00.5592928Z #6 18.14 Preparing to unpack .../039-binutils_2.42-4ubuntu2.10_amd64.deb ...
publish-candidate	Publish candidate and capture registry digest	2026-09-12T04:35:00.5593725Z #6 18.15 Unpacking binutils (2.42-4ubuntu2.10) ...
publish-candidate	Publish candidate and capture registry digest	2026-09-12T04:35:00.5594342Z #6 18.16 Selecting previously unselected package libc-dev-bin.
publish-candidate	Publish candidate and capture registry digest	2026-09-12T04:35:00.5595109Z #6 18.16 Preparing to unpack .../040-libc-dev-bin_2.39-0ubuntu8.9_amd64.deb ...
publish-candidate	Publish candidate and capture registry digest	2026-09-12T04:35:00.5595577Z #6 18.16 Unpacking libc-dev-bin (2.39-0ubuntu8.9) ...
publish-candidate	Publish candidate and capture registry digest	2026-09-12T04:35:00.5596082Z #6 18.17 Selecting previously unselected package linux-libc-dev:amd64.
publish-candidate	Publish candidate and capture registry digest	2026-09-12T04:35:00.5596659Z #6 18.18 Preparing to unpack .../041-linux-libc-dev_6.8.0-139.139_amd64.deb ...
publish-candidate	Publish candidate and capture registry digest	2026-09-12T04:35:00.5597138Z #6 18.18 Unpacking linux-libc-dev:amd64 (6.8.0-139.139) ...
publish-candidate	Publish candidate and capture registry digest	2026-09-12T04:35:00.5597604Z #6 18.27 Selecting previously unselected package libcrypt-dev:amd64.
publish-candidate	Publish candidate and capture registry digest	2026-09-12T04:35:00.6892149Z #6 18.28 Preparing to unpack .../042-libcrypt-dev_1%3a4.4.36-4build1_amd64.deb ...
publish-candidate	Publish candidate and capture registry digest	2026-09-12T04:35:00.6893157Z #6 18.28 Unpacking libcrypt-dev:amd64 (1:4.4.36-4build1) ...
publish-candidate	Publish candidate and capture registry digest	2026-09-12T04:35:00.6893969Z #6 18.29 Selecting previously unselected package rpcsvc-proto.
publish-candidate	Publish candidate and capture registry digest	2026-09-12T04:35:00.6894960Z #6 18.30 Preparing to unpack .../043-rpcsvc-proto_1.4.2-0ubuntu7_amd64.deb ...
publish-candidate	Publish candidate and capture registry digest	2026-09-12T04:35:00.6895907Z #6 18.30 Unpacking rpcsvc-proto (1.4.2-0ubuntu7) ...
publish-candidate	Publish candidate and capture registry digest	2026-09-12T04:35:00.6896878Z #6 18.31 Selecting previously unselected package libc6-dev:amd64.
publish-candidate	Publish candidate and capture registry digest	2026-09-12T04:35:00.6897872Z #6 18.31 Preparing to unpack .../044-libc6-dev_2.39-0ubuntu8.9_amd64.deb ...
publish-candidate	Publish candidate and capture registry digest	2026-09-12T04:35:00.6898709Z #6 18.31 Unpacking libc6-dev:amd64 (2.39-0ubuntu8.9) ...
publish-candidate	Publish candidate and capture registry digest	2026-09-12T04:35:00.6899510Z #6 18.40 Selecting previously unselected package gcc-13-base:amd64.
publish-candidate	Publish candidate and capture registry digest	2026-09-12T04:35:00.9134921Z #6 18.41 Preparing to unpack .../045-gcc-13-base_13.3.0-6ubuntu2~24.04.1_amd64.deb ...
publish-candidate	Publish candidate and capture registry digest	2026-09-12T04:35:00.9136175Z #6 18.41 Unpacking gcc-13-base:amd64 (13.3.0-6ubuntu2~24.04.1) ...
publish-candidate	Publish candidate and capture registry digest	2026-09-12T04:35:00.9136862Z #6 18.42 Selecting previously unselected package libisl23:amd64.
publish-candidate	Publish candidate and capture registry digest	2026-09-12T04:35:00.9137559Z #6 18.42 Preparing to unpack .../046-libisl23_0.26-3build1.1_amd64.deb ...
publish-candidate	Publish candidate and capture registry digest	2026-09-12T04:35:00.9138181Z #6 18.42 Unpacking libisl23:amd64 (0.26-3build1.1) ...
publish-candidate	Publish candidate and capture registry digest	2026-09-12T04:35:00.9139684Z #6 18.44 Selecting previously unselected package libmpfr6:amd64.
publish-candidate	Publish candidate and capture registry digest	2026-09-12T04:35:00.9140480Z #6 18.45 Preparing to unpack .../047-libmpfr6_4.2.1-1build1.1_amd64.deb ...
publish-candidate	Publish candidate and capture registry digest	2026-09-12T04:35:00.9141102Z #6 18.45 Unpacking libmpfr6:amd64 (4.2.1-1build1.1) ...
publish-candidate	Publish candidate and capture registry digest	2026-09-12T04:35:00.9142186Z #6 18.47 Selecting previously unselected package libmpc3:amd64.
publish-candidate	Publish candidate and capture registry digest	2026-09-12T04:35:00.9142909Z #6 18.47 Preparing to unpack .../048-libmpc3_1.3.1-1build1.1_amd64.deb ...
publish-candidate	Publish candidate and capture registry digest	2026-09-12T04:35:00.9143502Z #6 18.47 Unpacking libmpc3:amd64 (1.3.1-1build1.1) ...
publish-candidate	Publish candidate and capture registry digest	2026-09-12T04:35:00.9144119Z #6 18.48 Selecting previously unselected package cpp-13-x86-64-linux-gnu.
publish-candidate	Publish candidate and capture registry digest	2026-09-12T04:35:00.9144894Z #6 18.48 Preparing to unpack .../049-cpp-13-x86-64-linux-gnu_13.3.0-6ubuntu2~24.04.1_amd64.deb ...
publish-candidate	Publish candidate and capture registry digest	2026-09-12T04:35:00.9145638Z #6 18.48 Unpacking cpp-13-x86-64-linux-gnu (13.3.0-6ubuntu2~24.04.1) ...
publish-candidate	Publish candidate and capture registry digest	2026-09-12T04:35:00.9146256Z #6 18.63 Selecting previously unselected package cpp-13.
publish-candidate	Publish candidate and capture registry digest	2026-09-12T04:35:01.0273641Z #6 18.63 Preparing to unpack .../050-cpp-13_13.3.0-6ubuntu2~24.04.1_amd64.deb ...
publish-candidate	Publish candidate and capture registry digest	2026-09-12T04:35:01.0274345Z #6 18.63 Unpacking cpp-13 (13.3.0-6ubuntu2~24.04.1) ...
publish-candidate	Publish candidate and capture registry digest	2026-09-12T04:35:01.0275029Z #6 18.64 Selecting previously unselected package cpp-x86-64-linux-gnu.
publish-candidate	Publish candidate and capture registry digest	2026-09-12T04:35:01.0275620Z #6 18.64 Preparing to unpack .../051-cpp-x86-64-linux-gnu_4%3a13.2.0-7ubuntu1_amd64.deb ...
publish-candidate	Publish candidate and capture registry digest	2026-09-12T04:35:01.0276235Z #6 18.64 Unpacking cpp-x86-64-linux-gnu (4:13.2.0-7ubuntu1) ...
publish-candidate	Publish candidate and capture registry digest	2026-09-12T04:35:01.0276646Z #6 18.66 Selecting previously unselected package cpp.
publish-candidate	Publish candidate and capture registry digest	2026-09-12T04:35:01.0277114Z #6 18.66 Preparing to unpack .../052-cpp_4%3a13.2.0-7ubuntu1_amd64.deb ...
publish-candidate	Publish candidate and capture registry digest	2026-09-12T04:35:01.0277615Z #6 18.66 Unpacking cpp (4:13.2.0-7ubuntu1) ...
publish-candidate	Publish candidate and capture registry digest	2026-09-12T04:35:01.0278104Z #6 18.68 Selecting previously unselected package libcc1-0:amd64.
publish-candidate	Publish candidate and capture registry digest	2026-09-12T04:35:01.0279120Z #6 18.68 Preparing to unpack .../053-libcc1-0_14.2.0-4ubuntu2~24.04.1_amd64.deb ...
publish-candidate	Publish candidate and capture registry digest	2026-09-12T04:35:01.0279633Z #6 18.68 Unpacking libcc1-0:amd64 (14.2.0-4ubuntu2~24.04.1) ...
publish-candidate	Publish candidate and capture registry digest	2026-09-12T04:35:01.0280112Z #6 18.70 Selecting previously unselected package libgomp1:amd64.
publish-candidate	Publish candidate and capture registry digest	2026-09-12T04:35:01.0280584Z #6 18.70 Preparing to unpack .../054-libgomp1_14.2.0-4ubuntu2~24.04.1_amd64.deb ...
publish-candidate	Publish candidate and capture registry digest	2026-09-12T04:35:01.0281066Z #6 18.70 Unpacking libgomp1:amd64 (14.2.0-4ubuntu2~24.04.1) ...
publish-candidate	Publish candidate and capture registry digest	2026-09-12T04:35:01.0281797Z #6 18.72 Selecting previously unselected package libitm1:amd64.
publish-candidate	Publish candidate and capture registry digest	2026-09-12T04:35:01.0282421Z #6 18.72 Preparing to unpack .../055-libitm1_14.2.0-4ubuntu2~24.04.1_amd64.deb ...
publish-candidate	Publish candidate and capture registry digest	2026-09-12T04:35:01.0282915Z #6 18.73 Unpacking libitm1:amd64 (14.2.0-4ubuntu2~24.04.1) ...
publish-candidate	Publish candidate and capture registry digest	2026-09-12T04:35:01.0283367Z #6 18.74 Selecting previously unselected package libatomic1:amd64.
publish-candidate	Publish candidate and capture registry digest	2026-09-12T04:35:01.1980266Z #6 18.74 Preparing to unpack .../056-libatomic1_14.2.0-4ubuntu2~24.04.1_amd64.deb ...
publish-candidate	Publish candidate and capture registry digest	2026-09-12T04:35:01.1981099Z #6 18.74 Unpacking libatomic1:amd64 (14.2.0-4ubuntu2~24.04.1) ...
publish-candidate	Publish candidate and capture registry digest	2026-09-12T04:35:01.1982170Z #6 18.76 Selecting previously unselected package libasan8:amd64.
publish-candidate	Publish candidate and capture registry digest	2026-09-12T04:35:01.1982784Z #6 18.76 Preparing to unpack .../057-libasan8_14.2.0-4ubuntu2~24.04.1_amd64.deb ...
publish-candidate	Publish candidate and capture registry digest	2026-09-12T04:35:01.1983355Z #6 18.76 Unpacking libasan8:amd64 (14.2.0-4ubuntu2~24.04.1) ...
publish-candidate	Publish candidate and capture registry digest	2026-09-12T04:35:01.9913449Z #6 19.71 Selecting previously unselected package liblsan0:amd64.
publish-candidate	Publish candidate and capture registry digest	2026-09-12T04:35:02.0931771Z #6 19.71 Preparing to unpack .../058-liblsan0_14.2.0-4ubuntu2~24.04.1_amd64.deb ...
publish-candidate	Publish candidate and capture registry digest	2026-09-12T04:35:02.0932703Z #6 19.73 Unpacking liblsan0:amd64 (14.2.0-4ubuntu2~24.04.1) ...
publish-candidate	Publish candidate and capture registry digest	2026-09-12T04:35:02.0933501Z #6 19.76 Selecting previously unselected package libtsan2:amd64.
publish-candidate	Publish candidate and capture registry digest	2026-09-12T04:35:02.0934304Z #6 19.76 Preparing to unpack .../059-libtsan2_14.2.0-4ubuntu2~24.04.1_amd64.deb ...
publish-candidate	Publish candidate and capture registry digest	2026-09-12T04:35:02.0935001Z #6 19.76 Unpacking libtsan2:amd64 (14.2.0-4ubuntu2~24.04.1) ...
publish-candidate	Publish candidate and capture registry digest	2026-09-12T04:35:02.0935624Z #6 19.81 Selecting previously unselected package libubsan1:amd64.
publish-candidate	Publish candidate and capture registry digest	2026-09-12T04:35:02.2407576Z #6 19.81 Preparing to unpack .../060-libubsan1_14.2.0-4ubuntu2~24.04.1_amd64.deb ...
publish-candidate	Publish candidate and capture registry digest	2026-09-12T04:35:02.2409145Z #6 19.81 Unpacking libubsan1:amd64 (14.2.0-4ubuntu2~24.04.1) ...
publish-candidate	Publish candidate and capture registry digest	2026-09-12T04:35:02.2410047Z #6 19.84 Selecting previously unselected package libhwasan0:amd64.
publish-candidate	Publish candidate and capture registry digest	2026-09-12T04:35:02.2410946Z #6 19.84 Preparing to unpack .../061-libhwasan0_14.2.0-4ubuntu2~24.04.1_amd64.deb ...
publish-candidate	Publish candidate and capture registry digest	2026-09-12T04:35:02.2412222Z #6 19.84 Unpacking libhwasan0:amd64 (14.2.0-4ubuntu2~24.04.1) ...
publish-candidate	Publish candidate and capture registry digest	2026-09-12T04:35:02.2413160Z #6 19.87 Selecting previously unselected package libquadmath0:amd64.
publish-candidate	Publish candidate and capture registry digest	2026-09-12T04:35:02.2414102Z #6 19.87 Preparing to unpack .../062-libquadmath0_14.2.0-4ubuntu2~24.04.1_amd64.deb ...
publish-candidate	Publish candidate and capture registry digest	2026-09-12T04:35:02.2414940Z #6 19.88 Unpacking libquadmath0:amd64 (14.2.0-4ubuntu2~24.04.1) ...
publish-candidate	Publish candidate and capture registry digest	2026-09-12T04:35:02.2415724Z #6 19.89 Selecting previously unselected package libgcc-13-dev:amd64.
publish-candidate	Publish candidate and capture registry digest	2026-09-12T04:35:02.2416570Z #6 19.89 Preparing to unpack .../063-libgcc-13-dev_13.3.0-6ubuntu2~24.04.1_amd64.deb ...
publish-candidate	Publish candidate and capture registry digest	2026-09-12T04:35:02.2417426Z #6 19.89 Unpacking libgcc-13-dev:amd64 (13.3.0-6ubuntu2~24.04.1) ...
publish-candidate	Publish candidate and capture registry digest	2026-09-12T04:35:02.2418280Z #6 19.96 Selecting previously unselected package gcc-13-x86-64-linux-gnu.
publish-candidate	Publish candidate and capture registry digest	2026-09-12T04:35:02.3943409Z #6 19.96 Preparing to unpack .../064-gcc-13-x86-64-linux-gnu_13.3.0-6ubuntu2~24.04.1_amd64.deb ...
publish-candidate	Publish candidate and capture registry digest	2026-09-12T04:35:02.3944530Z #6 19.96 Unpacking gcc-13-x86-64-linux-gnu (13.3.0-6ubuntu2~24.04.1) ...
publish-candidate	Publish candidate and capture registry digest	2026-09-12T04:35:02.4816977Z #6 20.20 Selecting previously unselected package gcc-13.
publish-candidate	Publish candidate and capture registry digest	2026-09-12T04:35:02.6504472Z #6 20.20 Preparing to unpack .../065-gcc-13_13.3.0-6ubuntu2~24.04.1_amd64.deb ...
publish-candidate	Publish candidate and capture registry digest	2026-09-12T04:35:02.6505593Z #6 20.20 Unpacking gcc-13 (13.3.0-6ubuntu2~24.04.1) ...
publish-candidate	Publish candidate and capture registry digest	2026-09-12T04:35:02.6506668Z #6 20.21 Selecting previously unselected package gcc-x86-64-linux-gnu.
publish-candidate	Publish candidate and capture registry digest	2026-09-12T04:35:02.6507968Z #6 20.21 Preparing to unpack .../066-gcc-x86-64-linux-gnu_4%3a13.2.0-7ubuntu1_amd64.deb ...
publish-candidate	Publish candidate and capture registry digest	2026-09-12T04:35:02.6508909Z #6 20.22 Unpacking gcc-x86-64-linux-gnu (4:13.2.0-7ubuntu1) ...
publish-candidate	Publish candidate and capture registry digest	2026-09-12T04:35:02.6509683Z #6 20.23 Selecting previously unselected package gcc.
publish-candidate	Publish candidate and capture registry digest	2026-09-12T04:35:02.6510427Z #6 20.23 Preparing to unpack .../067-gcc_4%3a13.2.0-7ubuntu1_amd64.deb ...
publish-candidate	Publish candidate and capture registry digest	2026-09-12T04:35:02.6511342Z #6 20.23 Unpacking gcc (4:13.2.0-7ubuntu1) ...
publish-candidate	Publish candidate and capture registry digest	2026-09-12T04:35:02.6512099Z #6 20.24 Selecting previously unselected package libstdc++-13-dev:amd64.
publish-candidate	Publish candidate and capture registry digest	2026-09-12T04:35:02.6513081Z #6 20.24 Preparing to unpack .../068-libstdc++-13-dev_13.3.0-6ubuntu2~24.04.1_amd64.deb ...
publish-candidate	Publish candidate and capture registry digest	2026-09-12T04:35:02.6513981Z #6 20.25 Unpacking libstdc++-13-dev:amd64 (13.3.0-6ubuntu2~24.04.1) ...
publish-candidate	Publish candidate and capture registry digest	2026-09-12T04:35:02.6514763Z #6 20.37 Selecting previously unselected package g++-13-x86-64-linux-gnu.
publish-candidate	Publish candidate and capture registry digest	2026-09-12T04:35:02.7859654Z #6 20.37 Preparing to unpack .../069-g++-13-x86-64-linux-gnu_13.3.0-6ubuntu2~24.04.1_amd64.deb ...
publish-candidate	Publish candidate and capture registry digest	2026-09-12T04:35:02.7860588Z #6 20.37 Unpacking g++-13-x86-64-linux-gnu (13.3.0-6ubuntu2~24.04.1) ...
publish-candidate	Publish candidate and capture registry digest	2026-09-12T04:35:02.7861481Z #6 20.50 Selecting previously unselected package g++-13.
publish-candidate	Publish candidate and capture registry digest	2026-09-12T04:35:02.8863246Z #6 20.50 Preparing to unpack .../070-g++-13_13.3.0-6ubuntu2~24.04.1_amd64.deb ...
publish-candidate	Publish candidate and capture registry digest	2026-09-12T04:35:02.8864004Z #6 20.50 Unpacking g++-13 (13.3.0-6ubuntu2~24.04.1) ...
publish-candidate	Publish candidate and capture registry digest	2026-09-12T04:35:02.8864572Z #6 20.51 Selecting previously unselected package g++-x86-64-linux-gnu.
publish-candidate	Publish candidate and capture registry digest	2026-09-12T04:35:02.8865285Z #6 20.52 Preparing to unpack .../071-g++-x86-64-linux-gnu_4%3a13.2.0-7ubuntu1_amd64.deb ...
publish-candidate	Publish candidate and capture registry digest	2026-09-12T04:35:02.8866018Z #6 20.52 Unpacking g++-x86-64-linux-gnu (4:13.2.0-7ubuntu1) ...
publish-candidate	Publish candidate and capture registry digest	2026-09-12T04:35:02.8866622Z #6 20.53 Selecting previously unselected package g++.
publish-candidate	Publish candidate and capture registry digest	2026-09-12T04:35:02.8867163Z #6 20.53 Preparing to unpack .../072-g++_4%3a13.2.0-7ubuntu1_amd64.deb ...
publish-candidate	Publish candidate and capture registry digest	2026-09-12T04:35:02.8867745Z #6 20.53 Unpacking g++ (4:13.2.0-7ubuntu1) ...
publish-candidate	Publish candidate and capture registry digest	2026-09-12T04:35:02.8868335Z #6 20.54 Selecting previously unselected package make.
publish-candidate	Publish candidate and capture registry digest	2026-09-12T04:35:02.8868975Z #6 20.54 Preparing to unpack .../073-make_4.3-4.1build2_amd64.deb ...
publish-candidate	Publish candidate and capture registry digest	2026-09-12T04:35:02.8869415Z #6 20.54 Unpacking make (4.3-4.1build2) ...
publish-candidate	Publish candidate and capture registry digest	2026-09-12T04:35:02.8869952Z #6 20.56 Selecting previously unselected package libdpkg-perl.
publish-candidate	Publish candidate and capture registry digest	2026-09-12T04:35:02.8870585Z #6 20.56 Preparing to unpack .../074-libdpkg-perl_1.22.6ubuntu6.6_all.deb ...
publish-candidate	Publish candidate and capture registry digest	2026-09-12T04:35:02.8871312Z #6 20.56 Unpacking libdpkg-perl (1.22.6ubuntu6.6) ...
publish-candidate	Publish candidate and capture registry digest	2026-09-12T04:35:02.8871924Z #6 20.58 Selecting previously unselected package bzip2.
publish-candidate	Publish candidate and capture registry digest	2026-09-12T04:35:02.8873029Z #6 20.58 Preparing to unpack .../075-bzip2_1.0.8-5.1ubuntu0.1_amd64.deb ...
publish-candidate	Publish candidate and capture registry digest	2026-09-12T04:35:02.8873917Z #6 20.59 Unpacking bzip2 (1.0.8-5.1ubuntu0.1) ...
publish-candidate	Publish candidate and capture registry digest	2026-09-12T04:35:02.8874639Z #6 20.60 Selecting previously unselected package patch.
publish-candidate	Publish candidate and capture registry digest	2026-09-12T04:35:02.8875362Z #6 20.60 Preparing to unpack .../076-patch_2.7.6-7build3_amd64.deb ...
publish-candidate	Publish candidate and capture registry digest	2026-09-12T04:35:02.8876108Z #6 20.60 Unpacking patch (2.7.6-7build3) ...
publish-candidate	Publish candidate and capture registry digest	2026-09-12T04:35:02.9959791Z #6 20.62 Selecting previously unselected package lto-disabled-list.
publish-candidate	Publish candidate and capture registry digest	2026-09-12T04:35:02.9960967Z #6 20.62 Preparing to unpack .../077-lto-disabled-list_47_all.deb ...
publish-candidate	Publish candidate and capture registry digest	2026-09-12T04:35:02.9961748Z #6 20.62 Unpacking lto-disabled-list (47) ...
publish-candidate	Publish candidate and capture registry digest	2026-09-12T04:35:02.9962357Z #6 20.63 Selecting previously unselected package dpkg-dev.
publish-candidate	Publish candidate and capture registry digest	2026-09-12T04:35:02.9963095Z #6 20.63 Preparing to unpack .../078-dpkg-dev_1.22.6ubuntu6.6_all.deb ...
publish-candidate	Publish candidate and capture registry digest	2026-09-12T04:35:02.9963666Z #6 20.63 Unpacking dpkg-dev (1.22.6ubuntu6.6) ...
publish-candidate	Publish candidate and capture registry digest	2026-09-12T04:35:02.9964191Z #6 20.66 Selecting previously unselected package build-essential.
publish-candidate	Publish candidate and capture registry digest	2026-09-12T04:35:02.9964842Z #6 20.66 Preparing to unpack .../079-build-essential_12.10ubuntu1_amd64.deb ...
publish-candidate	Publish candidate and capture registry digest	2026-09-12T04:35:02.9965491Z #6 20.66 Unpacking build-essential (12.10ubuntu1) ...
publish-candidate	Publish candidate and capture registry digest	2026-09-12T04:35:02.9966067Z #6 20.69 Selecting previously unselected package libbrotli1:amd64.
publish-candidate	Publish candidate and capture registry digest	2026-09-12T04:35:02.9966707Z #6 20.69 Preparing to unpack .../080-libbrotli1_1.1.0-2build2_amd64.deb ...
publish-candidate	Publish candidate and capture registry digest	2026-09-12T04:35:02.9967258Z #6 20.70 Unpacking libbrotli1:amd64 (1.1.0-2build2) ...
publish-candidate	Publish candidate and capture registry digest	2026-09-12T04:35:02.9967835Z #6 20.71 Selecting previously unselected package libsasl2-modules-db:amd64.
publish-candidate	Publish candidate and capture registry digest	2026-09-12T04:35:03.1048729Z #6 20.71 Preparing to unpack .../081-libsasl2-modules-db_2.1.28+dfsg1-5ubuntu3.1_amd64.deb ...
publish-candidate	Publish candidate and capture registry digest	2026-09-12T04:35:03.1049932Z #6 20.71 Unpacking libsasl2-modules-db:amd64 (2.1.28+dfsg1-5ubuntu3.1) ...
publish-candidate	Publish candidate and capture registry digest	2026-09-12T04:35:03.1050744Z #6 20.73 Selecting previously unselected package libsasl2-2:amd64.
publish-candidate	Publish candidate and capture registry digest	2026-09-12T04:35:03.1051825Z #6 20.73 Preparing to unpack .../082-libsasl2-2_2.1.28+dfsg1-5ubuntu3.1_amd64.deb ...
publish-candidate	Publish candidate and capture registry digest	2026-09-12T04:35:03.1052736Z #6 20.73 Unpacking libsasl2-2:amd64 (2.1.28+dfsg1-5ubuntu3.1) ...
publish-candidate	Publish candidate and capture registry digest	2026-09-12T04:35:03.1053417Z #6 20.75 Selecting previously unselected package libldap2:amd64.
publish-candidate	Publish candidate and capture registry digest	2026-09-12T04:35:03.1054162Z #6 20.75 Preparing to unpack .../083-libldap2_2.6.10+dfsg-0ubuntu0.24.04.1_amd64.deb ...
publish-candidate	Publish candidate and capture registry digest	2026-09-12T04:35:03.1054883Z #6 20.75 Unpacking libldap2:amd64 (2.6.10+dfsg-0ubuntu0.24.04.1) ...
publish-candidate	Publish candidate and capture registry digest	2026-09-12T04:35:03.1055537Z #6 20.78 Selecting previously unselected package librtmp1:amd64.
publish-candidate	Publish candidate and capture registry digest	2026-09-12T04:35:03.1056247Z #6 20.78 Preparing to unpack .../084-librtmp1_2.4+20151223.gitfa8646d.1-2build7_amd64.deb ...
publish-candidate	Publish candidate and capture registry digest	2026-09-12T04:35:03.1056964Z #6 20.78 Unpacking librtmp1:amd64 (2.4+20151223.gitfa8646d.1-2build7) ...
publish-candidate	Publish candidate and capture registry digest	2026-09-12T04:35:03.1057562Z #6 20.80 Selecting previously unselected package libssh-4:amd64.
publish-candidate	Publish candidate and capture registry digest	2026-09-12T04:35:03.1058242Z #6 20.80 Preparing to unpack .../085-libssh-4_0.10.6-2ubuntu0.5_amd64.deb ...
publish-candidate	Publish candidate and capture registry digest	2026-09-12T04:35:03.1058881Z #6 20.81 Unpacking libssh-4:amd64 (0.10.6-2ubuntu0.5) ...
publish-candidate	Publish candidate and capture registry digest	2026-09-12T04:35:03.1059568Z #6 20.82 Selecting previously unselected package libcurl4t64:amd64.
publish-candidate	Publish candidate and capture registry digest	2026-09-12T04:35:03.3094565Z #6 20.82 Preparing to unpack .../086-libcurl4t64_8.5.0-2ubuntu10.13_amd64.deb ...
publish-candidate	Publish candidate and capture registry digest	2026-09-12T04:35:03.3095338Z #6 20.87 Unpacking libcurl4t64:amd64 (8.5.0-2ubuntu10.13) ...
publish-candidate	Publish candidate and capture registry digest	2026-09-12T04:35:03.4224970Z #6 21.14 Selecting previously unselected package curl.
publish-candidate	Publish candidate and capture registry digest	2026-09-12T04:35:03.5227066Z #6 21.14 Preparing to unpack .../087-curl_8.5.0-2ubuntu10.13_amd64.deb ...
publish-candidate	Publish candidate and capture registry digest	2026-09-12T04:35:03.5227647Z #6 21.14 Unpacking curl (8.5.0-2ubuntu10.13) ...
publish-candidate	Publish candidate and capture registry digest	2026-09-12T04:35:03.5228067Z #6 21.16 Selecting previously unselected package libdw1t64:amd64.
publish-candidate	Publish candidate and capture registry digest	2026-09-12T04:35:03.5228583Z #6 21.16 Preparing to unpack .../088-libdw1t64_0.190-1.1ubuntu0.1_amd64.deb ...
publish-candidate	Publish candidate and capture registry digest	2026-09-12T04:35:03.5229052Z #6 21.16 Unpacking libdw1t64:amd64 (0.190-1.1ubuntu0.1) ...
publish-candidate	Publish candidate and capture registry digest	2026-09-12T04:35:03.5229532Z #6 21.18 Selecting previously unselected package libbabeltrace1:amd64.
publish-candidate	Publish candidate and capture registry digest	2026-09-12T04:35:03.5230049Z #6 21.18 Preparing to unpack .../089-libbabeltrace1_1.5.11-3build3_amd64.deb ...
publish-candidate	Publish candidate and capture registry digest	2026-09-12T04:35:03.5230876Z #6 21.18 Unpacking libbabeltrace1:amd64 (1.5.11-3build3) ...
publish-candidate	Publish candidate and capture registry digest	2026-09-12T04:35:03.5231552Z #6 21.20 Selecting previously unselected package libcurl3t64-gnutls:amd64.
publish-candidate	Publish candidate and capture registry digest	2026-09-12T04:35:03.5232132Z #6 21.20 Preparing to unpack .../090-libcurl3t64-gnutls_8.5.0-2ubuntu10.13_amd64.deb ...
publish-candidate	Publish candidate and capture registry digest	2026-09-12T04:35:03.5232654Z #6 21.20 Unpacking libcurl3t64-gnutls:amd64 (8.5.0-2ubuntu10.13) ...
publish-candidate	Publish candidate and capture registry digest	2026-09-12T04:35:03.5233149Z #6 21.24 Selecting previously unselected package libdebuginfod1t64:amd64.
publish-candidate	Publish candidate and capture registry digest	2026-09-12T04:35:03.6260524Z #6 21.24 Preparing to unpack .../091-libdebuginfod1t64_0.190-1.1ubuntu0.1_amd64.deb ...
publish-candidate	Publish candidate and capture registry digest	2026-09-12T04:35:03.6261498Z #6 21.24 Unpacking libdebuginfod1t64:amd64 (0.190-1.1ubuntu0.1) ...
publish-candidate	Publish candidate and capture registry digest	2026-09-12T04:35:03.6262191Z #6 21.25 Selecting previously unselected package libipt2.
publish-candidate	Publish candidate and capture registry digest	2026-09-12T04:35:03.6262736Z #6 21.26 Preparing to unpack .../092-libipt2_2.0.6-1build1_amd64.deb ...
publish-candidate	Publish candidate and capture registry digest	2026-09-12T04:35:03.6263215Z #6 21.28 Unpacking libipt2 (2.0.6-1build1) ...
publish-candidate	Publish candidate and capture registry digest	2026-09-12T04:35:03.6263832Z #6 21.30 Selecting previously unselected package libpython3.12t64:amd64.
publish-candidate	Publish candidate and capture registry digest	2026-09-12T04:35:03.6264490Z #6 21.30 Preparing to unpack .../093-libpython3.12t64_3.12.3-1ubuntu0.17_amd64.deb ...
publish-candidate	Publish candidate and capture registry digest	2026-09-12T04:35:03.6265098Z #6 21.30 Unpacking libpython3.12t64:amd64 (3.12.3-1ubuntu0.17) ...
publish-candidate	Publish candidate and capture registry digest	2026-09-12T04:35:03.6265624Z #6 21.34 Selecting previously unselected package libsource-highlight-common.
publish-candidate	Publish candidate and capture registry digest	2026-09-12T04:35:03.7305965Z #6 21.34 Preparing to unpack .../094-libsource-highlight-common_3.1.9-4.3build1_all.deb ...
publish-candidate	Publish candidate and capture registry digest	2026-09-12T04:35:03.7306856Z #6 21.34 Unpacking libsource-highlight-common (3.1.9-4.3build1) ...
publish-candidate	Publish candidate and capture registry digest	2026-09-12T04:35:03.7308108Z #6 21.37 Selecting previously unselected package libsource-highlight4t64:amd64.
publish-candidate	Publish candidate and capture registry digest	2026-09-12T04:35:03.7308795Z #6 21.37 Preparing to unpack .../095-libsource-highlight4t64_3.1.9-4.3build1_amd64.deb ...
publish-candidate	Publish candidate and capture registry digest	2026-09-12T04:35:03.7309555Z #6 21.37 Unpacking libsource-highlight4t64:amd64 (3.1.9-4.3build1) ...
publish-candidate	Publish candidate and capture registry digest	2026-09-12T04:35:03.7310148Z #6 21.39 Selecting previously unselected package gdb.
publish-candidate	Publish candidate and capture registry digest	2026-09-12T04:35:03.7310792Z #6 21.39 Preparing to unpack .../096-gdb_15.1-1ubuntu1~24.04.1_amd64.deb ...
publish-candidate	Publish candidate and capture registry digest	2026-09-12T04:35:03.7311740Z #6 21.39 Unpacking gdb (15.1-1ubuntu1~24.04.1) ...
publish-candidate	Publish candidate and capture registry digest	2026-09-12T04:35:03.7312188Z #6 21.45 Selecting previously unselected package liberror-perl.
publish-candidate	Publish candidate and capture registry digest	2026-09-12T04:35:03.9085447Z #6 21.45 Preparing to unpack .../097-liberror-perl_0.17029-2_all.deb ...
publish-candidate	Publish candidate and capture registry digest	2026-09-12T04:35:03.9086623Z #6 21.45 Unpacking liberror-perl (0.17029-2) ...
publish-candidate	Publish candidate and capture registry digest	2026-09-12T04:35:03.9087760Z #6 21.50 Selecting previously unselected package git-man.
publish-candidate	Publish candidate and capture registry digest	2026-09-12T04:35:03.9088608Z #6 21.50 Preparing to unpack .../098-git-man_1%3a2.43.0-1ubuntu7.3_all.deb ...
publish-candidate	Publish candidate and capture registry digest	2026-09-12T04:35:03.9089259Z #6 21.50 Unpacking git-man (1:2.43.0-1ubuntu7.3) ...
publish-candidate	Publish candidate and capture registry digest	2026-09-12T04:35:03.9089872Z #6 21.52 Selecting previously unselected package git.
publish-candidate	Publish candidate and capture registry digest	2026-09-12T04:35:03.9090574Z #6 21.52 Preparing to unpack .../099-git_1%3a2.43.0-1ubuntu7.3_amd64.deb ...
publish-candidate	Publish candidate and capture registry digest	2026-09-12T04:35:03.9091373Z #6 21.53 Unpacking git (1:2.43.0-1ubuntu7.3) ...
publish-candidate	Publish candidate and capture registry digest	2026-09-12T04:35:03.9092026Z #6 21.62 Selecting previously unselected package sqlite3.
publish-candidate	Publish candidate and capture registry digest	2026-09-12T04:35:04.0254327Z #6 21.63 Preparing to unpack .../100-sqlite3_3.45.1-1ubuntu2.7_amd64.deb ...
publish-candidate	Publish candidate and capture registry digest	2026-09-12T04:35:04.0255366Z #6 21.63 Unpacking sqlite3 (3.45.1-1ubuntu2.7) ...
publish-candidate	Publish candidate and capture registry digest	2026-09-12T04:35:04.0256439Z #6 21.65 Setting up media-types (10.1.0) ...
publish-candidate	Publish candidate and capture registry digest	2026-09-12T04:35:04.0257222Z #6 21.65 Setting up libkeyutils1:amd64 (1.6.3-3build1) ...
publish-candidate	Publish candidate and capture registry digest	2026-09-12T04:35:04.0257657Z #6 21.65 Setting up lto-disabled-list (47) ...
publish-candidate	Publish candidate and capture registry digest	2026-09-12T04:35:04.0258252Z #6 21.66 Setting up libgdbm6t64:amd64 (1.23-5.1build1) ...
publish-candidate	Publish candidate and capture registry digest	2026-09-12T04:35:04.0258824Z #6 21.66 Setting up libgdbm-compat4t64:amd64 (1.23-5.1build1) ...
publish-candidate	Publish candidate and capture registry digest	2026-09-12T04:35:04.0259315Z #6 21.66 Setting up libmagic-mgc (1:5.45-3build1) ...
publish-candidate	Publish candidate and capture registry digest	2026-09-12T04:35:04.0259736Z #6 21.67 Setting up libbrotli1:amd64 (1.1.0-2build2) ...
publish-candidate	Publish candidate and capture registry digest	2026-09-12T04:35:04.0260138Z #6 21.67 Setting up libsqlite3-0:amd64 (3.45.1-1ubuntu2.7) ...
publish-candidate	Publish candidate and capture registry digest	2026-09-12T04:35:04.0262261Z #6 21.67 Setting up libmagic1t64:amd64 (1:5.45-3build1) ...
publish-candidate	Publish candidate and capture registry digest	2026-09-12T04:35:04.0262910Z #6 21.68 Setting up binutils-common:amd64 (2.42-4ubuntu2.10) ...
publish-candidate	Publish candidate and capture registry digest	2026-09-12T04:35:04.0263427Z #6 21.68 Setting up libpsl5t64:amd64 (0.21.2-1.1build1) ...
publish-candidate	Publish candidate and capture registry digest	2026-09-12T04:35:04.0263955Z #6 21.68 Setting up libnghttp2-14:amd64 (1.59.0-1ubuntu0.4) ...
publish-candidate	Publish candidate and capture registry digest	2026-09-12T04:35:04.0264377Z #6 21.69 Setting up linux-libc-dev:amd64 (6.8.0-139.139) ...
publish-candidate	Publish candidate and capture registry digest	2026-09-12T04:35:04.0264833Z #6 21.69 Setting up libctf-nobfd0:amd64 (2.42-4ubuntu2.10) ...
publish-candidate	Publish candidate and capture registry digest	2026-09-12T04:35:04.0265256Z #6 21.69 Setting up file (1:5.45-3build1) ...
publish-candidate	Publish candidate and capture registry digest	2026-09-12T04:35:04.0265660Z #6 21.70 Setting up libgomp1:amd64 (14.2.0-4ubuntu2~24.04.1) ...
publish-candidate	Publish candidate and capture registry digest	2026-09-12T04:35:04.0266080Z #6 21.70 Setting up bzip2 (1.0.8-5.1ubuntu0.1) ...
publish-candidate	Publish candidate and capture registry digest	2026-09-12T04:35:04.0266537Z #6 21.70 Setting up libunwind8:amd64 (1.6.2-3build1.1) ...
publish-candidate	Publish candidate and capture registry digest	2026-09-12T04:35:04.0266997Z #6 21.70 Setting up libsource-highlight-common (3.1.9-4.3build1) ...
publish-candidate	Publish candidate and capture registry digest	2026-09-12T04:35:04.0267510Z #6 21.71 Setting up libsframe1:amd64 (2.42-4ubuntu2.10) ...
publish-candidate	Publish candidate and capture registry digest	2026-09-12T04:35:04.0267947Z #6 21.71 Setting up libelf1t64:amd64 (0.190-1.1ubuntu0.1) ...
publish-candidate	Publish candidate and capture registry digest	2026-09-12T04:35:04.0268379Z #6 21.71 Setting up libjansson4:amd64 (2.14-2build2) ...
publish-candidate	Publish candidate and capture registry digest	2026-09-12T04:35:04.0268802Z #6 21.72 Setting up libkrb5support0:amd64 (1.20.1-6ubuntu2.8) ...
publish-candidate	Publish candidate and capture registry digest	2026-09-12T04:35:04.0269356Z #6 21.74 Setting up libdw1t64:amd64 (0.190-1.1ubuntu0.1) ...
publish-candidate	Publish candidate and capture registry digest	2026-09-12T04:35:04.1261467Z #6 21.74 Setting up libsasl2-modules-db:amd64 (2.1.28+dfsg1-5ubuntu3.1) ...
publish-candidate	Publish candidate and capture registry digest	2026-09-12T04:35:04.1262312Z #6 21.75 Setting up tzdata (2026c-0ubuntu0.24.04.1) ...
publish-candidate	Publish candidate and capture registry digest	2026-09-12T04:35:04.1262805Z #6 21.81 
publish-candidate	Publish candidate and capture registry digest	2026-09-12T04:35:04.1263249Z #6 21.81 Current default time zone: 'Etc/UTC'
publish-candidate	Publish candidate and capture registry digest	2026-09-12T04:35:04.1263748Z #6 21.81 Local time is now:      Sat Sep 12 04:35:04 UTC 2026.
publish-candidate	Publish candidate and capture registry digest	2026-09-12T04:35:04.1264257Z #6 21.81 Universal Time is now:  Sat Sep 12 04:35:04 UTC 2026.
publish-candidate	Publish candidate and capture registry digest	2026-09-12T04:35:04.1264750Z #6 21.81 Run 'dpkg-reconfigure tzdata' if you wish to change it.
publish-candidate	Publish candidate and capture registry digest	2026-09-12T04:35:04.1265211Z #6 21.81 
publish-candidate	Publish candidate and capture registry digest	2026-09-12T04:35:04.1265609Z #6 21.82 Setting up libcap2-bin (1:2.66-5ubuntu2.4) ...
publish-candidate	Publish candidate and capture registry digest	2026-09-12T04:35:04.1266284Z #6 21.82 Setting up libglib2.0-0t64:amd64 (2.80.0-6ubuntu3.8) ...
publish-candidate	Publish candidate and capture registry digest	2026-09-12T04:35:04.1267035Z #6 21.82 No schema files found: doing nothing.
publish-candidate	Publish candidate and capture registry digest	2026-09-12T04:35:04.1267619Z #6 21.83 Setting up rpcsvc-proto (1.4.2-0ubuntu7) ...
publish-candidate	Publish candidate and capture registry digest	2026-09-12T04:35:04.1268067Z #6 21.83 Setting up gcc-13-base:amd64 (13.3.0-6ubuntu2~24.04.1) ...
publish-candidate	Publish candidate and capture registry digest	2026-09-12T04:35:04.1268558Z #6 21.83 Setting up make (4.3-4.1build2) ...
publish-candidate	Publish candidate and capture registry digest	2026-09-12T04:35:04.1269138Z #6 21.83 Setting up libmpfr6:amd64 (4.2.1-1build1.1) ...
publish-candidate	Publish candidate and capture registry digest	2026-09-12T04:35:04.1269700Z #6 21.84 Setting up librtmp1:amd64 (2.4+20151223.gitfa8646d.1-2build7) ...
publish-candidate	Publish candidate and capture registry digest	2026-09-12T04:35:04.1270242Z #6 21.84 Setting up strace (6.8-0ubuntu2) ...
publish-candidate	Publish candidate and capture registry digest	2026-09-12T04:35:04.1270962Z #6 21.84 Setting up xz-utils (5.6.1+really5.4.5-1ubuntu0.3) ...
publish-candidate	Publish candidate and capture registry digest	2026-09-12T04:35:04.2300442Z #6 21.85 update-alternatives: using /usr/bin/xz to provide /usr/bin/lzma (lzma) in auto mode
publish-candidate	Publish candidate and capture registry digest	2026-09-12T04:35:04.2301655Z #6 21.85 update-alternatives: warning: skip creation of /usr/share/man/man1/lzma.1.gz because associated file /usr/share/man/man1/xz.1.gz (of link group lzma) doesn't exist
publish-candidate	Publish candidate and capture registry digest	2026-09-12T04:35:04.2303126Z #6 21.85 update-alternatives: warning: skip creation of /usr/share/man/man1/unlzma.1.gz because associated file /usr/share/man/man1/unxz.1.gz (of link group lzma) doesn't exist
publish-candidate	Publish candidate and capture registry digest	2026-09-12T04:35:04.2304174Z #6 21.85 update-alternatives: warning: skip creation of /usr/share/man/man1/lzcat.1.gz because associated file /usr/share/man/man1/xzcat.1.gz (of link group lzma) doesn't exist
publish-candidate	Publish candidate and capture registry digest	2026-09-12T04:35:04.2305383Z #6 21.85 update-alternatives: warning: skip creation of /usr/share/man/man1/lzmore.1.gz because associated file /usr/share/man/man1/xzmore.1.gz (of link group lzma) doesn't exist
publish-candidate	Publish candidate and capture registry digest	2026-09-12T04:35:04.2306468Z #6 21.85 update-alternatives: warning: skip creation of /usr/share/man/man1/lzless.1.gz because associated file /usr/share/man/man1/xzless.1.gz (of link group lzma) doesn't exist
publish-candidate	Publish candidate and capture registry digest	2026-09-12T04:35:04.2307778Z #6 21.85 update-alternatives: warning: skip creation of /usr/share/man/man1/lzdiff.1.gz because associated file /usr/share/man/man1/xzdiff.1.gz (of link group lzma) doesn't exist
publish-candidate	Publish candidate and capture registry digest	2026-09-12T04:35:04.2309463Z #6 21.85 update-alternatives: warning: skip creation of /usr/share/man/man1/lzcmp.1.gz because associated file /usr/share/man/man1/xzcmp.1.gz (of link group lzma) doesn't exist
publish-candidate	Publish candidate and capture registry digest	2026-09-12T04:35:04.2310512Z #6 21.85 update-alternatives: warning: skip creation of /usr/share/man/man1/lzgrep.1.gz because associated file /usr/share/man/man1/xzgrep.1.gz (of link group lzma) doesn't exist
publish-candidate	Publish candidate and capture registry digest	2026-09-12T04:35:04.2311768Z #6 21.85 update-alternatives: warning: skip creation of /usr/share/man/man1/lzegrep.1.gz because associated file /usr/share/man/man1/xzegrep.1.gz (of link group lzma) doesn't exist
publish-candidate	Publish candidate and capture registry digest	2026-09-12T04:35:04.2312841Z #6 21.85 update-alternatives: warning: skip creation of /usr/share/man/man1/lzfgrep.1.gz because associated file /usr/share/man/man1/xzfgrep.1.gz (of link group lzma) doesn't exist
publish-candidate	Publish candidate and capture registry digest	2026-09-12T04:35:04.2313678Z #6 21.85 Setting up perl-modules-5.38 (5.38.2-3.2ubuntu0.4) ...
publish-candidate	Publish candidate and capture registry digest	2026-09-12T04:35:04.2314201Z #6 21.85 Setting up libquadmath0:amd64 (14.2.0-4ubuntu2~24.04.1) ...
publish-candidate	Publish candidate and capture registry digest	2026-09-12T04:35:04.2314660Z #6 21.86 Setting up libmpc3:amd64 (1.3.1-1build1.1) ...
publish-candidate	Publish candidate and capture registry digest	2026-09-12T04:35:04.2315096Z #6 21.86 Setting up libmnl0:amd64 (1.0.5-2build1) ...
publish-candidate	Publish candidate and capture registry digest	2026-09-12T04:35:04.2315526Z #6 21.86 Setting up libatomic1:amd64 (14.2.0-4ubuntu2~24.04.1) ...
publish-candidate	Publish candidate and capture registry digest	2026-09-12T04:35:04.2315944Z #6 21.86 Setting up patch (2.7.6-7build3) ...
publish-candidate	Publish candidate and capture registry digest	2026-09-12T04:35:04.2316541Z #6 21.87 Setting up libipt2 (2.0.6-1build1) ...
publish-candidate	Publish candidate and capture registry digest	2026-09-12T04:35:04.2316951Z #6 21.87 Setting up ucf (3.0043+nmu1) ...
publish-candidate	Publish candidate and capture registry digest	2026-09-12T04:35:04.2317363Z #6 21.92 Setting up libk5crypto3:amd64 (1.20.1-6ubuntu2.8) ...
publish-candidate	Publish candidate and capture registry digest	2026-09-12T04:35:04.2317839Z #6 21.93 Setting up libxtables12:amd64 (1.8.10-3ubuntu2) ...
publish-candidate	Publish candidate and capture registry digest	2026-09-12T04:35:04.2318260Z #6 21.93 Setting up libbabeltrace1:amd64 (1.5.11-3build3) ...
publish-candidate	Publish candidate and capture registry digest	2026-09-12T04:35:04.2318879Z #6 21.93 Setting up libsasl2-2:amd64 (2.1.28+dfsg1-5ubuntu3.1) ...
publish-candidate	Publish candidate and capture registry digest	2026-09-12T04:35:04.2319367Z #6 21.93 Setting up libubsan1:amd64 (14.2.0-4ubuntu2~24.04.1) ...
publish-candidate	Publish candidate and capture registry digest	2026-09-12T04:35:04.2319832Z #6 21.94 Setting up libhwasan0:amd64 (14.2.0-4ubuntu2~24.04.1) ...
publish-candidate	Publish candidate and capture registry digest	2026-09-12T04:35:04.2320266Z #6 21.94 Setting up libcrypt-dev:amd64 (1:4.4.36-4build1) ...
publish-candidate	Publish candidate and capture registry digest	2026-09-12T04:35:04.2320706Z #6 21.94 Setting up libasan8:amd64 (14.2.0-4ubuntu2~24.04.1) ...
publish-candidate	Publish candidate and capture registry digest	2026-09-12T04:35:04.3650486Z #6 21.95 Setting up git-man (1:2.43.0-1ubuntu7.3) ...
publish-candidate	Publish candidate and capture registry digest	2026-09-12T04:35:04.3651531Z #6 21.95 Setting up netbase (6.4) ...
publish-candidate	Publish candidate and capture registry digest	2026-09-12T04:35:04.3652315Z #6 21.98 Setting up libkrb5-3:amd64 (1.20.1-6ubuntu2.8) ...
publish-candidate	Publish candidate and capture registry digest	2026-09-12T04:35:04.3653162Z #6 21.98 Setting up libperl5.38t64:amd64 (5.38.2-3.2ubuntu0.4) ...
publish-candidate	Publish candidate and capture registry digest	2026-09-12T04:35:04.3653998Z #6 21.98 Setting up libtsan2:amd64 (14.2.0-4ubuntu2~24.04.1) ...
publish-candidate	Publish candidate and capture registry digest	2026-09-12T04:35:04.3654762Z #6 21.98 Setting up libbinutils:amd64 (2.42-4ubuntu2.10) ...
publish-candidate	Publish candidate and capture registry digest	2026-09-12T04:35:04.3655463Z #6 21.99 Setting up libisl23:amd64 (0.26-3build1.1) ...
publish-candidate	Publish candidate and capture registry digest	2026-09-12T04:35:04.3655904Z #6 21.99 Setting up libc-dev-bin (2.39-0ubuntu8.9) ...
publish-candidate	Publish candidate and capture registry digest	2026-09-12T04:35:04.3656471Z #6 22.00 Setting up openssl (3.0.13-0ubuntu3.15) ...
publish-candidate	Publish candidate and capture registry digest	2026-09-12T04:35:04.3657131Z #6 22.00 Setting up readline-common (8.2-4build1) ...
publish-candidate	Publish candidate and capture registry digest	2026-09-12T04:35:04.3657731Z #6 22.00 Setting up libcc1-0:amd64 (14.2.0-4ubuntu2~24.04.1) ...
publish-candidate	Publish candidate and capture registry digest	2026-09-12T04:35:04.3658379Z #6 22.01 Setting up libldap2:amd64 (2.6.10+dfsg-0ubuntu0.24.04.1) ...
publish-candidate	Publish candidate and capture registry digest	2026-09-12T04:35:04.3658867Z #6 22.01 Setting up libbpf1:amd64 (1:1.3.0-2build2) ...
publish-candidate	Publish candidate and capture registry digest	2026-09-12T04:35:04.3659436Z #6 22.01 Setting up liblsan0:amd64 (14.2.0-4ubuntu2~24.04.1) ...
publish-candidate	Publish candidate and capture registry digest	2026-09-12T04:35:04.3659955Z #6 22.01 Setting up libitm1:amd64 (14.2.0-4ubuntu2~24.04.1) ...
publish-candidate	Publish candidate and capture registry digest	2026-09-12T04:35:04.3660380Z #6 22.02 Setting up libctf0:amd64 (2.42-4ubuntu2.10) ...
publish-candidate	Publish candidate and capture registry digest	2026-09-12T04:35:04.3660809Z #6 22.02 Setting up libdebuginfod-common (0.190-1.1ubuntu0.1) ...
publish-candidate	Publish candidate and capture registry digest	2026-09-12T04:35:04.3661463Z #6 22.08 Setting up cpp-13-x86-64-linux-gnu (13.3.0-6ubuntu2~24.04.1) ...
publish-candidate	Publish candidate and capture registry digest	2026-09-12T04:35:04.5948028Z #6 22.08 Setting up iproute2 (6.1.0-1ubuntu6.4) ...
publish-candidate	Publish candidate and capture registry digest	2026-09-12T04:35:04.5949375Z #6 22.15 Setting up libsource-highlight4t64:amd64 (3.1.9-4.3build1) ...
publish-candidate	Publish candidate and capture registry digest	2026-09-12T04:35:04.5950451Z #6 22.16 Setting up ca-certificates (20260601~24.04.1) ...
publish-candidate	Publish candidate and capture registry digest	2026-09-12T04:35:04.7726978Z #6 22.49 Updating certificates in /etc/ssl/certs...
publish-candidate	Publish candidate and capture registry digest	2026-09-12T04:35:05.1743102Z #6 22.89 121 added, 0 removed; done.
publish-candidate	Publish candidate and capture registry digest	2026-09-12T04:35:05.3985208Z #6 22.91 Setting up perl (5.38.2-3.2ubuntu0.4) ...
publish-candidate	Publish candidate and capture registry digest	2026-09-12T04:35:05.3986293Z #6 22.92 Setting up libgprofng0:amd64 (2.42-4ubuntu2.10) ...
publish-candidate	Publish candidate and capture registry digest	2026-09-12T04:35:05.3987314Z #6 22.92 Setting up libgssapi-krb5-2:amd64 (1.20.1-6ubuntu2.8) ...
publish-candidate	Publish candidate and capture registry digest	2026-09-12T04:35:05.3988057Z #6 22.92 Setting up libdpkg-perl (1.22.6ubuntu6.6) ...
publish-candidate	Publish candidate and capture registry digest	2026-09-12T04:35:05.3988687Z #6 22.93 Setting up libssh-4:amd64 (0.10.6-2ubuntu0.5) ...
publish-candidate	Publish candidate and capture registry digest	2026-09-12T04:35:05.3989289Z #6 22.94 Setting up libreadline8t64:amd64 (8.2-4build1) ...
publish-candidate	Publish candidate and capture registry digest	2026-09-12T04:35:05.3990018Z #6 22.94 Setting up libgcc-13-dev:amd64 (13.3.0-6ubuntu2~24.04.1) ...
publish-candidate	Publish candidate and capture registry digest	2026-09-12T04:35:05.3990719Z #6 22.94 Setting up libc6-dev:amd64 (2.39-0ubuntu8.9) ...
publish-candidate	Publish candidate and capture registry digest	2026-09-12T04:35:05.3991606Z #6 22.94 Setting up sqlite3 (3.45.1-1ubuntu2.7) ...
publish-candidate	Publish candidate and capture registry digest	2026-09-12T04:35:05.3992328Z #6 22.95 Setting up libstdc++-13-dev:amd64 (13.3.0-6ubuntu2~24.04.1) ...
publish-candidate	Publish candidate and capture registry digest	2026-09-12T04:35:05.3993111Z #6 22.95 Setting up binutils-x86-64-linux-gnu (2.42-4ubuntu2.10) ...
publish-candidate	Publish candidate and capture registry digest	2026-09-12T04:35:05.3993892Z #6 22.95 Setting up cpp-x86-64-linux-gnu (4:13.2.0-7ubuntu1) ...
publish-candidate	Publish candidate and capture registry digest	2026-09-12T04:35:05.3994666Z #6 22.95 Setting up libpython3.12-stdlib:amd64 (3.12.3-1ubuntu0.17) ...
publish-candidate	Publish candidate and capture registry digest	2026-09-12T04:35:05.3995376Z #6 22.96 Setting up cpp-13 (13.3.0-6ubuntu2~24.04.1) ...
publish-candidate	Publish candidate and capture registry digest	2026-09-12T04:35:05.3996012Z #6 22.96 Setting up libcurl4t64:amd64 (8.5.0-2ubuntu10.13) ...
publish-candidate	Publish candidate and capture registry digest	2026-09-12T04:35:05.3996707Z #6 22.96 Setting up gcc-13-x86-64-linux-gnu (13.3.0-6ubuntu2~24.04.1) ...
publish-candidate	Publish candidate and capture registry digest	2026-09-12T04:35:05.3997426Z #6 22.96 Setting up python3.12 (3.12.3-1ubuntu0.17) ...
publish-candidate	Publish candidate and capture registry digest	2026-09-12T04:35:05.9852135Z #6 23.70 Setting up libcurl3t64-gnutls:amd64 (8.5.0-2ubuntu10.13) ...
publish-candidate	Publish candidate and capture registry digest	2026-09-12T04:35:06.1102686Z #6 23.70 Setting up bc (1.07.1-3ubuntu4) ...
publish-candidate	Publish candidate and capture registry digest	2026-09-12T04:35:06.1103618Z #6 23.71 Setting up binutils (2.42-4ubuntu2.10) ...
publish-candidate	Publish candidate and capture registry digest	2026-09-12T04:35:06.1104275Z #6 23.71 Setting up dpkg-dev (1.22.6ubuntu6.6) ...
publish-candidate	Publish candidate and capture registry digest	2026-09-12T04:35:06.1104858Z #6 23.71 Setting up liberror-perl (0.17029-2) ...
publish-candidate	Publish candidate and capture registry digest	2026-09-12T04:35:06.1105555Z #6 23.72 Setting up libpython3.12t64:amd64 (3.12.3-1ubuntu0.17) ...
publish-candidate	Publish candidate and capture registry digest	2026-09-12T04:35:06.1106180Z #6 23.72 Setting up gcc-13 (13.3.0-6ubuntu2~24.04.1) ...
publish-candidate	Publish candidate and capture registry digest	2026-09-12T04:35:06.1106680Z #6 23.72 Setting up git (1:2.43.0-1ubuntu7.3) ...
publish-candidate	Publish candidate and capture registry digest	2026-09-12T04:35:06.1107110Z #6 23.73 Setting up cpp (4:13.2.0-7ubuntu1) ...
publish-candidate	Publish candidate and capture registry digest	2026-09-12T04:35:06.1107801Z #6 23.73 Setting up curl (8.5.0-2ubuntu10.13) ...
publish-candidate	Publish candidate and capture registry digest	2026-09-12T04:35:06.1108471Z #6 23.74 Setting up libpython3-stdlib:amd64 (3.12.3-0ubuntu2.1) ...
publish-candidate	Publish candidate and capture registry digest	2026-09-12T04:35:06.1108964Z #6 23.74 Setting up libdebuginfod1t64:amd64 (0.190-1.1ubuntu0.1) ...
publish-candidate	Publish candidate and capture registry digest	2026-09-12T04:35:06.1109423Z #6 23.74 Setting up g++-13-x86-64-linux-gnu (13.3.0-6ubuntu2~24.04.1) ...
publish-candidate	Publish candidate and capture registry digest	2026-09-12T04:35:06.1110033Z #6 23.74 Setting up gcc-x86-64-linux-gnu (4:13.2.0-7ubuntu1) ...
publish-candidate	Publish candidate and capture registry digest	2026-09-12T04:35:06.1110640Z #6 23.75 Setting up python3 (3.12.3-0ubuntu2.1) ...
publish-candidate	Publish candidate and capture registry digest	2026-09-12T04:35:06.1111104Z #6 23.83 Setting up gcc (4:13.2.0-7ubuntu1) ...
publish-candidate	Publish candidate and capture registry digest	2026-09-12T04:35:06.3003113Z #6 23.83 Setting up gdb (15.1-1ubuntu1~24.04.1) ...
publish-candidate	Publish candidate and capture registry digest	2026-09-12T04:35:06.3003695Z #6 23.84 Setting up g++-x86-64-linux-gnu (4:13.2.0-7ubuntu1) ...
publish-candidate	Publish candidate and capture registry digest	2026-09-12T04:35:06.3004227Z #6 23.84 Setting up g++-13 (13.3.0-6ubuntu2~24.04.1) ...
publish-candidate	Publish candidate and capture registry digest	2026-09-12T04:35:06.3004613Z #6 23.84 Setting up g++ (4:13.2.0-7ubuntu1) ...
publish-candidate	Publish candidate and capture registry digest	2026-09-12T04:35:06.3005163Z #6 23.85 update-alternatives: using /usr/bin/g++ to provide /usr/bin/c++ (c++) in auto mode
publish-candidate	Publish candidate and capture registry digest	2026-09-12T04:35:06.3006020Z #6 23.85 update-alternatives: warning: skip creation of /usr/share/man/man1/c++.1.gz because associated file /usr/share/man/man1/g++.1.gz (of link group c++) doesn't exist
publish-candidate	Publish candidate and capture registry digest	2026-09-12T04:35:06.3006722Z #6 23.85 Setting up build-essential (12.10ubuntu1) ...
publish-candidate	Publish candidate and capture registry digest	2026-09-12T04:35:06.3007202Z #6 23.85 Processing triggers for libc-bin (2.39-0ubuntu8.9) ...
publish-candidate	Publish candidate and capture registry digest	2026-09-12T04:35:06.3008012Z #6 23.86 Processing triggers for ca-certificates (20260601~24.04.1) ...
publish-candidate	Publish candidate and capture registry digest	2026-09-12T04:35:06.3008567Z #6 23.86 Updating certificates in /etc/ssl/certs...
publish-candidate	Publish candidate and capture registry digest	2026-09-12T04:35:06.4653766Z #6 24.18 0 added, 0 removed; done.
publish-candidate	Publish candidate and capture registry digest	2026-09-12T04:35:06.4654423Z #6 24.18 Running hooks in /etc/ca-certificates/update.d...
publish-candidate	Publish candidate and capture registry digest	2026-09-12T04:35:06.6167680Z #6 24.18 done.
publish-candidate	Publish candidate and capture registry digest	2026-09-12T04:35:09.8018591Z #6 DONE 27.5s
publish-candidate	Publish candidate and capture registry digest	2026-09-12T04:35:09.9533564Z 
publish-candidate	Publish candidate and capture registry digest	2026-09-12T04:35:09.9535054Z #7 [3/4] RUN apt-get update  && apt-get install -y --no-install-recommends     qemu-system-misc=1:8.2.2+ds-0ubuntu1.18     gcc-riscv64-unknown-elf=13.2.0-11ubuntu1+12     gcc-riscv64-linux-gnu  && rm -rf /var/lib/apt/lists
publish-candidate	Publish candidate and capture registry digest	2026-09-12T04:35:10.0574997Z #7 0.255 Get:1 http://archive.ubuntu.com/ubuntu noble InRelease [256 kB]
publish-candidate	Publish candidate and capture registry digest	2026-09-12T04:35:10.3472725Z #7 0.544 Get:2 http://security.ubuntu.com/ubuntu noble-security InRelease [126 kB]
publish-candidate	Publish candidate and capture registry digest	2026-09-12T04:35:10.4560031Z #7 0.575 Get:3 http://archive.ubuntu.com/ubuntu noble-updates InRelease [126 kB]
publish-candidate	Publish candidate and capture registry digest	2026-09-12T04:35:10.4561444Z #7 0.653 Get:4 http://archive.ubuntu.com/ubuntu noble-backports InRelease [126 kB]
publish-candidate	Publish candidate and capture registry digest	2026-09-12T04:35:10.6101586Z #7 0.732 Get:5 http://archive.ubuntu.com/ubuntu noble/multiverse amd64 Packages [331 kB]
publish-candidate	Publish candidate and capture registry digest	2026-09-12T04:35:10.6103113Z #7 0.807 Get:6 http://archive.ubuntu.com/ubuntu noble/main amd64 Packages [1808 kB]
publish-candidate	Publish candidate and capture registry digest	2026-09-12T04:35:10.7840649Z #7 0.981 Get:7 http://archive.ubuntu.com/ubuntu noble/universe amd64 Packages [19.3 MB]
publish-candidate	Publish candidate and capture registry digest	2026-09-12T04:35:11.0351952Z #7 1.232 Get:8 http://security.ubuntu.com/ubuntu noble-security/main amd64 Packages [1242 kB]
publish-candidate	Publish candidate and capture registry digest	2026-09-12T04:35:11.1556929Z #7 1.327 Get:9 http://archive.ubuntu.com/ubuntu noble/restricted amd64 Packages [117 kB]
publish-candidate	Publish candidate and capture registry digest	2026-09-12T04:35:11.1572282Z #7 1.328 Get:10 http://archive.ubuntu.com/ubuntu noble-updates/universe amd64 Packages [2151 kB]
publish-candidate	Publish candidate and capture registry digest	2026-09-12T04:35:11.1573305Z #7 1.353 Get:11 http://archive.ubuntu.com/ubuntu noble-updates/multiverse amd64 Packages [55.8 kB]
publish-candidate	Publish candidate and capture registry digest	2026-09-12T04:35:11.3230850Z #7 1.353 Get:12 http://archive.ubuntu.com/ubuntu noble-updates/restricted amd64 Packages [1913 kB]
publish-candidate	Publish candidate and capture registry digest	2026-09-12T04:35:11.3232410Z #7 1.362 Get:13 http://archive.ubuntu.com/ubuntu noble-updates/main amd64 Packages [1565 kB]
publish-candidate	Publish candidate and capture registry digest	2026-09-12T04:35:11.3233785Z #7 1.370 Get:14 http://archive.ubuntu.com/ubuntu noble-backports/universe amd64 Packages [35.9 kB]
publish-candidate	Publish candidate and capture registry digest	2026-09-12T04:35:11.3234983Z #7 1.370 Get:15 http://archive.ubuntu.com/ubuntu noble-backports/multiverse amd64 Packages [671 B]
publish-candidate	Publish candidate and capture registry digest	2026-09-12T04:35:11.3236033Z #7 1.370 Get:16 http://archive.ubuntu.com/ubuntu noble-backports/main amd64 Packages [48.9 kB]
publish-candidate	Publish candidate and capture registry digest	2026-09-12T04:35:11.9446994Z #7 2.142 Get:17 http://security.ubuntu.com/ubuntu noble-security/restricted amd64 Packages [1796 kB]
publish-candidate	Publish candidate and capture registry digest	2026-09-12T04:35:12.2526838Z #7 2.450 Get:18 http://security.ubuntu.com/ubuntu noble-security/multiverse amd64 Packages [50.0 kB]
publish-candidate	Publish candidate and capture registry digest	2026-09-12T04:35:12.4065398Z #7 2.453 Get:19 http://security.ubuntu.com/ubuntu noble-security/universe amd64 Packages [1530 kB]
publish-candidate	Publish candidate and capture registry digest	2026-09-12T04:35:12.4739284Z #7 2.671 Fetched 32.6 MB in 3s (12.8 MB/s)
publish-candidate	Publish candidate and capture registry digest	2026-09-12T04:35:13.1879340Z #7 2.671 Reading package lists...
publish-candidate	Publish candidate and capture registry digest	2026-09-12T04:35:13.9312372Z #7 3.416 Reading package lists...
publish-candidate	Publish candidate and capture registry digest	2026-09-12T04:35:14.0666192Z #7 4.141 Building dependency tree...
publish-candidate	Publish candidate and capture registry digest	2026-09-12T04:35:14.0666723Z #7 4.264 Reading state information...
publish-candidate	Publish candidate and capture registry digest	2026-09-12T04:35:14.2288692Z #7 4.426 The following additional packages will be installed:
publish-candidate	Publish candidate and capture registry digest	2026-09-12T04:35:14.2289489Z #7 4.426   acl adduser binutils-riscv64-linux-gnu binutils-riscv64-unknown-elf
publish-candidate	Publish candidate and capture registry digest	2026-09-12T04:35:14.2290291Z #7 4.426   cpp-13-riscv64-linux-gnu cpp-riscv64-linux-gnu gcc-13-cross-base
publish-candidate	Publish candidate and capture registry digest	2026-09-12T04:35:14.2290913Z #7 4.426   gcc-13-riscv64-linux-gnu gcc-13-riscv64-linux-gnu-base gcc-14-cross-base
publish-candidate	Publish candidate and capture registry digest	2026-09-12T04:35:14.2292421Z #7 4.426   libaio1t64 libasan8-riscv64-cross libasound2-data libasound2t64
publish-candidate	Publish candidate and capture registry digest	2026-09-12T04:35:14.2293481Z #7 4.426   libatomic1-riscv64-cross libbrlapi0.8 libc6-riscv64-cross libcacard0
publish-candidate	Publish candidate and capture registry digest	2026-09-12T04:35:14.4294152Z #7 4.426   libdaxctl1 libfdt1 libfuse3-3 libgcc-13-dev-riscv64-cross
publish-candidate	Publish candidate and capture registry digest	2026-09-12T04:35:14.4295426Z #7 4.426   libgcc-s1-riscv64-cross libgomp1-riscv64-cross libibverbs1
publish-candidate	Publish candidate and capture registry digest	2026-09-12T04:35:14.4296245Z #7 4.426   libitm1-riscv64-cross libjpeg-turbo8 libjpeg8 libkmod2 libndctl6 libnl-3-200
publish-candidate	Publish candidate and capture registry digest	2026-09-12T04:35:14.4297047Z #7 4.427   libnl-route-3-200 libnspr4 libnss3 libnuma1 libpcsclite1 libpixman-1-0
publish-candidate	Publish candidate and capture registry digest	2026-09-12T04:35:14.4297780Z #7 4.427   libpmem1 libpng16-16t64 librdmacm1t64 libslirp0 libstdc++6-riscv64-cross
publish-candidate	Publish candidate and capture registry digest	2026-09-12T04:35:14.4298485Z #7 4.427   libubsan1-riscv64-cross liburing2 libusb-1.0-0 libusbredirparser1t64
publish-candidate	Publish candidate and capture registry digest	2026-09-12T04:35:14.4299051Z #7 4.427   qemu-system-common qemu-system-data
publish-candidate	Publish candidate and capture registry digest	2026-09-12T04:35:14.4299502Z #7 4.428 Suggested packages:
publish-candidate	Publish candidate and capture registry digest	2026-09-12T04:35:14.4300057Z #7 4.428   liblocale-gettext-perl cron quota ecryptfs-utils binutils-doc gcc-13-locales
publish-candidate	Publish candidate and capture registry digest	2026-09-12T04:35:14.4300711Z #7 4.428   cpp-13-doc cpp-doc gcc-13-doc manpages-dev autoconf automake libtool flex
publish-candidate	Publish candidate and capture registry digest	2026-09-12T04:35:14.4301891Z #7 4.428   bison gdb-riscv64-linux-gnu gcc-doc alsa-utils libasound2-plugins fuse3
publish-candidate	Publish candidate and capture registry digest	2026-09-12T04:35:14.4302888Z #7 4.428   pcscd samba vde2
publish-candidate	Publish candidate and capture registry digest	2026-09-12T04:35:14.4303496Z #7 4.428 Recommended packages:
publish-candidate	Publish candidate and capture registry digest	2026-09-12T04:35:14.4304198Z #7 4.428   libc6-dev-riscv64-cross libc6-dev-riscv64-cross | libc-dev-riscv64-cross
publish-candidate	Publish candidate and capture registry digest	2026-09-12T04:35:14.4304784Z #7 4.428   alsa-ucm-conf alsa-topology-conf ibverbs-providers qemu-utils seabios
publish-candidate	Publish candidate and capture registry digest	2026-09-12T04:35:14.4305283Z #7 4.428   ipxe-qemu qemu-system-gui qemu-system-modules-spice
publish-candidate	Publish candidate and capture registry digest	2026-09-12T04:35:14.4305730Z #7 4.428   qemu-system-modules-opengl qemu-block-extra
publish-candidate	Publish candidate and capture registry digest	2026-09-12T04:35:14.4306163Z #7 4.475 The following NEW packages will be installed:
publish-candidate	Publish candidate and capture registry digest	2026-09-12T04:35:14.4306654Z #7 4.475   acl adduser binutils-riscv64-linux-gnu binutils-riscv64-unknown-elf
publish-candidate	Publish candidate and capture registry digest	2026-09-12T04:35:14.4307227Z #7 4.475   cpp-13-riscv64-linux-gnu cpp-riscv64-linux-gnu gcc-13-cross-base
publish-candidate	Publish candidate and capture registry digest	2026-09-12T04:35:14.4307816Z #7 4.475   gcc-13-riscv64-linux-gnu gcc-13-riscv64-linux-gnu-base gcc-14-cross-base
publish-candidate	Publish candidate and capture registry digest	2026-09-12T04:35:14.4308385Z #7 4.475   gcc-riscv64-linux-gnu gcc-riscv64-unknown-elf libaio1t64
publish-candidate	Publish candidate and capture registry digest	2026-09-12T04:35:14.4308904Z #7 4.475   libasan8-riscv64-cross libasound2-data libasound2t64
publish-candidate	Publish candidate and capture registry digest	2026-09-12T04:35:14.4309432Z #7 4.475   libatomic1-riscv64-cross libbrlapi0.8 libc6-riscv64-cross libcacard0
publish-candidate	Publish candidate and capture registry digest	2026-09-12T04:35:14.4309954Z #7 4.475   libdaxctl1 libfdt1 libfuse3-3 libgcc-13-dev-riscv64-cross
publish-candidate	Publish candidate and capture registry digest	2026-09-12T04:35:14.4310419Z #7 4.475   libgcc-s1-riscv64-cross libgomp1-riscv64-cross libibverbs1
publish-candidate	Publish candidate and capture registry digest	2026-09-12T04:35:14.4311026Z #7 4.475   libitm1-riscv64-cross libjpeg-turbo8 libjpeg8 libkmod2 libndctl6 libnl-3-200
publish-candidate	Publish candidate and capture registry digest	2026-09-12T04:35:14.4312007Z #7 4.475   libnl-route-3-200 libnspr4 libnss3 libnuma1 libpcsclite1 libpixman-1-0
publish-candidate	Publish candidate and capture registry digest	2026-09-12T04:35:14.4312595Z #7 4.476   libpmem1 libpng16-16t64 librdmacm1t64 libslirp0 libstdc++6-riscv64-cross
publish-candidate	Publish candidate and capture registry digest	2026-09-12T04:35:14.4313139Z #7 4.476   libubsan1-riscv64-cross liburing2 libusb-1.0-0 libusbredirparser1t64
publish-candidate	Publish candidate and capture registry digest	2026-09-12T04:35:14.4313625Z #7 4.476   qemu-system-common qemu-system-data qemu-system-misc
publish-candidate	Publish candidate and capture registry digest	2026-09-12T04:35:14.5579885Z #7 4.755 0 upgraded, 51 newly installed, 0 to remove and 1 not upgraded.
publish-candidate	Publish candidate and capture registry digest	2026-09-12T04:35:14.5580629Z #7 4.755 Need to get 152 MB of archives.
publish-candidate	Publish candidate and capture registry digest	2026-09-12T04:35:14.5581480Z #7 4.755 After this operation, 645 MB of additional disk space will be used.
publish-candidate	Publish candidate and capture registry digest	2026-09-12T04:35:14.5582173Z #7 4.755 Get:1 http://archive.ubuntu.com/ubuntu noble/main amd64 adduser all 3.137ubuntu1 [101 kB]
publish-candidate	Publish candidate and capture registry digest	2026-09-12T04:35:15.0426807Z #7 5.240 Get:2 http://archive.ubuntu.com/ubuntu noble-updates/main amd64 libkmod2 amd64 31+20240202-2ubuntu7.2 [51.8 kB]
publish-candidate	Publish candidate and capture registry digest	2026-09-12T04:35:15.2072768Z #7 5.282 Get:3 http://archive.ubuntu.com/ubuntu noble/main amd64 libfuse3-3 amd64 3.14.0-5build1 [83.1 kB]
publish-candidate	Publish candidate and capture registry digest	2026-09-12T04:35:15.2073779Z #7 5.404 Get:4 http://archive.ubuntu.com/ubuntu noble-updates/main amd64 libnl-3-200 amd64 3.7.0-0.3build1.1 [55.7 kB]
publish-candidate	Publish candidate and capture registry digest	2026-09-12T04:35:15.4079797Z #7 5.477 Get:5 http://archive.ubuntu.com/ubuntu noble-updates/main amd64 libnl-route-3-200 amd64 3.7.0-0.3build1.1 [189 kB]
publish-candidate	Publish candidate and capture registry digest	2026-09-12T04:35:15.4080687Z #7 5.605 Get:6 http://archive.ubuntu.com/ubuntu noble-updates/main amd64 libibverbs1 amd64 50.0-2ubuntu0.2 [68.0 kB]
publish-candidate	Publish candidate and capture registry digest	2026-09-12T04:35:15.5367011Z #7 5.627 Get:7 http://archive.ubuntu.com/ubuntu noble-updates/main amd64 libnuma1 amd64 2.0.18-1ubuntu0.24.04.1 [23.4 kB]
publish-candidate	Publish candidate and capture registry digest	2026-09-12T04:35:15.5368418Z #7 5.634 Get:8 http://archive.ubuntu.com/ubuntu noble-updates/main amd64 libpng16-16t64 amd64 1.6.43-5ubuntu0.6 [189 kB]
publish-candidate	Publish candidate and capture registry digest	2026-09-12T04:35:15.5369151Z #7 5.734 Get:9 http://archive.ubuntu.com/ubuntu noble/main amd64 libusb-1.0-0 amd64 2:1.0.27-1 [54.0 kB]
publish-candidate	Publish candidate and capture registry digest	2026-09-12T04:35:15.7070634Z #7 5.746 Get:10 http://archive.ubuntu.com/ubuntu noble-updates/main amd64 acl amd64 2.3.2-1build1.1 [39.4 kB]
publish-candidate	Publish candidate and capture registry digest	2026-09-12T04:35:15.7071839Z #7 5.754 Get:11 http://archive.ubuntu.com/ubuntu noble-updates/main amd64 binutils-riscv64-linux-gnu amd64 2.42-4ubuntu2.10 [1425 kB]
publish-candidate	Publish candidate and capture registry digest	2026-09-12T04:35:15.9364340Z #7 6.134 Get:12 http://archive.ubuntu.com/ubuntu noble/universe amd64 binutils-riscv64-unknown-elf amd64 2.42-1ubuntu1+6 [2997 kB]
publish-candidate	Publish candidate and capture registry digest	2026-09-12T04:35:16.2093264Z #7 6.406 Get:13 http://archive.ubuntu.com/ubuntu noble-updates/main amd64 gcc-13-riscv64-linux-gnu-base amd64 13.3.0-6ubuntu2~24.04.1cross1 [51.8 kB]
publish-candidate	Publish candidate and capture registry digest	2026-09-12T04:35:16.3609090Z #7 6.408 Get:14 http://archive.ubuntu.com/ubuntu noble-updates/main amd64 cpp-13-riscv64-linux-gnu amd64 13.3.0-6ubuntu2~24.04.1cross1 [10.0 MB]
publish-candidate	Publish candidate and capture registry digest	2026-09-12T04:35:16.5337844Z #7 6.731 Get:15 http://archive.ubuntu.com/ubuntu noble/main amd64 cpp-riscv64-linux-gnu amd64 4:13.2.0-7ubuntu1 [5328 B]
publish-candidate	Publish candidate and capture registry digest	2026-09-12T04:35:16.6488317Z #7 6.731 Get:16 http://archive.ubuntu.com/ubuntu noble-updates/main amd64 gcc-13-cross-base all 13.3.0-6ubuntu2~24.04.1cross1 [46.5 kB]
publish-candidate	Publish candidate and capture registry digest	2026-09-12T04:35:16.6489674Z #7 6.732 Get:17 http://archive.ubuntu.com/ubuntu noble-updates/main amd64 gcc-14-cross-base all 14.2.0-4ubuntu2~24.04.1cross1 [46.1 kB]
publish-candidate	Publish candidate and capture registry digest	2026-09-12T04:35:16.6490886Z #7 6.732 Get:18 http://archive.ubuntu.com/ubuntu noble/main amd64 libc6-riscv64-cross all 2.39-0ubuntu8cross1 [1244 kB]
publish-candidate	Publish candidate and capture registry digest	2026-09-12T04:35:16.6492412Z #7 6.750 Get:19 http://archive.ubuntu.com/ubuntu noble-updates/main amd64 libgcc-s1-riscv64-cross all 14.2.0-4ubuntu2~24.04.1cross1 [63.0 kB]
publish-candidate	Publish candidate and capture registry digest	2026-09-12T04:35:16.6493812Z #7 6.753 Get:20 http://archive.ubuntu.com/ubuntu noble-updates/main amd64 libgomp1-riscv64-cross all 14.2.0-4ubuntu2~24.04.1cross1 [114 kB]
publish-candidate	Publish candidate and capture registry digest	2026-09-12T04:35:16.6495205Z #7 6.758 Get:21 http://archive.ubuntu.com/ubuntu noble-updates/main amd64 libitm1-riscv64-cross all 14.2.0-4ubuntu2~24.04.1cross1 [32.5 kB]
publish-candidate	Publish candidate and capture registry digest	2026-09-12T04:35:16.6496532Z #7 6.760 Get:22 http://archive.ubuntu.com/ubuntu noble-updates/main amd64 libatomic1-riscv64-cross all 14.2.0-4ubuntu2~24.04.1cross1 [9606 B]
publish-candidate	Publish candidate and capture registry digest	2026-09-12T04:35:16.6497887Z #7 6.760 Get:23 http://archive.ubuntu.com/ubuntu noble-updates/main amd64 libasan8-riscv64-cross all 14.2.0-4ubuntu2~24.04.1cross1 [568 kB]
publish-candidate	Publish candidate and capture registry digest	2026-09-12T04:35:16.6499287Z #7 6.846 Get:24 http://archive.ubuntu.com/ubuntu noble-updates/main amd64 libstdc++6-riscv64-cross all 14.2.0-4ubuntu2~24.04.1cross1 [751 kB]
publish-candidate	Publish candidate and capture registry digest	2026-09-12T04:35:16.7648313Z #7 6.962 Get:25 http://archive.ubuntu.com/ubuntu noble-updates/main amd64 libubsan1-riscv64-cross all 14.2.0-4ubuntu2~24.04.1cross1 [229 kB]
publish-candidate	Publish candidate and capture registry digest	2026-09-12T04:35:16.9310124Z #7 6.964 Get:26 http://archive.ubuntu.com/ubuntu noble-updates/main amd64 libgcc-13-dev-riscv64-cross all 13.3.0-6ubuntu2~24.04.1cross1 [1712 kB]
publish-candidate	Publish candidate and capture registry digest	2026-09-12T04:35:16.9311398Z #7 6.978 Get:27 http://archive.ubuntu.com/ubuntu noble-updates/main amd64 gcc-13-riscv64-linux-gnu amd64 13.3.0-6ubuntu2~24.04.1cross1 [19.3 MB]
publish-candidate	Publish candidate and capture registry digest	2026-09-12T04:35:17.0135824Z #7 7.211 Get:28 http://archive.ubuntu.com/ubuntu noble/main amd64 gcc-riscv64-linux-gnu amd64 4:13.2.0-7ubuntu1 [1212 B]
publish-candidate	Publish candidate and capture registry digest	2026-09-12T04:35:17.1642054Z #7 7.211 Get:29 http://archive.ubuntu.com/ubuntu noble/universe amd64 gcc-riscv64-unknown-elf amd64 13.2.0-11ubuntu1+12 [48.4 MB]
publish-candidate	Publish candidate and capture registry digest	2026-09-12T04:35:17.4588743Z #7 7.656 Get:30 http://archive.ubuntu.com/ubuntu noble-updates/main amd64 libaio1t64 amd64 0.3.113-6build1.1 [7210 B]
publish-candidate	Publish candidate and capture registry digest	2026-09-12T04:35:17.5729717Z #7 7.658 Get:31 http://archive.ubuntu.com/ubuntu noble-updates/main amd64 libasound2-data all 1.2.11-1ubuntu0.3 [21.4 kB]
publish-candidate	Publish candidate and capture registry digest	2026-09-12T04:35:17.5731174Z #7 7.658 Get:32 http://archive.ubuntu.com/ubuntu noble-updates/main amd64 libasound2t64 amd64 1.2.11-1ubuntu0.3 [398 kB]
publish-candidate	Publish candidate and capture registry digest	2026-09-12T04:35:17.5732937Z #7 7.659 Get:33 http://archive.ubuntu.com/ubuntu noble/main amd64 libbrlapi0.8 amd64 6.6-4ubuntu5 [31.4 kB]
publish-candidate	Publish candidate and capture registry digest	2026-09-12T04:35:17.5733985Z #7 7.660 Get:34 http://archive.ubuntu.com/ubuntu noble/main amd64 libnspr4 amd64 2:4.35-1.1build1 [117 kB]
publish-candidate	Publish candidate and capture registry digest	2026-09-12T04:35:17.5734993Z #7 7.661 Get:35 http://archive.ubuntu.com/ubuntu noble-updates/main amd64 libnss3 amd64 2:3.98-1ubuntu0.2 [1445 kB]
publish-candidate	Publish candidate and capture registry digest	2026-09-12T04:35:17.5735806Z #7 7.669 Get:36 http://archive.ubuntu.com/ubuntu noble/main amd64 libpcsclite1 amd64 2.0.3-1build1 [21.4 kB]
publish-candidate	Publish candidate and capture registry digest	2026-09-12T04:35:17.5736822Z #7 7.669 Get:37 http://archive.ubuntu.com/ubuntu noble/main amd64 libcacard0 amd64 1:2.8.0-3build4 [36.5 kB]
publish-candidate	Publish candidate and capture registry digest	2026-09-12T04:35:17.5737846Z #7 7.670 Get:38 http://archive.ubuntu.com/ubuntu noble/main amd64 libdaxctl1 amd64 77-2ubuntu2 [21.4 kB]
publish-candidate	Publish candidate and capture registry digest	2026-09-12T04:35:17.5738566Z #7 7.770 Get:39 http://archive.ubuntu.com/ubuntu noble/main amd64 libjpeg-turbo8 amd64 2.1.5-2ubuntu2 [150 kB]
publish-candidate	Publish candidate and capture registry digest	2026-09-12T04:35:17.6868972Z #7 7.884 Get:40 http://archive.ubuntu.com/ubuntu noble/main amd64 libjpeg8 amd64 8c-2ubuntu11 [2148 B]
publish-candidate	Publish candidate and capture registry digest	2026-09-12T04:35:17.8005966Z #7 7.884 Get:41 http://archive.ubuntu.com/ubuntu noble/main amd64 libndctl6 amd64 77-2ubuntu2 [62.8 kB]
publish-candidate	Publish candidate and capture registry digest	2026-09-12T04:35:17.8007643Z #7 7.885 Get:42 http://archive.ubuntu.com/ubuntu noble/main amd64 libpixman-1-0 amd64 0.42.2-1build1 [279 kB]
publish-candidate	Publish candidate and capture registry digest	2026-09-12T04:35:17.8008931Z #7 7.887 Get:43 http://archive.ubuntu.com/ubuntu noble/main amd64 libpmem1 amd64 1.13.1-1.1ubuntu2 [84.8 kB]
publish-candidate	Publish candidate and capture registry digest	2026-09-12T04:35:17.8010751Z #7 7.888 Get:44 http://archive.ubuntu.com/ubuntu noble-updates/main amd64 librdmacm1t64 amd64 50.0-2ubuntu0.2 [70.7 kB]
publish-candidate	Publish candidate and capture registry digest	2026-09-12T04:35:17.8012541Z #7 7.888 Get:45 http://archive.ubuntu.com/ubuntu noble-updates/main amd64 libslirp0 amd64 4.7.0-1ubuntu3.1 [63.8 kB]
publish-candidate	Publish candidate and capture registry digest	2026-09-12T04:35:17.8013671Z #7 7.889 Get:46 http://archive.ubuntu.com/ubuntu noble/main amd64 liburing2 amd64 2.5-1build1 [21.1 kB]
publish-candidate	Publish candidate and capture registry digest	2026-09-12T04:35:17.8015785Z #7 7.890 Get:47 http://archive.ubuntu.com/ubuntu noble/main amd64 libusbredirparser1t64 amd64 0.13.0-2.1build1 [16.5 kB]
publish-candidate	Publish candidate and capture registry digest	2026-09-12T04:35:17.8019553Z #7 7.890 Get:48 http://archive.ubuntu.com/ubuntu noble-updates/main amd64 qemu-system-common amd64 1:8.2.2+ds-0ubuntu1.18 [1255 kB]
publish-candidate	Publish candidate and capture registry digest	2026-09-12T04:35:17.8020827Z #7 7.997 Get:49 http://archive.ubuntu.com/ubuntu noble-updates/main amd64 qemu-system-data all 1:8.2.2+ds-0ubuntu1.18 [1796 kB]
publish-candidate	Publish candidate and capture registry digest	2026-09-12T04:35:17.9136523Z #7 8.110 Get:50 http://archive.ubuntu.com/ubuntu noble/main amd64 libfdt1 amd64 1.7.0-2build1 [20.1 kB]
publish-candidate	Publish candidate and capture registry digest	2026-09-12T04:35:18.0640564Z #7 8.111 Get:51 http://archive.ubuntu.com/ubuntu noble-updates/main amd64 qemu-system-misc amd64 1:8.2.2+ds-0ubuntu1.18 [57.7 MB]
publish-candidate	Publish candidate and capture registry digest	2026-09-12T04:35:18.7582800Z #7 8.955 debconf: delaying package configuration, since apt-utils is not installed
publish-candidate	Publish candidate and capture registry digest	2026-09-12T04:35:18.8589068Z #7 8.979 Fetched 152 MB in 4s (35.8 MB/s)
publish-candidate	Publish candidate and capture registry digest	2026-09-12T04:35:18.8589870Z #7 8.996 Selecting previously unselected package adduser.
publish-candidate	Publish candidate and capture registry digest	2026-09-12T04:35:18.8590625Z #7 8.996 (Reading database ... 
publish-candidate	Publish candidate and capture registry digest	2026-09-12T04:35:18.8591115Z (Reading database ... 5%
publish-candidate	Publish candidate and capture registry digest	2026-09-12T04:35:18.8591695Z (Reading database ... 10%
publish-candidate	Publish candidate and capture registry digest	2026-09-12T04:35:18.8592200Z (Reading database ... 15%
publish-candidate	Publish candidate and capture registry digest	2026-09-12T04:35:18.8592600Z (Reading database ... 20%
publish-candidate	Publish candidate and capture registry digest	2026-09-12T04:35:18.8592992Z (Reading database ... 25%
publish-candidate	Publish candidate and capture registry digest	2026-09-12T04:35:18.8593426Z (Reading database ... 30%
publish-candidate	Publish candidate and capture registry digest	2026-09-12T04:35:18.8593817Z (Reading database ... 35%
publish-candidate	Publish candidate and capture registry digest	2026-09-12T04:35:18.8594314Z (Reading database ... 40%
publish-candidate	Publish candidate and capture registry digest	2026-09-12T04:35:18.8594702Z (Reading database ... 45%
publish-candidate	Publish candidate and capture registry digest	2026-09-12T04:35:18.8595099Z (Reading database ... 50%
publish-candidate	Publish candidate and capture registry digest	2026-09-12T04:35:18.8595574Z (Reading database ... 55%
publish-candidate	Publish candidate and capture registry digest	2026-09-12T04:35:18.8595980Z (Reading database ... 60%
publish-candidate	Publish candidate and capture registry digest	2026-09-12T04:35:18.8596899Z (Reading database ... 65%
publish-candidate	Publish candidate and capture registry digest	2026-09-12T04:35:18.8597342Z (Reading database ... 70%
publish-candidate	Publish candidate and capture registry digest	2026-09-12T04:35:18.8597753Z (Reading database ... 75%
publish-candidate	Publish candidate and capture registry digest	2026-09-12T04:35:18.8598181Z (Reading database ... 80%
publish-candidate	Publish candidate and capture registry digest	2026-09-12T04:35:18.8598571Z (Reading database ... 85%
publish-candidate	Publish candidate and capture registry digest	2026-09-12T04:35:18.8599104Z (Reading database ... 90%
publish-candidate	Publish candidate and capture registry digest	2026-09-12T04:35:18.8599775Z (Reading database ... 95%
publish-candidate	Publish candidate and capture registry digest	2026-09-12T04:35:18.8600306Z (Reading database ... 100%
publish-candidate	Publish candidate and capture registry digest	2026-09-12T04:35:18.8600931Z (Reading database ... 14031 files and directories currently installed.)
publish-candidate	Publish candidate and capture registry digest	2026-09-12T04:35:18.8602169Z #7 9.003 Preparing to unpack .../adduser_3.137ubuntu1_all.deb ...
publish-candidate	Publish candidate and capture registry digest	2026-09-12T04:35:18.8602761Z #7 9.006 Unpacking adduser (3.137ubuntu1) ...
publish-candidate	Publish candidate and capture registry digest	2026-09-12T04:35:18.8603324Z #7 9.028 Setting up adduser (3.137ubuntu1) ...
publish-candidate	Publish candidate and capture registry digest	2026-09-12T04:35:18.8603906Z #7 9.053 Selecting previously unselected package libkmod2:amd64.
publish-candidate	Publish candidate and capture registry digest	2026-09-12T04:35:18.8604527Z #7 9.053 (Reading database ... 
publish-candidate	Publish candidate and capture registry digest	2026-09-12T04:35:18.8604984Z (Reading database ... 5%
publish-candidate	Publish candidate and capture registry digest	2026-09-12T04:35:18.8605381Z (Reading database ... 10%
publish-candidate	Publish candidate and capture registry digest	2026-09-12T04:35:18.8605826Z (Reading database ... 15%
publish-candidate	Publish candidate and capture registry digest	2026-09-12T04:35:18.8606230Z (Reading database ... 20%
publish-candidate	Publish candidate and capture registry digest	2026-09-12T04:35:18.8606648Z (Reading database ... 25%
publish-candidate	Publish candidate and capture registry digest	2026-09-12T04:35:18.8607092Z (Reading database ... 30%
publish-candidate	Publish candidate and capture registry digest	2026-09-12T04:35:18.8607486Z (Reading database ... 35%
publish-candidate	Publish candidate and capture registry digest	2026-09-12T04:35:18.8607926Z (Reading database ... 40%
publish-candidate	Publish candidate and capture registry digest	2026-09-12T04:35:18.8608326Z (Reading database ... 45%
publish-candidate	Publish candidate and capture registry digest	2026-09-12T04:35:18.8608780Z (Reading database ... 50%
publish-candidate	Publish candidate and capture registry digest	2026-09-12T04:35:18.8609240Z (Reading database ... 55%
publish-candidate	Publish candidate and capture registry digest	2026-09-12T04:35:18.8609650Z (Reading database ... 60%
publish-candidate	Publish candidate and capture registry digest	2026-09-12T04:35:18.8610073Z (Reading database ... 65%
publish-candidate	Publish candidate and capture registry digest	2026-09-12T04:35:18.8610526Z (Reading database ... 70%
publish-candidate	Publish candidate and capture registry digest	2026-09-12T04:35:18.8611024Z (Reading database ... 75%
publish-candidate	Publish candidate and capture registry digest	2026-09-12T04:35:18.9604387Z (Reading database ... 80%
publish-candidate	Publish candidate and capture registry digest	2026-09-12T04:35:18.9605401Z (Reading database ... 85%
publish-candidate	Publish candidate and capture registry digest	2026-09-12T04:35:18.9606399Z (Reading database ... 90%
publish-candidate	Publish candidate and capture registry digest	2026-09-12T04:35:18.9607299Z (Reading database ... 95%
publish-candidate	Publish candidate and capture registry digest	2026-09-12T04:35:18.9608231Z (Reading database ... 100%
publish-candidate	Publish candidate and capture registry digest	2026-09-12T04:35:18.9608988Z (Reading database ... 14079 files and directories currently installed.)
publish-candidate	Publish candidate and capture registry digest	2026-09-12T04:35:18.9609683Z #7 9.061 Preparing to unpack .../00-libkmod2_31+20240202-2ubuntu7.2_amd64.deb ...
publish-candidate	Publish candidate and capture registry digest	2026-09-12T04:35:18.9610458Z #7 9.069 Unpacking libkmod2:amd64 (31+20240202-2ubuntu7.2) ...
publish-candidate	Publish candidate and capture registry digest	2026-09-12T04:35:18.9611380Z #7 9.109 Selecting previously unselected package libfuse3-3:amd64.
publish-candidate	Publish candidate and capture registry digest	2026-09-12T04:35:18.9612122Z #7 9.110 Preparing to unpack .../01-libfuse3-3_3.14.0-5build1_amd64.deb ...
publish-candidate	Publish candidate and capture registry digest	2026-09-12T04:35:18.9612769Z #7 9.111 Unpacking libfuse3-3:amd64 (3.14.0-5build1) ...
publish-candidate	Publish candidate and capture registry digest	2026-09-12T04:35:18.9613379Z #7 9.126 Selecting previously unselected package libnl-3-200:amd64.
publish-candidate	Publish candidate and capture registry digest	2026-09-12T04:35:18.9614040Z #7 9.127 Preparing to unpack .../02-libnl-3-200_3.7.0-0.3build1.1_amd64.deb ...
publish-candidate	Publish candidate and capture registry digest	2026-09-12T04:35:18.9614717Z #7 9.128 Unpacking libnl-3-200:amd64 (3.7.0-0.3build1.1) ...
publish-candidate	Publish candidate and capture registry digest	2026-09-12T04:35:18.9615615Z #7 9.141 Selecting previously unselected package libnl-route-3-200:amd64.
publish-candidate	Publish candidate and capture registry digest	2026-09-12T04:35:18.9617301Z #7 9.142 Preparing to unpack .../03-libnl-route-3-200_3.7.0-0.3build1.1_amd64.deb ...
publish-candidate	Publish candidate and capture registry digest	2026-09-12T04:35:18.9618422Z #7 9.143 Unpacking libnl-route-3-200:amd64 (3.7.0-0.3build1.1) ...
publish-candidate	Publish candidate and capture registry digest	2026-09-12T04:35:18.9618901Z #7 9.158 Selecting previously unselected package libibverbs1:amd64.
publish-candidate	Publish candidate and capture registry digest	2026-09-12T04:35:19.1026317Z #7 9.159 Preparing to unpack .../04-libibverbs1_50.0-2ubuntu0.2_amd64.deb ...
publish-candidate	Publish candidate and capture registry digest	2026-09-12T04:35:19.1027377Z #7 9.160 Unpacking libibverbs1:amd64 (50.0-2ubuntu0.2) ...
publish-candidate	Publish candidate and capture registry digest	2026-09-12T04:35:19.1028251Z #7 9.173 Selecting previously unselected package libnuma1:amd64.
publish-candidate	Publish candidate and capture registry digest	2026-09-12T04:35:19.1029000Z #7 9.174 Preparing to unpack .../05-libnuma1_2.0.18-1ubuntu0.24.04.1_amd64.deb ...
publish-candidate	Publish candidate and capture registry digest	2026-09-12T04:35:19.1029747Z #7 9.175 Unpacking libnuma1:amd64 (2.0.18-1ubuntu0.24.04.1) ...
publish-candidate	Publish candidate and capture registry digest	2026-09-12T04:35:19.1030449Z #7 9.187 Selecting previously unselected package libpng16-16t64:amd64.
publish-candidate	Publish candidate and capture registry digest	2026-09-12T04:35:19.1031179Z #7 9.188 Preparing to unpack .../06-libpng16-16t64_1.6.43-5ubuntu0.6_amd64.deb ...
publish-candidate	Publish candidate and capture registry digest	2026-09-12T04:35:19.1032021Z #7 9.189 Unpacking libpng16-16t64:amd64 (1.6.43-5ubuntu0.6) ...
publish-candidate	Publish candidate and capture registry digest	2026-09-12T04:35:19.1032635Z #7 9.203 Selecting previously unselected package libusb-1.0-0:amd64.
publish-candidate	Publish candidate and capture registry digest	2026-09-12T04:35:19.1033270Z #7 9.205 Preparing to unpack .../07-libusb-1.0-0_2%3a1.0.27-1_amd64.deb ...
publish-candidate	Publish candidate and capture registry digest	2026-09-12T04:35:19.1033936Z #7 9.206 Unpacking libusb-1.0-0:amd64 (2:1.0.27-1) ...
publish-candidate	Publish candidate and capture registry digest	2026-09-12T04:35:19.1034769Z #7 9.218 Selecting previously unselected package acl.
publish-candidate	Publish candidate and capture registry digest	2026-09-12T04:35:19.1035492Z #7 9.219 Preparing to unpack .../08-acl_2.3.2-1build1.1_amd64.deb ...
publish-candidate	Publish candidate and capture registry digest	2026-09-12T04:35:19.1036036Z #7 9.220 Unpacking acl (2.3.2-1build1.1) ...
publish-candidate	Publish candidate and capture registry digest	2026-09-12T04:35:19.1036601Z #7 9.232 Selecting previously unselected package binutils-riscv64-linux-gnu.
publish-candidate	Publish candidate and capture registry digest	2026-09-12T04:35:19.1037449Z #7 9.233 Preparing to unpack .../09-binutils-riscv64-linux-gnu_2.42-4ubuntu2.10_amd64.deb ...
publish-candidate	Publish candidate and capture registry digest	2026-09-12T04:35:19.1039264Z #7 9.234 Unpacking binutils-riscv64-linux-gnu (2.42-4ubuntu2.10) ...
publish-candidate	Publish candidate and capture registry digest	2026-09-12T04:35:19.1040131Z #7 9.300 Selecting previously unselected package binutils-riscv64-unknown-elf.
publish-candidate	Publish candidate and capture registry digest	2026-09-12T04:35:19.2942362Z #7 9.301 Preparing to unpack .../10-binutils-riscv64-unknown-elf_2.42-1ubuntu1+6_amd64.deb ...
publish-candidate	Publish candidate and capture registry digest	2026-09-12T04:35:19.2943050Z #7 9.303 Unpacking binutils-riscv64-unknown-elf (2.42-1ubuntu1+6) ...
publish-candidate	Publish candidate and capture registry digest	2026-09-12T04:35:19.2943738Z #7 9.360 Selecting previously unselected package gcc-13-riscv64-linux-gnu-base:amd64.
publish-candidate	Publish candidate and capture registry digest	2026-09-12T04:35:19.2944420Z #7 9.361 Preparing to unpack .../11-gcc-13-riscv64-linux-gnu-base_13.3.0-6ubuntu2~24.04.1cross1_amd64.deb ...
publish-candidate	Publish candidate and capture registry digest	2026-09-12T04:35:19.2945070Z #7 9.362 Unpacking gcc-13-riscv64-linux-gnu-base:amd64 (13.3.0-6ubuntu2~24.04.1cross1) ...
publish-candidate	Publish candidate and capture registry digest	2026-09-12T04:35:19.2945695Z #7 9.374 Selecting previously unselected package cpp-13-riscv64-linux-gnu.
publish-candidate	Publish candidate and capture registry digest	2026-09-12T04:35:19.2946284Z #7 9.375 Preparing to unpack .../12-cpp-13-riscv64-linux-gnu_13.3.0-6ubuntu2~24.04.1cross1_amd64.deb ...
publish-candidate	Publish candidate and capture registry digest	2026-09-12T04:35:19.2946876Z #7 9.377 Unpacking cpp-13-riscv64-linux-gnu (13.3.0-6ubuntu2~24.04.1cross1) ...
publish-candidate	Publish candidate and capture registry digest	2026-09-12T04:35:19.2947447Z #7 9.491 Selecting previously unselected package cpp-riscv64-linux-gnu.
publish-candidate	Publish candidate and capture registry digest	2026-09-12T04:35:19.3947167Z #7 9.493 Preparing to unpack .../13-cpp-riscv64-linux-gnu_4%3a13.2.0-7ubuntu1_amd64.deb ...
publish-candidate	Publish candidate and capture registry digest	2026-09-12T04:35:19.3947994Z #7 9.494 Unpacking cpp-riscv64-linux-gnu (4:13.2.0-7ubuntu1) ...
publish-candidate	Publish candidate and capture registry digest	2026-09-12T04:35:19.3948593Z #7 9.504 Selecting previously unselected package gcc-13-cross-base.
publish-candidate	Publish candidate and capture registry digest	2026-09-12T04:35:19.3949237Z #7 9.506 Preparing to unpack .../14-gcc-13-cross-base_13.3.0-6ubuntu2~24.04.1cross1_all.deb ...
publish-candidate	Publish candidate and capture registry digest	2026-09-12T04:35:19.3949808Z #7 9.507 Unpacking gcc-13-cross-base (13.3.0-6ubuntu2~24.04.1cross1) ...
publish-candidate	Publish candidate and capture registry digest	2026-09-12T04:35:19.3950370Z #7 9.518 Selecting previously unselected package gcc-14-cross-base.
publish-candidate	Publish candidate and capture registry digest	2026-09-12T04:35:19.3950894Z #7 9.519 Preparing to unpack .../15-gcc-14-cross-base_14.2.0-4ubuntu2~24.04.1cross1_all.deb ...
publish-candidate	Publish candidate and capture registry digest	2026-09-12T04:35:19.3951649Z #7 9.520 Unpacking gcc-14-cross-base (14.2.0-4ubuntu2~24.04.1cross1) ...
publish-candidate	Publish candidate and capture registry digest	2026-09-12T04:35:19.3952286Z #7 9.532 Selecting previously unselected package libc6-riscv64-cross.
publish-candidate	Publish candidate and capture registry digest	2026-09-12T04:35:19.3952813Z #7 9.533 Preparing to unpack .../16-libc6-riscv64-cross_2.39-0ubuntu8cross1_all.deb ...
publish-candidate	Publish candidate and capture registry digest	2026-09-12T04:35:19.3953725Z #7 9.534 Unpacking libc6-riscv64-cross (2.39-0ubuntu8cross1) ...
publish-candidate	Publish candidate and capture registry digest	2026-09-12T04:35:19.3954642Z #7 9.557 Selecting previously unselected package libgcc-s1-riscv64-cross.
publish-candidate	Publish candidate and capture registry digest	2026-09-12T04:35:19.3955486Z #7 9.558 Preparing to unpack .../17-libgcc-s1-riscv64-cross_14.2.0-4ubuntu2~24.04.1cross1_all.deb ...
publish-candidate	Publish candidate and capture registry digest	2026-09-12T04:35:19.3956363Z #7 9.578 Unpacking libgcc-s1-riscv64-cross (14.2.0-4ubuntu2~24.04.1cross1) ...
publish-candidate	Publish candidate and capture registry digest	2026-09-12T04:35:19.3957142Z #7 9.591 Selecting previously unselected package libgomp1-riscv64-cross.
publish-candidate	Publish candidate and capture registry digest	2026-09-12T04:35:19.3958097Z #7 9.592 Preparing to unpack .../18-libgomp1-riscv64-cross_14.2.0-4ubuntu2~24.04.1cross1_all.deb ...
publish-candidate	Publish candidate and capture registry digest	2026-09-12T04:35:19.5009800Z #7 9.593 Unpacking libgomp1-riscv64-cross (14.2.0-4ubuntu2~24.04.1cross1) ...
publish-candidate	Publish candidate and capture registry digest	2026-09-12T04:35:19.5010568Z #7 9.606 Selecting previously unselected package libitm1-riscv64-cross.
publish-candidate	Publish candidate and capture registry digest	2026-09-12T04:35:19.5011579Z #7 9.607 Preparing to unpack .../19-libitm1-riscv64-cross_14.2.0-4ubuntu2~24.04.1cross1_all.deb ...
publish-candidate	Publish candidate and capture registry digest	2026-09-12T04:35:19.5012181Z #7 9.608 Unpacking libitm1-riscv64-cross (14.2.0-4ubuntu2~24.04.1cross1) ...
publish-candidate	Publish candidate and capture registry digest	2026-09-12T04:35:19.5012760Z #7 9.620 Selecting previously unselected package libatomic1-riscv64-cross.
publish-candidate	Publish candidate and capture registry digest	2026-09-12T04:35:19.5013384Z #7 9.622 Preparing to unpack .../20-libatomic1-riscv64-cross_14.2.0-4ubuntu2~24.04.1cross1_all.deb ...
publish-candidate	Publish candidate and capture registry digest	2026-09-12T04:35:19.5014342Z #7 9.623 Unpacking libatomic1-riscv64-cross (14.2.0-4ubuntu2~24.04.1cross1) ...
publish-candidate	Publish candidate and capture registry digest	2026-09-12T04:35:19.5014868Z #7 9.634 Selecting previously unselected package libasan8-riscv64-cross.
publish-candidate	Publish candidate and capture registry digest	2026-09-12T04:35:19.5015425Z #7 9.635 Preparing to unpack .../21-libasan8-riscv64-cross_14.2.0-4ubuntu2~24.04.1cross1_all.deb ...
publish-candidate	Publish candidate and capture registry digest	2026-09-12T04:35:19.5016005Z #7 9.636 Unpacking libasan8-riscv64-cross (14.2.0-4ubuntu2~24.04.1cross1) ...
publish-candidate	Publish candidate and capture registry digest	2026-09-12T04:35:19.5016511Z #7 9.656 Selecting previously unselected package libstdc++6-riscv64-cross.
publish-candidate	Publish candidate and capture registry digest	2026-09-12T04:35:19.5017226Z #7 9.658 Preparing to unpack .../22-libstdc++6-riscv64-cross_14.2.0-4ubuntu2~24.04.1cross1_all.deb ...
publish-candidate	Publish candidate and capture registry digest	2026-09-12T04:35:19.5018271Z #7 9.659 Unpacking libstdc++6-riscv64-cross (14.2.0-4ubuntu2~24.04.1cross1) ...
publish-candidate	Publish candidate and capture registry digest	2026-09-12T04:35:19.5019004Z #7 9.682 Selecting previously unselected package libubsan1-riscv64-cross.
publish-candidate	Publish candidate and capture registry digest	2026-09-12T04:35:19.5020132Z #7 9.683 Preparing to unpack .../23-libubsan1-riscv64-cross_14.2.0-4ubuntu2~24.04.1cross1_all.deb ...
publish-candidate	Publish candidate and capture registry digest	2026-09-12T04:35:19.5020848Z #7 9.684 Unpacking libubsan1-riscv64-cross (14.2.0-4ubuntu2~24.04.1cross1) ...
publish-candidate	Publish candidate and capture registry digest	2026-09-12T04:35:19.5021567Z #7 9.698 Selecting previously unselected package libgcc-13-dev-riscv64-cross.
publish-candidate	Publish candidate and capture registry digest	2026-09-12T04:35:19.7200651Z #7 9.699 Preparing to unpack .../24-libgcc-13-dev-riscv64-cross_13.3.0-6ubuntu2~24.04.1cross1_all.deb ...
publish-candidate	Publish candidate and capture registry digest	2026-09-12T04:35:19.7202372Z #7 9.701 Unpacking libgcc-13-dev-riscv64-cross (13.3.0-6ubuntu2~24.04.1cross1) ...
publish-candidate	Publish candidate and capture registry digest	2026-09-12T04:35:19.7203248Z #7 9.763 Selecting previously unselected package gcc-13-riscv64-linux-gnu.
publish-candidate	Publish candidate and capture registry digest	2026-09-12T04:35:19.7204314Z #7 9.765 Preparing to unpack .../25-gcc-13-riscv64-linux-gnu_13.3.0-6ubuntu2~24.04.1cross1_amd64.deb ...
publish-candidate	Publish candidate and capture registry digest	2026-09-12T04:35:19.7205128Z #7 9.767 Unpacking gcc-13-riscv64-linux-gnu (13.3.0-6ubuntu2~24.04.1cross1) ...
publish-candidate	Publish candidate and capture registry digest	2026-09-12T04:35:19.7883446Z #7 9.986 Selecting previously unselected package gcc-riscv64-linux-gnu.
publish-candidate	Publish candidate and capture registry digest	2026-09-12T04:35:19.9563107Z #7 9.987 Preparing to unpack .../26-gcc-riscv64-linux-gnu_4%3a13.2.0-7ubuntu1_amd64.deb ...
publish-candidate	Publish candidate and capture registry digest	2026-09-12T04:35:19.9564418Z #7 9.988 Unpacking gcc-riscv64-linux-gnu (4:13.2.0-7ubuntu1) ...
publish-candidate	Publish candidate and capture registry digest	2026-09-12T04:35:19.9565319Z #7 10.00 Selecting previously unselected package gcc-riscv64-unknown-elf.
publish-candidate	Publish candidate and capture registry digest	2026-09-12T04:35:19.9566323Z #7 10.00 Preparing to unpack .../27-gcc-riscv64-unknown-elf_13.2.0-11ubuntu1+12_amd64.deb ...
publish-candidate	Publish candidate and capture registry digest	2026-09-12T04:35:19.9567353Z #7 10.00 Unpacking gcc-riscv64-unknown-elf (13.2.0-11ubuntu1+12) ...
publish-candidate	Publish candidate and capture registry digest	2026-09-12T04:35:20.5868996Z #7 10.78 Selecting previously unselected package libaio1t64:amd64.
publish-candidate	Publish candidate and capture registry digest	2026-09-12T04:35:20.7026231Z #7 10.79 Preparing to unpack .../28-libaio1t64_0.3.113-6build1.1_amd64.deb ...
publish-candidate	Publish candidate and capture registry digest	2026-09-12T04:35:20.7027178Z #7 10.79 Unpacking libaio1t64:amd64 (0.3.113-6build1.1) ...
publish-candidate	Publish candidate and capture registry digest	2026-09-12T04:35:20.7027795Z #7 10.80 Selecting previously unselected package libasound2-data.
publish-candidate	Publish candidate and capture registry digest	2026-09-12T04:35:20.7028465Z #7 10.80 Preparing to unpack .../29-libasound2-data_1.2.11-1ubuntu0.3_all.deb ...
publish-candidate	Publish candidate and capture registry digest	2026-09-12T04:35:20.7029193Z #7 10.80 Unpacking libasound2-data (1.2.11-1ubuntu0.3) ...
publish-candidate	Publish candidate and capture registry digest	2026-09-12T04:35:20.7029862Z #7 10.82 Selecting previously unselected package libasound2t64:amd64.
publish-candidate	Publish candidate and capture registry digest	2026-09-12T04:35:20.7030623Z #7 10.82 Preparing to unpack .../30-libasound2t64_1.2.11-1ubuntu0.3_amd64.deb ...
publish-candidate	Publish candidate and capture registry digest	2026-09-12T04:35:20.7031774Z #7 10.82 Unpacking libasound2t64:amd64 (1.2.11-1ubuntu0.3) ...
publish-candidate	Publish candidate and capture registry digest	2026-09-12T04:35:20.7032386Z #7 10.84 Selecting previously unselected package libbrlapi0.8:amd64.
publish-candidate	Publish candidate and capture registry digest	2026-09-12T04:35:20.7033069Z #7 10.84 Preparing to unpack .../31-libbrlapi0.8_6.6-4ubuntu5_amd64.deb ...
publish-candidate	Publish candidate and capture registry digest	2026-09-12T04:35:20.7033694Z #7 10.84 Unpacking libbrlapi0.8:amd64 (6.6-4ubuntu5) ...
publish-candidate	Publish candidate and capture registry digest	2026-09-12T04:35:20.7034261Z #7 10.85 Selecting previously unselected package libnspr4:amd64.
publish-candidate	Publish candidate and capture registry digest	2026-09-12T04:35:20.7034884Z #7 10.85 Preparing to unpack .../32-libnspr4_2%3a4.35-1.1build1_amd64.deb ...
publish-candidate	Publish candidate and capture registry digest	2026-09-12T04:35:20.7035496Z #7 10.86 Unpacking libnspr4:amd64 (2:4.35-1.1build1) ...
publish-candidate	Publish candidate and capture registry digest	2026-09-12T04:35:20.7036101Z #7 10.87 Selecting previously unselected package libnss3:amd64.
publish-candidate	Publish candidate and capture registry digest	2026-09-12T04:35:20.7037076Z #7 10.87 Preparing to unpack .../33-libnss3_2%3a3.98-1ubuntu0.2_amd64.deb ...
publish-candidate	Publish candidate and capture registry digest	2026-09-12T04:35:20.7038108Z #7 10.87 Unpacking libnss3:amd64 (2:3.98-1ubuntu0.2) ...
publish-candidate	Publish candidate and capture registry digest	2026-09-12T04:35:20.7038896Z #7 10.90 Selecting previously unselected package libpcsclite1:amd64.
publish-candidate	Publish candidate and capture registry digest	2026-09-12T04:35:20.8335678Z #7 10.90 Preparing to unpack .../34-libpcsclite1_2.0.3-1build1_amd64.deb ...
publish-candidate	Publish candidate and capture registry digest	2026-09-12T04:35:20.8336409Z #7 10.90 Unpacking libpcsclite1:amd64 (2.0.3-1build1) ...
publish-candidate	Publish candidate and capture registry digest	2026-09-12T04:35:20.8336929Z #7 10.91 Selecting previously unselected package libcacard0:amd64.
publish-candidate	Publish candidate and capture registry digest	2026-09-12T04:35:20.8337431Z #7 10.92 Preparing to unpack .../35-libcacard0_1%3a2.8.0-3build4_amd64.deb ...
publish-candidate	Publish candidate and capture registry digest	2026-09-12T04:35:20.8337926Z #7 10.92 Unpacking libcacard0:amd64 (1:2.8.0-3build4) ...
publish-candidate	Publish candidate and capture registry digest	2026-09-12T04:35:20.8338360Z #7 10.93 Selecting previously unselected package libdaxctl1:amd64.
publish-candidate	Publish candidate and capture registry digest	2026-09-12T04:35:20.8338875Z #7 10.93 Preparing to unpack .../36-libdaxctl1_77-2ubuntu2_amd64.deb ...
publish-candidate	Publish candidate and capture registry digest	2026-09-12T04:35:20.8339326Z #7 10.93 Unpacking libdaxctl1:amd64 (77-2ubuntu2) ...
publish-candidate	Publish candidate and capture registry digest	2026-09-12T04:35:20.8339815Z #7 10.94 Selecting previously unselected package libjpeg-turbo8:amd64.
publish-candidate	Publish candidate and capture registry digest	2026-09-12T04:35:20.8340403Z #7 10.95 Preparing to unpack .../37-libjpeg-turbo8_2.1.5-2ubuntu2_amd64.deb ...
publish-candidate	Publish candidate and capture registry digest	2026-09-12T04:35:20.8340867Z #7 10.95 Unpacking libjpeg-turbo8:amd64 (2.1.5-2ubuntu2) ...
publish-candidate	Publish candidate and capture registry digest	2026-09-12T04:35:20.8341686Z #7 10.96 Selecting previously unselected package libjpeg8:amd64.
publish-candidate	Publish candidate and capture registry digest	2026-09-12T04:35:20.8342174Z #7 10.96 Preparing to unpack .../38-libjpeg8_8c-2ubuntu11_amd64.deb ...
publish-candidate	Publish candidate and capture registry digest	2026-09-12T04:35:20.8342627Z #7 10.96 Unpacking libjpeg8:amd64 (8c-2ubuntu11) ...
publish-candidate	Publish candidate and capture registry digest	2026-09-12T04:35:20.8343090Z #7 10.97 Selecting previously unselected package libndctl6:amd64.
publish-candidate	Publish candidate and capture registry digest	2026-09-12T04:35:20.8343561Z #7 10.98 Preparing to unpack .../39-libndctl6_77-2ubuntu2_amd64.deb ...
publish-candidate	Publish candidate and capture registry digest	2026-09-12T04:35:20.8344283Z #7 10.98 Unpacking libndctl6:amd64 (77-2ubuntu2) ...
publish-candidate	Publish candidate and capture registry digest	2026-09-12T04:35:20.8344915Z #7 10.99 Selecting previously unselected package libpixman-1-0:amd64.
publish-candidate	Publish candidate and capture registry digest	2026-09-12T04:35:20.8346013Z #7 10.99 Preparing to unpack .../40-libpixman-1-0_0.42.2-1build1_amd64.deb ...
publish-candidate	Publish candidate and capture registry digest	2026-09-12T04:35:20.8346801Z #7 10.99 Unpacking libpixman-1-0:amd64 (0.42.2-1build1) ...
publish-candidate	Publish candidate and capture registry digest	2026-09-12T04:35:20.8347606Z #7 11.03 Selecting previously unselected package libpmem1:amd64.
publish-candidate	Publish candidate and capture registry digest	2026-09-12T04:35:20.9442999Z #7 11.03 Preparing to unpack .../41-libpmem1_1.13.1-1.1ubuntu2_amd64.deb ...
publish-candidate	Publish candidate and capture registry digest	2026-09-12T04:35:20.9443807Z #7 11.03 Unpacking libpmem1:amd64 (1.13.1-1.1ubuntu2) ...
publish-candidate	Publish candidate and capture registry digest	2026-09-12T04:35:20.9444355Z #7 11.05 Selecting previously unselected package librdmacm1t64:amd64.
publish-candidate	Publish candidate and capture registry digest	2026-09-12T04:35:20.9444939Z #7 11.05 Preparing to unpack .../42-librdmacm1t64_50.0-2ubuntu0.2_amd64.deb ...
publish-candidate	Publish candidate and capture registry digest	2026-09-12T04:35:20.9445556Z #7 11.05 Unpacking librdmacm1t64:amd64 (50.0-2ubuntu0.2) ...
publish-candidate	Publish candidate and capture registry digest	2026-09-12T04:35:20.9446061Z #7 11.06 Selecting previously unselected package libslirp0:amd64.
publish-candidate	Publish candidate and capture registry digest	2026-09-12T04:35:20.9446640Z #7 11.06 Preparing to unpack .../43-libslirp0_4.7.0-1ubuntu3.1_amd64.deb ...
publish-candidate	Publish candidate and capture registry digest	2026-09-12T04:35:20.9447123Z #7 11.07 Unpacking libslirp0:amd64 (4.7.0-1ubuntu3.1) ...
publish-candidate	Publish candidate and capture registry digest	2026-09-12T04:35:20.9447616Z #7 11.08 Selecting previously unselected package liburing2:amd64.
publish-candidate	Publish candidate and capture registry digest	2026-09-12T04:35:20.9448187Z #7 11.08 Preparing to unpack .../44-liburing2_2.5-1build1_amd64.deb ...
publish-candidate	Publish candidate and capture registry digest	2026-09-12T04:35:20.9448650Z #7 11.08 Unpacking liburing2:amd64 (2.5-1build1) ...
publish-candidate	Publish candidate and capture registry digest	2026-09-12T04:35:20.9449195Z #7 11.09 Selecting previously unselected package libusbredirparser1t64:amd64.
publish-candidate	Publish candidate and capture registry digest	2026-09-12T04:35:20.9449782Z #7 11.09 Preparing to unpack .../45-libusbredirparser1t64_0.13.0-2.1build1_amd64.deb ...
publish-candidate	Publish candidate and capture registry digest	2026-09-12T04:35:20.9450509Z #7 11.09 Unpacking libusbredirparser1t64:amd64 (0.13.0-2.1build1) ...
publish-candidate	Publish candidate and capture registry digest	2026-09-12T04:35:20.9451591Z #7 11.11 Selecting previously unselected package qemu-system-common.
publish-candidate	Publish candidate and capture registry digest	2026-09-12T04:35:20.9452548Z #7 11.11 Preparing to unpack .../46-qemu-system-common_1%3a8.2.2+ds-0ubuntu1.18_amd64.deb ...
publish-candidate	Publish candidate and capture registry digest	2026-09-12T04:35:20.9453596Z #7 11.11 Unpacking qemu-system-common (1:8.2.2+ds-0ubuntu1.18) ...
publish-candidate	Publish candidate and capture registry digest	2026-09-12T04:35:20.9454149Z #7 11.14 Selecting previously unselected package qemu-system-data.
publish-candidate	Publish candidate and capture registry digest	2026-09-12T04:35:21.1626546Z #7 11.14 Preparing to unpack .../47-qemu-system-data_1%3a8.2.2+ds-0ubuntu1.18_all.deb ...
publish-candidate	Publish candidate and capture registry digest	2026-09-12T04:35:21.1627995Z #7 11.14 Unpacking qemu-system-data (1:8.2.2+ds-0ubuntu1.18) ...
publish-candidate	Publish candidate and capture registry digest	2026-09-12T04:35:21.1628848Z #7 11.19 Selecting previously unselected package libfdt1:amd64.
publish-candidate	Publish candidate and capture registry digest	2026-09-12T04:35:21.1629674Z #7 11.19 Preparing to unpack .../48-libfdt1_1.7.0-2build1_amd64.deb ...
publish-candidate	Publish candidate and capture registry digest	2026-09-12T04:35:21.1630541Z #7 11.19 Unpacking libfdt1:amd64 (1.7.0-2build1) ...
publish-candidate	Publish candidate and capture registry digest	2026-09-12T04:35:21.1631537Z #7 11.20 Selecting previously unselected package qemu-system-misc.
publish-candidate	Publish candidate and capture registry digest	2026-09-12T04:35:21.1632502Z #7 11.20 Preparing to unpack .../49-qemu-system-misc_1%3a8.2.2+ds-0ubuntu1.18_amd64.deb ...
publish-candidate	Publish candidate and capture registry digest	2026-09-12T04:35:21.1633261Z #7 11.21 Unpacking qemu-system-misc (1:8.2.2+ds-0ubuntu1.18) ...
publish-candidate	Publish candidate and capture registry digest	2026-09-12T04:35:21.7072889Z #7 11.90 Setting up libpixman-1-0:amd64 (0.42.2-1build1) ...
publish-candidate	Publish candidate and capture registry digest	2026-09-12T04:35:21.8079202Z #7 11.91 Setting up binutils-riscv64-unknown-elf (2.42-1ubuntu1+6) ...
publish-candidate	Publish candidate and capture registry digest	2026-09-12T04:35:21.8080456Z #7 11.91 Setting up gcc-13-riscv64-linux-gnu-base:amd64 (13.3.0-6ubuntu2~24.04.1cross1) ...
publish-candidate	Publish candidate and capture registry digest	2026-09-12T04:35:21.8081808Z #7 11.91 Setting up cpp-13-riscv64-linux-gnu (13.3.0-6ubuntu2~24.04.1cross1) ...
publish-candidate	Publish candidate and capture registry digest	2026-09-12T04:35:21.8082542Z #7 11.92 Setting up binutils-riscv64-linux-gnu (2.42-4ubuntu2.10) ...
publish-candidate	Publish candidate and capture registry digest	2026-09-12T04:35:21.8083067Z #7 11.92 Setting up gcc-14-cross-base (14.2.0-4ubuntu2~24.04.1cross1) ...
publish-candidate	Publish candidate and capture registry digest	2026-09-12T04:35:21.8083782Z #7 11.92 Setting up libfdt1:amd64 (1.7.0-2build1) ...
publish-candidate	Publish candidate and capture registry digest	2026-09-12T04:35:21.8084213Z #7 11.92 Setting up acl (2.3.2-1build1.1) ...
publish-candidate	Publish candidate and capture registry digest	2026-09-12T04:35:21.8084850Z #7 11.93 Setting up libasound2-data (1.2.11-1ubuntu0.3) ...
publish-candidate	Publish candidate and capture registry digest	2026-09-12T04:35:21.8085362Z #7 11.93 Setting up libasound2t64:amd64 (1.2.11-1ubuntu0.3) ...
publish-candidate	Publish candidate and capture registry digest	2026-09-12T04:35:21.8085820Z #7 11.93 Setting up libnspr4:amd64 (2:4.35-1.1build1) ...
publish-candidate	Publish candidate and capture registry digest	2026-09-12T04:35:21.8086611Z #7 11.93 Setting up gcc-13-cross-base (13.3.0-6ubuntu2~24.04.1cross1) ...
publish-candidate	Publish candidate and capture registry digest	2026-09-12T04:35:21.8087102Z #7 11.94 Setting up libpng16-16t64:amd64 (1.6.43-5ubuntu0.6) ...
publish-candidate	Publish candidate and capture registry digest	2026-09-12T04:35:21.8087579Z #7 11.94 Setting up libpcsclite1:amd64 (2.0.3-1build1) ...
publish-candidate	Publish candidate and capture registry digest	2026-09-12T04:35:21.8088031Z #7 11.94 Setting up libjpeg-turbo8:amd64 (2.1.5-2ubuntu2) ...
publish-candidate	Publish candidate and capture registry digest	2026-09-12T04:35:21.8088450Z #7 11.94 Setting up libfuse3-3:amd64 (3.14.0-5build1) ...
publish-candidate	Publish candidate and capture registry digest	2026-09-12T04:35:21.8089034Z #7 11.95 Setting up qemu-system-data (1:8.2.2+ds-0ubuntu1.18) ...
publish-candidate	Publish candidate and capture registry digest	2026-09-12T04:35:21.8089489Z #7 11.95 Setting up libnuma1:amd64 (2.0.18-1ubuntu0.24.04.1) ...
publish-candidate	Publish candidate and capture registry digest	2026-09-12T04:35:21.8089913Z #7 11.95 Setting up libslirp0:amd64 (4.7.0-1ubuntu3.1) ...
publish-candidate	Publish candidate and capture registry digest	2026-09-12T04:35:21.8090344Z #7 11.95 Setting up libaio1t64:amd64 (0.3.113-6build1.1) ...
publish-candidate	Publish candidate and capture registry digest	2026-09-12T04:35:21.8090796Z #7 11.96 Setting up libusbredirparser1t64:amd64 (0.13.0-2.1build1) ...
publish-candidate	Publish candidate and capture registry digest	2026-09-12T04:35:21.8091517Z #7 11.96 Setting up gcc-riscv64-unknown-elf (13.2.0-11ubuntu1+12) ...
publish-candidate	Publish candidate and capture registry digest	2026-09-12T04:35:21.8092005Z #7 11.96 Setting up libnl-3-200:amd64 (3.7.0-0.3build1.1) ...
publish-candidate	Publish candidate and capture registry digest	2026-09-12T04:35:21.8092540Z #7 11.97 Setting up libc6-riscv64-cross (2.39-0ubuntu8cross1) ...
publish-candidate	Publish candidate and capture registry digest	2026-09-12T04:35:21.8093167Z #7 11.97 Setting up libgomp1-riscv64-cross (14.2.0-4ubuntu2~24.04.1cross1) ...
publish-candidate	Publish candidate and capture registry digest	2026-09-12T04:35:21.8093676Z #7 11.97 Setting up libbrlapi0.8:amd64 (6.6-4ubuntu5) ...
publish-candidate	Publish candidate and capture registry digest	2026-09-12T04:35:21.8094151Z #7 11.97 Setting up libusb-1.0-0:amd64 (2:1.0.27-1) ...
publish-candidate	Publish candidate and capture registry digest	2026-09-12T04:35:21.8094611Z #7 12.00 Setting up liburing2:amd64 (2.5-1build1) ...
publish-candidate	Publish candidate and capture registry digest	2026-09-12T04:35:21.8095053Z #7 12.00 Setting up libatomic1-riscv64-cross (14.2.0-4ubuntu2~24.04.1cross1) ...
publish-candidate	Publish candidate and capture registry digest	2026-09-12T04:35:21.8095572Z #7 12.01 Setting up cpp-riscv64-linux-gnu (4:13.2.0-7ubuntu1) ...
publish-candidate	Publish candidate and capture registry digest	2026-09-12T04:35:21.9821158Z #7 12.01 Setting up libkmod2:amd64 (31+20240202-2ubuntu7.2) ...
publish-candidate	Publish candidate and capture registry digest	2026-09-12T04:35:21.9822018Z #7 12.01 Setting up libjpeg8:amd64 (8c-2ubuntu11) ...
publish-candidate	Publish candidate and capture registry digest	2026-09-12T04:35:21.9822700Z #7 12.01 Setting up libitm1-riscv64-cross (14.2.0-4ubuntu2~24.04.1cross1) ...
publish-candidate	Publish candidate and capture registry digest	2026-09-12T04:35:21.9823332Z #7 12.02 Setting up libnss3:amd64 (2:3.98-1ubuntu0.2) ...
publish-candidate	Publish candidate and capture registry digest	2026-09-12T04:35:21.9824021Z #7 12.02 Setting up libcacard0:amd64 (1:2.8.0-3build4) ...
publish-candidate	Publish candidate and capture registry digest	2026-09-12T04:35:21.9825031Z #7 12.02 Setting up libnl-route-3-200:amd64 (3.7.0-0.3build1.1) ...
publish-candidate	Publish candidate and capture registry digest	2026-09-12T04:35:21.9825841Z #7 12.02 Setting up libgcc-s1-riscv64-cross (14.2.0-4ubuntu2~24.04.1cross1) ...
publish-candidate	Publish candidate and capture registry digest	2026-09-12T04:35:21.9826434Z #7 12.03 Setting up libdaxctl1:amd64 (77-2ubuntu2) ...
publish-candidate	Publish candidate and capture registry digest	2026-09-12T04:35:21.9827510Z #7 12.03 Setting up libasan8-riscv64-cross (14.2.0-4ubuntu2~24.04.1cross1) ...
publish-candidate	Publish candidate and capture registry digest	2026-09-12T04:35:21.9828036Z #7 12.03 Setting up libndctl6:amd64 (77-2ubuntu2) ...
publish-candidate	Publish candidate and capture registry digest	2026-09-12T04:35:21.9828482Z #7 12.03 Setting up libpmem1:amd64 (1.13.1-1.1ubuntu2) ...
publish-candidate	Publish candidate and capture registry digest	2026-09-12T04:35:21.9829126Z #7 12.04 Setting up libstdc++6-riscv64-cross (14.2.0-4ubuntu2~24.04.1cross1) ...
publish-candidate	Publish candidate and capture registry digest	2026-09-12T04:35:21.9829684Z #7 12.04 Setting up libibverbs1:amd64 (50.0-2ubuntu0.2) ...
publish-candidate	Publish candidate and capture registry digest	2026-09-12T04:35:21.9830257Z #7 12.08 Setting up qemu-system-common (1:8.2.2+ds-0ubuntu1.18) ...
publish-candidate	Publish candidate and capture registry digest	2026-09-12T04:35:21.9830754Z #7 12.18 Setting up libubsan1-riscv64-cross (14.2.0-4ubuntu2~24.04.1cross1) ...
publish-candidate	Publish candidate and capture registry digest	2026-09-12T04:35:22.1514852Z #7 12.18 Setting up librdmacm1t64:amd64 (50.0-2ubuntu0.2) ...
publish-candidate	Publish candidate and capture registry digest	2026-09-12T04:35:22.1515724Z #7 12.18 Setting up libgcc-13-dev-riscv64-cross (13.3.0-6ubuntu2~24.04.1cross1) ...
publish-candidate	Publish candidate and capture registry digest	2026-09-12T04:35:22.1516531Z #7 12.19 Setting up gcc-13-riscv64-linux-gnu (13.3.0-6ubuntu2~24.04.1cross1) ...
publish-candidate	Publish candidate and capture registry digest	2026-09-12T04:35:22.1517071Z #7 12.19 Setting up qemu-system-misc (1:8.2.2+ds-0ubuntu1.18) ...
publish-candidate	Publish candidate and capture registry digest	2026-09-12T04:35:22.1517585Z #7 12.20 Setting up gcc-riscv64-linux-gnu (4:13.2.0-7ubuntu1) ...
publish-candidate	Publish candidate and capture registry digest	2026-09-12T04:35:22.1518088Z #7 12.20 Processing triggers for libc-bin (2.39-0ubuntu8.9) ...
publish-candidate	Publish candidate and capture registry digest	2026-09-12T04:35:25.6700944Z #7 DONE 15.9s
publish-candidate	Publish candidate and capture registry digest	2026-09-12T04:35:25.8432311Z 
publish-candidate	Publish candidate and capture registry digest	2026-09-12T04:35:25.8433443Z #8 [4/4] WORKDIR /work
publish-candidate	Publish candidate and capture registry digest	2026-09-12T04:35:25.8434437Z #8 DONE 0.0s
publish-candidate	Publish candidate and capture registry digest	2026-09-12T04:35:25.8434887Z 
publish-candidate	Publish candidate and capture registry digest	2026-09-12T04:35:25.8435336Z #9 exporting to image
publish-candidate	Publish candidate and capture registry digest	2026-09-12T04:35:25.8435992Z #9 exporting layers
publish-candidate	Publish candidate and capture registry digest	2026-09-12T04:35:27.2076879Z #9 exporting layers 1.5s done
publish-candidate	Publish candidate and capture registry digest	2026-09-12T04:35:27.4108872Z #9 writing image sha256:24a926a0dcc9b98b7298b8728d68417233f15f32a23350bf1273bb26089d7805 done
publish-candidate	Publish candidate and capture registry digest	2026-09-12T04:35:27.4109668Z #9 naming to ghcr.io/cn-jjb/essential-cs/canonical:candidate 0.0s done
publish-candidate	Publish candidate and capture registry digest	2026-09-12T04:35:27.4110513Z #9 naming to ghcr.io/cn-jjb/essential-cs/canonical:sha-25804b02cdd89bc3e2ff386aaf60f7c0b41b9032 done
publish-candidate	Publish candidate and capture registry digest	2026-09-12T04:35:27.4111057Z #9 DONE 1.5s
publish-candidate	Publish candidate and capture registry digest	2026-09-12T04:35:27.4111509Z 
publish-candidate	Publish candidate and capture registry digest	2026-09-12T04:35:27.4111646Z #10 resolving provenance for metadata file
publish-candidate	Publish candidate and capture registry digest	2026-09-12T04:35:27.4112042Z #10 DONE 0.0s
publish-candidate	Publish candidate and capture registry digest	2026-09-12T04:35:27.4112248Z 
publish-candidate	Publish candidate and capture registry digest	2026-09-12T04:35:27.4112456Z #11 pushing ghcr.io/cn-jjb/essential-cs/canonical:candidate with docker
publish-candidate	Publish candidate and capture registry digest	2026-09-12T04:35:27.4436017Z #11 pushing layer 0a4b0dd77572
publish-candidate	Publish candidate and capture registry digest	2026-09-12T04:35:27.5940083Z #11 pushing layer f0b414e1ac09
publish-candidate	Publish candidate and capture registry digest	2026-09-12T04:35:27.5940756Z #11 pushing layer 427216bf2621
publish-candidate	Publish candidate and capture registry digest	2026-09-12T04:35:27.5941746Z #11 pushing layer 6078cde548a5
publish-candidate	Publish candidate and capture registry digest	2026-09-12T04:35:28.6824089Z #11 pushing layer 6078cde548a5 4.33MB / 78.17MB 1.2s
publish-candidate	Publish candidate and capture registry digest	2026-09-12T04:35:28.8841061Z #11 pushing layer 6078cde548a5 8.64MB / 78.17MB 1.4s
publish-candidate	Publish candidate and capture registry digest	2026-09-12T04:35:29.1129026Z #11 pushing layer 6078cde548a5 13.56MB / 78.17MB 1.7s
publish-candidate	Publish candidate and capture registry digest	2026-09-12T04:35:29.3382549Z #11 pushing layer 427216bf2621 22.06MB / 412.70MB 1.9s
publish-candidate	Publish candidate and capture registry digest	2026-09-12T04:35:29.4529101Z #11 pushing layer 6078cde548a5 18.97MB / 78.17MB 1.9s
publish-candidate	Publish candidate and capture registry digest	2026-09-12T04:35:29.5577172Z #11 pushing layer 6078cde548a5 25.93MB / 78.17MB 2.1s
publish-candidate	Publish candidate and capture registry digest	2026-09-12T04:35:29.7905114Z #11 pushing layer 0a4b0dd77572 2.3s done
publish-candidate	Publish candidate and capture registry digest	2026-09-12T04:35:29.7905931Z #11 pushing layer f0b414e1ac09 32.78MB / 638.92MB 2.3s
publish-candidate	Publish candidate and capture registry digest	2026-09-12T04:35:30.0100893Z #11 pushing layer 6078cde548a5 31.34MB / 78.17MB 2.3s
publish-candidate	Publish candidate and capture registry digest	2026-09-12T04:35:30.0101900Z #11 pushing layer 6078cde548a5 35.71MB / 78.17MB 2.6s
publish-candidate	Publish candidate and capture registry digest	2026-09-12T04:35:30.2328822Z #11 pushing layer 6078cde548a5 40.69MB / 78.17MB 2.8s
publish-candidate	Publish candidate and capture registry digest	2026-09-12T04:35:30.3550037Z #11 pushing layer 427216bf2621 42.96MB / 412.70MB 2.8s
publish-candidate	Publish candidate and capture registry digest	2026-09-12T04:35:30.6035141Z #11 pushing layer 6078cde548a5 45.64MB / 78.17MB 3.0s
publish-candidate	Publish candidate and capture registry digest	2026-09-12T04:35:30.8245884Z #11 pushing layer 6078cde548a5 50.59MB / 78.17MB 3.3s
publish-candidate	Publish candidate and capture registry digest	2026-09-12T04:35:31.0418914Z #11 pushing layer 6078cde548a5 55.47MB / 78.17MB 3.5s
publish-candidate	Publish candidate and capture registry digest	2026-09-12T04:35:31.1582875Z #11 pushing layer f0b414e1ac09 66.16MB / 638.92MB 3.7s
publish-candidate	Publish candidate and capture registry digest	2026-09-12T04:35:31.2705721Z #11 pushing layer 6078cde548a5 59.87MB / 78.17MB 3.7s
publish-candidate	Publish candidate and capture registry digest	2026-09-12T04:35:31.4996872Z #11 pushing layer 427216bf2621 65.77MB / 412.70MB 4.0s
publish-candidate	Publish candidate and capture registry digest	2026-09-12T04:35:31.4997800Z #11 pushing layer 6078cde548a5 64.79MB / 78.17MB 4.0s
publish-candidate	Publish candidate and capture registry digest	2026-09-12T04:35:31.7225476Z #11 pushing layer 6078cde548a5 70.65MB / 78.17MB 4.2s
publish-candidate	Publish candidate and capture registry digest	2026-09-12T04:35:31.9435228Z #11 pushing layer 6078cde548a5 76.51MB / 78.17MB 4.4s
publish-candidate	Publish candidate and capture registry digest	2026-09-12T04:35:32.0632633Z #11 pushing layer 6078cde548a5 80.69MB / 78.17MB 4.5s
publish-candidate	Publish candidate and capture registry digest	2026-09-12T04:35:32.2815579Z #11 pushing layer 427216bf2621 87.47MB / 412.70MB 4.8s
publish-candidate	Publish candidate and capture registry digest	2026-09-12T04:35:32.7059474Z #11 pushing layer f0b414e1ac09 100.08MB / 638.92MB 5.3s
publish-candidate	Publish candidate and capture registry digest	2026-09-12T04:35:32.9452704Z #11 pushing layer 427216bf2621 109.22MB / 412.70MB 5.4s
publish-candidate	Publish candidate and capture registry digest	2026-09-12T04:35:33.2779566Z #11 pushing layer 6078cde548a5 5.8s done
publish-candidate	Publish candidate and capture registry digest	2026-09-12T04:35:33.6018568Z #11 pushing layer 427216bf2621 130.20MB / 412.70MB 6.2s
publish-candidate	Publish candidate and capture registry digest	2026-09-12T04:35:34.0512734Z #11 pushing layer f0b414e1ac09 133.49MB / 638.92MB 6.5s
publish-candidate	Publish candidate and capture registry digest	2026-09-12T04:35:34.6067445Z #11 pushing layer 427216bf2621 151.31MB / 412.70MB 7.2s
publish-candidate	Publish candidate and capture registry digest	2026-09-12T04:35:35.3600400Z #11 pushing layer f0b414e1ac09 167.96MB / 638.92MB 7.9s
publish-candidate	Publish candidate and capture registry digest	2026-09-12T04:35:35.5951936Z #11 pushing layer 427216bf2621 178.16MB / 412.70MB 8.2s
publish-candidate	Publish candidate and capture registry digest	2026-09-12T04:35:36.5102608Z #11 pushing layer 427216bf2621 201.30MB / 412.70MB 9.1s
publish-candidate	Publish candidate and capture registry digest	2026-09-12T04:35:36.7298311Z #11 pushing layer f0b414e1ac09 200.24MB / 638.92MB 9.3s
publish-candidate	Publish candidate and capture registry digest	2026-09-12T04:35:37.6026662Z #11 pushing layer 427216bf2621 222.76MB / 412.70MB 10.1s
publish-candidate	Publish candidate and capture registry digest	2026-09-12T04:35:37.9508600Z #11 pushing layer f0b414e1ac09 233.51MB / 638.92MB 10.5s
publish-candidate	Publish candidate and capture registry digest	2026-09-12T04:35:38.5298630Z #11 pushing layer 427216bf2621 245.48MB / 412.70MB 11.0s
publish-candidate	Publish candidate and capture registry digest	2026-09-12T04:35:39.3918610Z #11 pushing layer f0b414e1ac09 266.74MB / 638.92MB 11.9s
publish-candidate	Publish candidate and capture registry digest	2026-09-12T04:35:39.4965819Z #11 pushing layer 427216bf2621 268.78MB / 412.70MB 12.0s
publish-candidate	Publish candidate and capture registry digest	2026-09-12T04:35:40.2022241Z #11 pushing layer 427216bf2621 290.14MB / 412.70MB 12.8s
publish-candidate	Publish candidate and capture registry digest	2026-09-12T04:35:40.9621929Z #11 pushing layer f0b414e1ac09 299.43MB / 638.92MB 13.4s
publish-candidate	Publish candidate and capture registry digest	2026-09-12T04:35:41.2898308Z #11 pushing layer 427216bf2621 313.53MB / 412.70MB 13.8s
publish-candidate	Publish candidate and capture registry digest	2026-09-12T04:35:42.3046607Z #11 pushing layer f0b414e1ac09 334.70MB / 638.92MB 14.9s
publish-candidate	Publish candidate and capture registry digest	2026-09-12T04:35:42.4204807Z #11 pushing layer 427216bf2621 336.35MB / 412.70MB 14.9s
publish-candidate	Publish candidate and capture registry digest	2026-09-12T04:35:43.2979529Z #11 pushing layer 427216bf2621 358.58MB / 412.70MB 15.9s
publish-candidate	Publish candidate and capture registry digest	2026-09-12T04:35:43.8606074Z #11 pushing layer f0b414e1ac09 366.98MB / 638.92MB 16.3s
publish-candidate	Publish candidate and capture registry digest	2026-09-12T04:35:44.2985367Z #11 pushing layer 427216bf2621 381.41MB / 412.70MB 16.9s
publish-candidate	Publish candidate and capture registry digest	2026-09-12T04:35:45.2111410Z #11 pushing layer 427216bf2621 404.66MB / 412.70MB 17.8s
publish-candidate	Publish candidate and capture registry digest	2026-09-12T04:35:45.3243454Z #11 pushing layer f0b414e1ac09 399.23MB / 638.92MB 17.8s
publish-candidate	Publish candidate and capture registry digest	2026-09-12T04:35:46.6914156Z #11 pushing layer f0b414e1ac09 434.06MB / 638.92MB 19.2s
publish-candidate	Publish candidate and capture registry digest	2026-09-12T04:35:48.1179316Z #11 pushing layer f0b414e1ac09 467.07MB / 638.92MB 20.7s
publish-candidate	Publish candidate and capture registry digest	2026-09-12T04:35:48.8430115Z #11 pushing layer 427216bf2621 21.4s done
publish-candidate	Publish candidate and capture registry digest	2026-09-12T04:35:49.5231623Z #11 pushing layer f0b414e1ac09 500.32MB / 638.92MB 22.1s
publish-candidate	Publish candidate and capture registry digest	2026-09-12T04:35:50.7530651Z #11 pushing layer f0b414e1ac09 534.62MB / 638.92MB 23.3s
publish-candidate	Publish candidate and capture registry digest	2026-09-12T04:35:52.0395105Z #11 pushing layer f0b414e1ac09 567.60MB / 638.92MB 24.6s
publish-candidate	Publish candidate and capture registry digest	2026-09-12T04:35:53.4653672Z #11 pushing layer f0b414e1ac09 601.51MB / 638.92MB 26.0s
publish-candidate	Publish candidate and capture registry digest	2026-09-12T04:35:54.6694646Z #11 pushing layer f0b414e1ac09 635.11MB / 638.92MB 27.2s
publish-candidate	Publish candidate and capture registry digest	2026-09-12T04:35:58.5707383Z #11 pushing layer f0b414e1ac09 31.1s done
publish-candidate	Publish candidate and capture registry digest	2026-09-12T04:36:01.2433776Z #11 DONE 34.0s
publish-candidate	Publish candidate and capture registry digest	2026-09-12T04:36:01.3943304Z 
publish-candidate	Publish candidate and capture registry digest	2026-09-12T04:36:01.3944507Z #12 pushing ghcr.io/cn-jjb/essential-cs/canonical:sha-25804b02cdd89bc3e2ff386aaf60f7c0b41b9032 with docker
publish-candidate	Publish candidate and capture registry digest	2026-09-12T04:36:01.5342430Z #12 pushing layer 0a4b0dd77572
publish-candidate	Publish candidate and capture registry digest	2026-09-12T04:36:01.6848233Z #12 pushing layer 427216bf2621
publish-candidate	Publish candidate and capture registry digest	2026-09-12T04:36:01.6848794Z #12 pushing layer 6078cde548a5
publish-candidate	Publish candidate and capture registry digest	2026-09-12T04:36:02.7188933Z #12 pushing layer 427216bf2621 1.2s done
publish-candidate	Publish candidate and capture registry digest	2026-09-12T04:36:02.8694194Z #12 pushing layer 0a4b0dd77572 1.2s done
publish-candidate	Publish candidate and capture registry digest	2026-09-12T04:36:02.8694939Z #12 pushing layer f0b414e1ac09 1.2s done
publish-candidate	Publish candidate and capture registry digest	2026-09-12T04:36:02.8695687Z #12 pushing layer 6078cde548a5 1.2s done
publish-candidate	Publish candidate and capture registry digest	2026-09-12T04:36:02.8696219Z #12 DONE 1.5s
publish-candidate	Publish candidate and capture registry digest	2026-09-12T04:36:04.0416807Z PUBLISHED_REGISTRY_DIGEST=sha256:766ce07ba3073cc28049ff07d6d4f643bd6e3cc7a7967a3ebd2bb8738219e460
publish-candidate	Publish candidate and capture registry digest	2026-09-12T04:36:04.0418357Z PUBLISHED_CONFIG_DIGEST=sha256:24a926a0dcc9b98b7298b8728d68417233f15f32a23350bf1273bb26089d7805
publish-candidate	Publish candidate and capture registry digest	2026-09-12T04:36:04.0419418Z METADATA_IDENTITY_KEYS=containerimage.config.digest,containerimage.digest
publish-candidate	Publish candidate and capture registry digest	2026-09-12T04:36:04.0468695Z === REGISTRY-SIDE INSPECTION (independent of the local daemon) ===
publish-candidate	Publish candidate and capture registry digest	2026-09-12T04:36:04.8294201Z Name:      ghcr.io/cn-jjb/essential-cs/canonical@sha256:766ce07ba3073cc28049ff07d6d4f643bd6e3cc7a7967a3ebd2bb8738219e460
publish-candidate	Publish candidate and capture registry digest	2026-09-12T04:36:04.8295319Z MediaType: application/vnd.docker.distribution.manifest.v2+json
publish-candidate	Publish candidate and capture registry digest	2026-09-12T04:36:04.8296005Z Digest:    sha256:766ce07ba3073cc28049ff07d6d4f643bd6e3cc7a7967a3ebd2bb8738219e460
publish-candidate	Publish candidate and capture registry digest	2026-09-12T04:36:04.8315848Z === LOCAL DAEMON IDENTITY (audit only, explicitly NOT the pin) ===
publish-candidate	Publish candidate and capture registry digest	2026-09-12T04:36:04.8475038Z === IDENTITY SEPARATION TABLE ===
publish-candidate	Publish candidate and capture registry digest	2026-09-12T04:36:04.8475564Z registry_ref=ghcr.io/cn-jjb/essential-cs/canonical
publish-candidate	Publish candidate and capture registry digest	2026-09-12T04:36:04.8476190Z registry_digest=sha256:766ce07ba3073cc28049ff07d6d4f643bd6e3cc7a7967a3ebd2bb8738219e460
publish-candidate	Publish candidate and capture registry digest	2026-09-12T04:36:04.8476784Z registry_digest_role=PIN (durable, content-addressed, retrievable)
publish-candidate	Publish candidate and capture registry digest	2026-09-12T04:36:04.8477451Z pull_reference=ghcr.io/cn-jjb/essential-cs/canonical@sha256:766ce07ba3073cc28049ff07d6d4f643bd6e3cc7a7967a3ebd2bb8738219e460
publish-candidate	Publish candidate and capture registry digest	2026-09-12T04:36:04.8481869Z config_digest=sha256:24a926a0dcc9b98b7298b8728d68417233f15f32a23350bf1273bb26089d7805
publish-candidate	Publish candidate and capture registry digest	2026-09-12T04:36:04.8482891Z local_image_id=sha256:24a926a0dcc9b98b7298b8728d68417233f15f32a23350bf1273bb26089d7805
publish-candidate	Publish candidate and capture registry digest	2026-09-12T04:36:04.8483754Z local_image_id_role=NOT-PIN (daemon-local, ephemeral, not retrievable)
publish-candidate	Publish candidate and capture registry digest	2026-09-12T04:36:04.8484620Z mutable_tag_candidate=ghcr.io/cn-jjb/essential-cs/canonical:candidate
publish-candidate	Publish candidate and capture registry digest	2026-09-12T04:36:04.8485508Z mutable_tag_sha=ghcr.io/cn-jjb/essential-cs/canonical:sha-25804b02cdd89bc3e2ff386aaf60f7c0b41b9032
publish-candidate	Publish candidate and capture registry digest	2026-09-12T04:36:04.8486534Z mutable_tag_role=NOT-PIN (labels that may be repointed)
publish-candidate	Publish candidate and capture registry digest	2026-09-12T04:36:04.8487173Z git_sha=25804b02cdd89bc3e2ff386aaf60f7c0b41b9032
publish-candidate	Publish candidate and capture registry digest	2026-09-12T04:36:04.8487892Z git_sha_role=NOT-PIN (source revision)
publish-candidate	Publish candidate and capture registry digest	2026-09-12T04:36:04.8488398Z runner_image_version=20260907.300.1
publish-candidate	Publish candidate and capture registry digest	2026-09-12T04:36:04.8488957Z runner_image_role=NOT-PIN (moving execution substrate)
publish-candidate	Publish candidate and capture registry digest	2026-09-12T04:36:04.8489524Z =================================
publish-candidate	Publish candidate and capture registry digest	2026-09-12T04:36:04.8489973Z === PIN IMMUTABILITY GUARD ===
publish-candidate	Publish candidate and capture registry digest	2026-09-12T04:36:04.8500693Z PUBLISH_DID_NOT_MODIFY_PIN=YES
publish-candidate	Publish candidate and capture registry digest	2026-09-12T04:36:04.8501757Z CANDIDATE_PUBLISHED_REGISTRY_DIGEST=sha256:766ce07ba3073cc28049ff07d6d4f643bd6e3cc7a7967a3ebd2bb8738219e460
publish-candidate	Publish candidate and capture registry digest	2026-09-12T04:36:04.8502639Z CANDIDATE_PUBLISHED_REFERENCE=ghcr.io/cn-jjb/essential-cs/canonical@sha256:766ce07ba3073cc28049ff07d6d4f643bd6e3cc7a7967a3ebd2bb8738219e460
publish-candidate	Best-effort public visibility (not a merge blocker; auth path is documented)	﻿2026-09-12T04:36:04.8576731Z ##[group]Run set -ueo pipefail
publish-candidate	Best-effort public visibility (not a merge blocker; auth path is documented)	2026-09-12T04:36:04.8577194Z ^[[36;1mset -ueo pipefail^[[0m
publish-candidate	Best-effort public visibility (not a merge blocker; auth path is documented)	2026-09-12T04:36:04.8577498Z ^[[36;1m{^[[0m
publish-candidate	Best-effort public visibility (not a merge blocker; auth path is documented)	2026-09-12T04:36:04.8578007Z ^[[36;1m  echo "Attempting GHCR visibility=public for the repository-linked package."^[[0m
publish-candidate	Best-effort public visibility (not a merge blocker; auth path is documented)	2026-09-12T04:36:04.8578659Z ^[[36;1m  echo "If this fails, CI consumption uses the repository-owned GITHUB_TOKEN"^[[0m
publish-candidate	Best-effort public visibility (not a merge blocker; auth path is documented)	2026-09-12T04:36:04.8579237Z ^[[36;1m  echo "with packages:read, which is the minimum documented mechanism."^[[0m
publish-candidate	Best-effort public visibility (not a merge blocker; auth path is documented)	2026-09-12T04:36:04.8579786Z ^[[36;1m  gh api --method PUT -H "Accept: application/vnd.github+json" \^[[0m
publish-candidate	Best-effort public visibility (not a merge blocker; auth path is documented)	2026-09-12T04:36:04.8580312Z ^[[36;1m    "/user/packages/container/essential-cs%2Fcanonical/visibility" \^[[0m
publish-candidate	Best-effort public visibility (not a merge blocker; auth path is documented)	2026-09-12T04:36:04.8580884Z ^[[36;1m    -f visibility=public && echo "VISIBILITY_USER_API=public-ok" \^[[0m
publish-candidate	Best-effort public visibility (not a merge blocker; auth path is documented)	2026-09-12T04:36:04.8581652Z ^[[36;1m    || echo "VISIBILITY_USER_API=failed-or-unsupported"^[[0m
publish-candidate	Best-effort public visibility (not a merge blocker; auth path is documented)	2026-09-12T04:36:04.8582215Z ^[[36;1m  gh api --method PUT -H "Accept: application/vnd.github+json" \^[[0m
publish-candidate	Best-effort public visibility (not a merge blocker; auth path is documented)	2026-09-12T04:36:04.8582953Z ^[[36;1m    "/users/${GITHUB_REPOSITORY_OWNER}/packages/container/essential-cs%2Fcanonical/visibility" \^[[0m
publish-candidate	Best-effort public visibility (not a merge blocker; auth path is documented)	2026-09-12T04:36:04.8583724Z ^[[36;1m    -f visibility=public && echo "VISIBILITY_USERS_API=public-ok" \^[[0m
publish-candidate	Best-effort public visibility (not a merge blocker; auth path is documented)	2026-09-12T04:36:04.8584258Z ^[[36;1m    || echo "VISIBILITY_USERS_API=failed-or-unsupported"^[[0m
publish-candidate	Best-effort public visibility (not a merge blocker; auth path is documented)	2026-09-12T04:36:04.8584686Z ^[[36;1m} | tee "${EVIDENCE_DIR}/visibility.txt"^[[0m
publish-candidate	Best-effort public visibility (not a merge blocker; auth path is documented)	2026-09-12T04:36:04.8608715Z shell: /usr/bin/bash -e {0}
publish-candidate	Best-effort public visibility (not a merge blocker; auth path is documented)	2026-09-12T04:36:04.8609159Z env:
publish-candidate	Best-effort public visibility (not a merge blocker; auth path is documented)	2026-09-12T04:36:04.8609523Z   CANONICAL_IMAGE_REF: ghcr.io/cn-jjb/essential-cs/canonical
publish-candidate	Best-effort public visibility (not a merge blocker; auth path is documented)	2026-09-12T04:36:04.8609926Z   PLATFORM: linux/amd64
publish-candidate	Best-effort public visibility (not a merge blocker; auth path is documented)	2026-09-12T04:36:04.8610418Z   EVIDENCE_DIR: /tmp/canonical-publish
publish-candidate	Best-effort public visibility (not a merge blocker; auth path is documented)	2026-09-12T04:36:04.8612949Z   GH_TOKEN: ***
publish-candidate	Best-effort public visibility (not a merge blocker; auth path is documented)	2026-09-12T04:36:04.8613289Z ##[endgroup]
publish-candidate	Best-effort public visibility (not a merge blocker; auth path is documented)	2026-09-12T04:36:04.8664101Z Attempting GHCR visibility=public for the repository-linked package.
publish-candidate	Best-effort public visibility (not a merge blocker; auth path is documented)	2026-09-12T04:36:04.8665064Z If this fails, CI consumption uses the repository-owned GITHUB_TOKEN
publish-candidate	Best-effort public visibility (not a merge blocker; auth path is documented)	2026-09-12T04:36:04.8665875Z with packages:read, which is the minimum documented mechanism.
publish-candidate	Best-effort public visibility (not a merge blocker; auth path is documented)	2026-09-12T04:36:05.3335407Z gh: Not Found (HTTP 404)
publish-candidate	Best-effort public visibility (not a merge blocker; auth path is documented)	2026-09-12T04:36:05.3336081Z {
publish-candidate	Best-effort public visibility (not a merge blocker; auth path is documented)	2026-09-12T04:36:05.3336436Z   "message": "Not Found",
publish-candidate	Best-effort public visibility (not a merge blocker; auth path is documented)	2026-09-12T04:36:05.3336893Z   "documentation_url": "https://docs.github.com/rest",
publish-candidate	Best-effort public visibility (not a merge blocker; auth path is documented)	2026-09-12T04:36:05.3337360Z   "status": "404"
publish-candidate	Best-effort public visibility (not a merge blocker; auth path is documented)	2026-09-12T04:36:05.3351942Z }VISIBILITY_USER_API=failed-or-unsupported
publish-candidate	Best-effort public visibility (not a merge blocker; auth path is documented)	2026-09-12T04:36:05.5378590Z gh: Not Found (HTTP 404)
publish-candidate	Best-effort public visibility (not a merge blocker; auth path is documented)	2026-09-12T04:36:05.5379385Z {
publish-candidate	Best-effort public visibility (not a merge blocker; auth path is documented)	2026-09-12T04:36:05.5379770Z   "message": "Not Found",
publish-candidate	Best-effort public visibility (not a merge blocker; auth path is documented)	2026-09-12T04:36:05.5380408Z   "documentation_url": "https://docs.github.com/rest",
publish-candidate	Best-effort public visibility (not a merge blocker; auth path is documented)	2026-09-12T04:36:05.5380970Z   "status": "404"
publish-candidate	Best-effort public visibility (not a merge blocker; auth path is documented)	2026-09-12T04:36:05.5393240Z }VISIBILITY_USERS_API=failed-or-unsupported
publish-candidate	Upload publication evidence bundle	﻿2026-09-12T04:36:05.5460132Z Node 20 is being deprecated. This workflow is running with Node 24 by default. If you need to temporarily use Node 20, you can set the ACTIONS_ALLOW_USE_UNSECURE_NODE_VERSION=true environment variable. For more information see: https://github.blog/changelog/2025-09-19-deprecation-of-node-20-on-github-actions-runners/
publish-candidate	Upload publication evidence bundle	2026-09-12T04:36:05.5462504Z ##[group]Run actions/upload-artifact@v4
publish-candidate	Upload publication evidence bundle	2026-09-12T04:36:05.5462929Z with:
publish-candidate	Upload publication evidence bundle	2026-09-12T04:36:05.5463246Z   name: canonical-publish-evidence
publish-candidate	Upload publication evidence bundle	2026-09-12T04:36:05.5463603Z   path: /tmp/canonical-publish/
publish-candidate	Upload publication evidence bundle	2026-09-12T04:36:05.5463994Z   include-hidden-files: true
publish-candidate	Upload publication evidence bundle	2026-09-12T04:36:05.5464365Z   if-no-files-found: warn
publish-candidate	Upload publication evidence bundle	2026-09-12T04:36:05.5464745Z   compression-level: 6
publish-candidate	Upload publication evidence bundle	2026-09-12T04:36:05.5465053Z   overwrite: false
publish-candidate	Upload publication evidence bundle	2026-09-12T04:36:05.5465320Z env:
publish-candidate	Upload publication evidence bundle	2026-09-12T04:36:05.5465699Z   CANONICAL_IMAGE_REF: ghcr.io/cn-jjb/essential-cs/canonical
publish-candidate	Upload publication evidence bundle	2026-09-12T04:36:05.5466144Z   PLATFORM: linux/amd64
publish-candidate	Upload publication evidence bundle	2026-09-12T04:36:05.5466478Z   EVIDENCE_DIR: /tmp/canonical-publish
publish-candidate	Upload publication evidence bundle	2026-09-12T04:36:05.5466947Z ##[endgroup]
publish-candidate	Upload publication evidence bundle	2026-09-12T04:36:05.7013028Z (node:6726) [DEP0040] DeprecationWarning: The `punycode` module is deprecated. Please use a userland alternative instead.
publish-candidate	Upload publication evidence bundle	2026-09-12T04:36:05.7014572Z (Use `node --trace-deprecation ...` to show where the warning was created)
publish-candidate	Upload publication evidence bundle	2026-09-12T04:36:05.7074555Z With the provided path, there will be 7 files uploaded
publish-candidate	Upload publication evidence bundle	2026-09-12T04:36:05.7092382Z Artifact name is valid!
publish-candidate	Upload publication evidence bundle	2026-09-12T04:36:05.7093279Z Root directory input is valid!
publish-candidate	Upload publication evidence bundle	2026-09-12T04:36:06.0404463Z Beginning upload of artifact content to blob storage
publish-candidate	Upload publication evidence bundle	2026-09-12T04:36:06.0602579Z (node:6726) [DEP0169] DeprecationWarning: `url.parse()` behavior is not standardized and prone to errors that have security implications. Use the WHATWG URL API instead. CVEs are not issued for `url.parse()` vulnerabilities.
publish-candidate	Upload publication evidence bundle	2026-09-12T04:36:06.2661583Z Uploaded bytes 2899
publish-candidate	Upload publication evidence bundle	2026-09-12T04:36:06.3248745Z Finished uploading artifact content to blob storage!
publish-candidate	Upload publication evidence bundle	2026-09-12T04:36:06.3249661Z SHA256 digest of uploaded artifact zip is fd8c1ee7997e8cd535ad02b458df71e8b55aeec155932f230a76010b432e30ff
publish-candidate	Upload publication evidence bundle	2026-09-12T04:36:06.3251619Z Finalizing artifact upload
publish-candidate	Upload publication evidence bundle	2026-09-12T04:36:06.5324943Z Artifact canonical-publish-evidence.zip successfully finalized. Artifact ID 10291063296
publish-candidate	Upload publication evidence bundle	2026-09-12T04:36:06.5325891Z Artifact canonical-publish-evidence has been successfully uploaded! Final size is 2899 bytes. Artifact ID is 10291063296
publish-candidate	Upload publication evidence bundle	2026-09-12T04:36:06.5333034Z Artifact download URL: https://github.com/CN-JJB/essential-cs/actions/runs/34673360717/artifacts/10291063296
publish-candidate	Post Checkout exact event revision	﻿2026-09-12T04:36:06.5508898Z Node 20 is being deprecated. This workflow is running with Node 24 by default. If you need to temporarily use Node 20, you can set the ACTIONS_ALLOW_USE_UNSECURE_NODE_VERSION=true environment variable. For more information see: https://github.blog/changelog/2025-09-19-deprecation-of-node-20-on-github-actions-runners/
publish-candidate	Post Checkout exact event revision	2026-09-12T04:36:06.5510041Z Post job cleanup.
publish-candidate	Post Checkout exact event revision	2026-09-12T04:36:06.6301350Z [command]/usr/bin/git version
publish-candidate	Post Checkout exact event revision	2026-09-12T04:36:06.6339660Z git version 2.55.0
publish-candidate	Post Checkout exact event revision	2026-09-12T04:36:06.6372327Z Temporarily overriding HOME='/home/runner/work/_temp/860bf0c2-b1a1-427c-9cb9-fc94c8b4e7bd' before making global git config changes
publish-candidate	Post Checkout exact event revision	2026-09-12T04:36:06.6373870Z Adding repository directory to the temporary git global config as a safe directory
publish-candidate	Post Checkout exact event revision	2026-09-12T04:36:06.6377910Z [command]/usr/bin/git config --global --add safe.directory /home/runner/work/essential-cs/essential-cs
publish-candidate	Post Checkout exact event revision	2026-09-12T04:36:06.6415514Z [command]/usr/bin/git config --local --name-only --get-regexp core\.sshCommand
publish-candidate	Post Checkout exact event revision	2026-09-12T04:36:06.6445975Z [command]/usr/bin/git submodule foreach --recursive sh -c "git config --local --name-only --get-regexp 'core\.sshCommand' && git config --local --unset-all 'core.sshCommand' || :"
publish-candidate	Post Checkout exact event revision	2026-09-12T04:36:06.6654892Z [command]/usr/bin/git config --local --name-only --get-regexp http\.https\:\/\/github\.com\/\.extraheader
publish-candidate	Post Checkout exact event revision	2026-09-12T04:36:06.6683991Z http.https://github.com/.extraheader
publish-candidate	Post Checkout exact event revision	2026-09-12T04:36:06.6695233Z [command]/usr/bin/git config --local --unset-all http.https://github.com/.extraheader
publish-candidate	Post Checkout exact event revision	2026-09-12T04:36:06.6728607Z [command]/usr/bin/git submodule foreach --recursive sh -c "git config --local --name-only --get-regexp 'http\.https\:\/\/github\.com\/\.extraheader' && git config --local --unset-all 'http.https://github.com/.extraheader' || :"
publish-candidate	Post Checkout exact event revision	2026-09-12T04:36:06.6944671Z [command]/usr/bin/git config --local --name-only --get-regexp ^includeIf\.gitdir:
publish-candidate	Post Checkout exact event revision	2026-09-12T04:36:06.6973125Z [command]/usr/bin/git submodule foreach --recursive git config --local --show-origin --name-only --get-regexp remote.origin.url
publish-candidate	Complete job	﻿2026-09-12T04:36:06.7310021Z Evaluate and set job outputs
publish-candidate	Complete job	2026-09-12T04:36:06.7317102Z Set output 'registry_digest'
publish-candidate	Complete job	2026-09-12T04:36:06.7318985Z Set output 'reference'
publish-candidate	Complete job	2026-09-12T04:36:06.7319949Z Cleaning up orphan processes
publish-candidate	Complete job	2026-09-12T04:36:06.7565095Z ##[warning]Node.js 20 is deprecated. The following actions target Node.js 20 but are being forced to run on Node.js 24: actions/checkout@v4, actions/upload-artifact@v4. For more information see: https://github.blog/changelog/2025-09-19-deprecation-of-node-20-on-github-actions-runners/
retrieve-by-digest	Set up job	﻿2026-09-12T04:36:12.1777883Z Current runner version: '2.337.0'
retrieve-by-digest	Set up job	2026-09-12T04:36:12.1802353Z ##[group]Runner Image Provisioner
retrieve-by-digest	Set up job	2026-09-12T04:36:12.1803203Z Hosted Compute Agent
retrieve-by-digest	Set up job	2026-09-12T04:36:12.1803799Z Version: 20260828.587
retrieve-by-digest	Set up job	2026-09-12T04:36:12.1804428Z Commit: abac92662cab4cc7352de4f9f9d2e2419aad9c29
retrieve-by-digest	Set up job	2026-09-12T04:36:12.1805113Z Build Date: 2026-08-28T16:44:25Z
retrieve-by-digest	Set up job	2026-09-12T04:36:12.1805728Z Worker ID: {ad6a3828-ed69-4c3c-b145-b3a8c1c544a7}
retrieve-by-digest	Set up job	2026-09-12T04:36:12.1806433Z Azure Region: westus3
retrieve-by-digest	Set up job	2026-09-12T04:36:12.1807152Z ##[endgroup]
retrieve-by-digest	Set up job	2026-09-12T04:36:12.1808634Z ##[group]Operating System
retrieve-by-digest	Set up job	2026-09-12T04:36:12.1809274Z Ubuntu
retrieve-by-digest	Set up job	2026-09-12T04:36:12.1809759Z 24.04.5
retrieve-by-digest	Set up job	2026-09-12T04:36:12.1810235Z LTS
retrieve-by-digest	Set up job	2026-09-12T04:36:12.1810773Z ##[endgroup]
retrieve-by-digest	Set up job	2026-09-12T04:36:12.1811239Z ##[group]Runner Image
retrieve-by-digest	Set up job	2026-09-12T04:36:12.1812159Z Image: ubuntu-24.04
retrieve-by-digest	Set up job	2026-09-12T04:36:12.1812675Z Version: 20260907.300.1
retrieve-by-digest	Set up job	2026-09-12T04:36:12.1813663Z Included Software: https://github.com/actions/runner-images/blob/ubuntu24/20260907.300/images/ubuntu/Ubuntu2404-Readme.md
retrieve-by-digest	Set up job	2026-09-12T04:36:12.1815258Z Image Release: https://github.com/actions/runner-images/releases/tag/ubuntu24%2F20260907.300
retrieve-by-digest	Set up job	2026-09-12T04:36:12.1816168Z ##[endgroup]
retrieve-by-digest	Set up job	2026-09-12T04:36:12.1817359Z ##[group]GITHUB_TOKEN Permissions
retrieve-by-digest	Set up job	2026-09-12T04:36:12.1819505Z Contents: read
retrieve-by-digest	Set up job	2026-09-12T04:36:12.1820048Z Metadata: read
retrieve-by-digest	Set up job	2026-09-12T04:36:12.1820596Z Packages: write
retrieve-by-digest	Set up job	2026-09-12T04:36:12.1821121Z ##[endgroup]
retrieve-by-digest	Set up job	2026-09-12T04:36:12.1823186Z Secret source: Actions
retrieve-by-digest	Set up job	2026-09-12T04:36:12.1824121Z Cache mode: write
retrieve-by-digest	Set up job	2026-09-12T04:36:12.1824757Z Prepare workflow directory
retrieve-by-digest	Set up job	2026-09-12T04:36:12.2221679Z Prepare all required actions
retrieve-by-digest	Set up job	2026-09-12T04:36:12.2292247Z Getting action download info
retrieve-by-digest	Set up job	2026-09-12T04:36:12.5344154Z Download action repository 'actions/checkout@v4' (SHA:11d5960a326750d5838078e36cf38b85af677262)
retrieve-by-digest	Set up job	2026-09-12T04:36:12.6171548Z Download action repository 'actions/upload-artifact@v4' (SHA:ea165f8d65b6e75b540449e92b4886f43607fa02)
retrieve-by-digest	Set up job	2026-09-12T04:36:12.7921548Z Complete job name: retrieve-by-digest
retrieve-by-digest	Checkout exact event revision	﻿2026-09-12T04:36:12.8616293Z Node 20 is being deprecated. This workflow is running with Node 24 by default. If you need to temporarily use Node 20, you can set the ACTIONS_ALLOW_USE_UNSECURE_NODE_VERSION=true environment variable. For more information see: https://github.blog/changelog/2025-09-19-deprecation-of-node-20-on-github-actions-runners/
retrieve-by-digest	Checkout exact event revision	2026-09-12T04:36:12.8625174Z ##[group]Run actions/checkout@v4
retrieve-by-digest	Checkout exact event revision	2026-09-12T04:36:12.8626030Z with:
retrieve-by-digest	Checkout exact event revision	2026-09-12T04:36:12.8626556Z   ref: 25804b02cdd89bc3e2ff386aaf60f7c0b41b9032
retrieve-by-digest	Checkout exact event revision	2026-09-12T04:36:12.8627348Z   fetch-depth: 0
retrieve-by-digest	Checkout exact event revision	2026-09-12T04:36:12.8627854Z   repository: CN-JJB/essential-cs
retrieve-by-digest	Checkout exact event revision	2026-09-12T04:36:12.8631692Z   token: ***
retrieve-by-digest	Checkout exact event revision	2026-09-12T04:36:12.8632193Z   ssh-strict: true
retrieve-by-digest	Checkout exact event revision	2026-09-12T04:36:12.8632665Z   ssh-user: git
retrieve-by-digest	Checkout exact event revision	2026-09-12T04:36:12.8633159Z   persist-credentials: true
retrieve-by-digest	Checkout exact event revision	2026-09-12T04:36:12.8633691Z   clean: true
retrieve-by-digest	Checkout exact event revision	2026-09-12T04:36:12.8634188Z   sparse-checkout-cone-mode: true
retrieve-by-digest	Checkout exact event revision	2026-09-12T04:36:12.8634752Z   fetch-tags: false
retrieve-by-digest	Checkout exact event revision	2026-09-12T04:36:12.8635227Z   show-progress: true
retrieve-by-digest	Checkout exact event revision	2026-09-12T04:36:12.8635843Z   lfs: false
retrieve-by-digest	Checkout exact event revision	2026-09-12T04:36:12.8636321Z   submodules: false
retrieve-by-digest	Checkout exact event revision	2026-09-12T04:36:12.8636783Z   set-safe-directory: true
retrieve-by-digest	Checkout exact event revision	2026-09-12T04:36:12.8637519Z   allow-unsafe-pr-checkout: false
retrieve-by-digest	Checkout exact event revision	2026-09-12T04:36:12.8638378Z env:
retrieve-by-digest	Checkout exact event revision	2026-09-12T04:36:12.8639180Z   CANONICAL_IMAGE_REF: ghcr.io/cn-jjb/essential-cs/canonical
retrieve-by-digest	Checkout exact event revision	2026-09-12T04:36:12.8639874Z   PLATFORM: linux/amd64
retrieve-by-digest	Checkout exact event revision	2026-09-12T04:36:12.8640381Z   EVIDENCE_DIR: /tmp/canonical-publish
retrieve-by-digest	Checkout exact event revision	2026-09-12T04:36:12.8640969Z ##[endgroup]
retrieve-by-digest	Checkout exact event revision	2026-09-12T04:36:12.9784588Z Syncing repository: CN-JJB/essential-cs
retrieve-by-digest	Checkout exact event revision	2026-09-12T04:36:12.9787973Z ##[group]Getting Git version info
retrieve-by-digest	Checkout exact event revision	2026-09-12T04:36:12.9789285Z Working directory is '/home/runner/work/essential-cs/essential-cs'
retrieve-by-digest	Checkout exact event revision	2026-09-12T04:36:12.9791013Z [command]/usr/bin/git version
retrieve-by-digest	Checkout exact event revision	2026-09-12T04:36:12.9836261Z git version 2.55.0
retrieve-by-digest	Checkout exact event revision	2026-09-12T04:36:12.9857539Z ##[endgroup]
retrieve-by-digest	Checkout exact event revision	2026-09-12T04:36:12.9872171Z Temporarily overriding HOME='/home/runner/work/_temp/eeb66fad-b1ea-40c0-841d-4777906ba51f' before making global git config changes
retrieve-by-digest	Checkout exact event revision	2026-09-12T04:36:12.9875219Z Adding repository directory to the temporary git global config as a safe directory
retrieve-by-digest	Checkout exact event revision	2026-09-12T04:36:12.9877672Z [command]/usr/bin/git config --global --add safe.directory /home/runner/work/essential-cs/essential-cs
retrieve-by-digest	Checkout exact event revision	2026-09-12T04:36:12.9932077Z Deleting the contents of '/home/runner/work/essential-cs/essential-cs'
retrieve-by-digest	Checkout exact event revision	2026-09-12T04:36:12.9935812Z ##[group]Initializing the repository
retrieve-by-digest	Checkout exact event revision	2026-09-12T04:36:12.9940892Z [command]/usr/bin/git init /home/runner/work/essential-cs/essential-cs
retrieve-by-digest	Checkout exact event revision	2026-09-12T04:36:13.0053851Z hint: Using 'master' as the name for the initial branch. This default branch name
retrieve-by-digest	Checkout exact event revision	2026-09-12T04:36:13.0055983Z hint: will change to "main" in Git 3.0. To configure the initial branch name
retrieve-by-digest	Checkout exact event revision	2026-09-12T04:36:13.0058217Z hint: to use in all of your new repositories, which will suppress this warning,
retrieve-by-digest	Checkout exact event revision	2026-09-12T04:36:13.0059747Z hint: call:
retrieve-by-digest	Checkout exact event revision	2026-09-12T04:36:13.0060608Z hint:
retrieve-by-digest	Checkout exact event revision	2026-09-12T04:36:13.0061641Z hint: 	git config --global init.defaultBranch <name>
retrieve-by-digest	Checkout exact event revision	2026-09-12T04:36:13.0062817Z hint:
retrieve-by-digest	Checkout exact event revision	2026-09-12T04:36:13.0063974Z hint: Names commonly chosen instead of 'master' are 'main', 'trunk' and
retrieve-by-digest	Checkout exact event revision	2026-09-12T04:36:13.0067160Z hint: 'development'. The just-created branch can be renamed via this command:
retrieve-by-digest	Checkout exact event revision	2026-09-12T04:36:13.0068565Z hint:
retrieve-by-digest	Checkout exact event revision	2026-09-12T04:36:13.0069450Z hint: 	git branch -m <name>
retrieve-by-digest	Checkout exact event revision	2026-09-12T04:36:13.0070433Z hint:
retrieve-by-digest	Checkout exact event revision	2026-09-12T04:36:13.0071925Z hint: Disable this message with "git config set advice.defaultBranchName false"
retrieve-by-digest	Checkout exact event revision	2026-09-12T04:36:13.0073948Z Initialized empty Git repository in /home/runner/work/essential-cs/essential-cs/.git/
retrieve-by-digest	Checkout exact event revision	2026-09-12T04:36:13.0077619Z [command]/usr/bin/git remote add origin https://github.com/CN-JJB/essential-cs
retrieve-by-digest	Checkout exact event revision	2026-09-12T04:36:13.0141359Z ##[endgroup]
retrieve-by-digest	Checkout exact event revision	2026-09-12T04:36:13.0146274Z ##[group]Disabling automatic garbage collection
retrieve-by-digest	Checkout exact event revision	2026-09-12T04:36:13.0147616Z [command]/usr/bin/git config --local gc.auto 0
retrieve-by-digest	Checkout exact event revision	2026-09-12T04:36:13.0173593Z ##[endgroup]
retrieve-by-digest	Checkout exact event revision	2026-09-12T04:36:13.0174781Z ##[group]Setting up auth
retrieve-by-digest	Checkout exact event revision	2026-09-12T04:36:13.0181042Z [command]/usr/bin/git config --local --name-only --get-regexp core\.sshCommand
retrieve-by-digest	Checkout exact event revision	2026-09-12T04:36:13.0211067Z [command]/usr/bin/git submodule foreach --recursive sh -c "git config --local --name-only --get-regexp 'core\.sshCommand' && git config --local --unset-all 'core.sshCommand' || :"
retrieve-by-digest	Checkout exact event revision	2026-09-12T04:36:13.0558403Z [command]/usr/bin/git config --local --name-only --get-regexp http\.https\:\/\/github\.com\/\.extraheader
retrieve-by-digest	Checkout exact event revision	2026-09-12T04:36:13.0592596Z [command]/usr/bin/git submodule foreach --recursive sh -c "git config --local --name-only --get-regexp 'http\.https\:\/\/github\.com\/\.extraheader' && git config --local --unset-all 'http.https://github.com/.extraheader' || :"
retrieve-by-digest	Checkout exact event revision	2026-09-12T04:36:13.0793396Z [command]/usr/bin/git config --local --name-only --get-regexp ^includeIf\.gitdir:
retrieve-by-digest	Checkout exact event revision	2026-09-12T04:36:13.0823820Z [command]/usr/bin/git submodule foreach --recursive git config --local --show-origin --name-only --get-regexp remote.origin.url
retrieve-by-digest	Checkout exact event revision	2026-09-12T04:36:13.1006418Z [command]/usr/bin/git config --local http.https://github.com/.extraheader AUTHORIZATION: basic ***
retrieve-by-digest	Checkout exact event revision	2026-09-12T04:36:13.1039381Z ##[endgroup]
retrieve-by-digest	Checkout exact event revision	2026-09-12T04:36:13.1040161Z ##[group]Fetching the repository
retrieve-by-digest	Checkout exact event revision	2026-09-12T04:36:13.1049193Z [command]/usr/bin/git -c protocol.version=2 fetch --prune --no-recurse-submodules origin +refs/heads/*:refs/remotes/origin/* +refs/tags/*:refs/tags/*
retrieve-by-digest	Checkout exact event revision	2026-09-12T04:36:14.2962091Z From https://github.com/CN-JJB/essential-cs
retrieve-by-digest	Checkout exact event revision	2026-09-12T04:36:14.2964586Z  * [new branch]      architecture/issue-36-build-first -> origin/architecture/issue-36-build-first
retrieve-by-digest	Checkout exact event revision	2026-09-12T04:36:14.2966893Z  * [new branch]      audit/issue-140-post-v09-v10-gap-plan -> origin/audit/issue-140-post-v09-v10-gap-plan
retrieve-by-digest	Checkout exact event revision	2026-09-12T04:36:14.2968952Z  * [new branch]      audit/issue-2-external-curriculum-v0.1 -> origin/audit/issue-2-external-curriculum-v0.1
retrieve-by-digest	Checkout exact event revision	2026-09-12T04:36:14.2970236Z  * [new branch]      blueprint/issue-1-core-map -> origin/blueprint/issue-1-core-map
retrieve-by-digest	Checkout exact event revision	2026-09-12T04:36:14.2972138Z  * [new branch]      blueprint/issue-10-audit-disposition -> origin/blueprint/issue-10-audit-disposition
retrieve-by-digest	Checkout exact event revision	2026-09-12T04:36:14.2973880Z  * [new branch]      blueprint/issue-11-mini-cloud-alignment -> origin/blueprint/issue-11-mini-cloud-alignment
retrieve-by-digest	Checkout exact event revision	2026-09-12T04:36:14.2975352Z  * [new branch]      blueprint/issue-12-lab-source-selection -> origin/blueprint/issue-12-lab-source-selection
retrieve-by-digest	Checkout exact event revision	2026-09-12T04:36:14.2976804Z  * [new branch]      blueprint/issue-13-competency-concepts -> origin/blueprint/issue-13-competency-concepts
retrieve-by-digest	Checkout exact event revision	2026-09-12T04:36:14.2978701Z  * [new branch]      blueprint/issue-19-course-identity-entry -> origin/blueprint/issue-19-course-identity-entry
retrieve-by-digest	Checkout exact event revision	2026-09-12T04:36:14.2980535Z  * [new branch]      blueprint/issue-21-assessment-tech-map -> origin/blueprint/issue-21-assessment-tech-map
retrieve-by-digest	Checkout exact event revision	2026-09-12T04:36:14.2981988Z  * [new branch]      blueprint/issue-23-final-exit-audit -> origin/blueprint/issue-23-final-exit-audit
retrieve-by-digest	Checkout exact event revision	2026-09-12T04:36:14.2983301Z  * [new branch]      blueprint/issue-3-mini-cloud-evolution -> origin/blueprint/issue-3-mini-cloud-evolution
retrieve-by-digest	Checkout exact event revision	2026-09-12T04:36:14.2984675Z  * [new branch]      blueprint/issue-9-final-reconciliation -> origin/blueprint/issue-9-final-reconciliation
retrieve-by-digest	Checkout exact event revision	2026-09-12T04:36:14.2986395Z  * [new branch]      design/issue-114-s7-m21-m24-security-judgment -> origin/design/issue-114-s7-m21-m24-security-judgment
retrieve-by-digest	Checkout exact event revision	2026-09-12T04:36:14.2988232Z  * [new branch]      design/issue-50-m05-m09-runtime-os-persistence -> origin/design/issue-50-m05-m09-runtime-os-persistence
retrieve-by-digest	Checkout exact event revision	2026-09-12T04:36:14.2989728Z  * [new branch]      design/issue-71-m10-m12-network-web-browser -> origin/design/issue-71-m10-m12-network-web-browser
retrieve-by-digest	Checkout exact event revision	2026-09-12T04:36:14.2991135Z  * [new branch]      design/issue-86-m13-m15-data-concurrency -> origin/design/issue-86-m13-m15-data-concurrency
retrieve-by-digest	Checkout exact event revision	2026-09-12T04:36:14.2992543Z  * [new branch]      design/issue-99-m16-m20-distributed-infra -> origin/design/issue-99-m16-m20-distributed-infra
retrieve-by-digest	Checkout exact event revision	2026-09-12T04:36:14.2993925Z  * [new branch]      governance/issue-88-issue-pr-handoff -> origin/governance/issue-88-issue-pr-handoff
retrieve-by-digest	Checkout exact event revision	2026-09-12T04:36:14.2995243Z  * [new branch]      governance/role-specific-agent-guides -> origin/governance/role-specific-agent-guides
retrieve-by-digest	Checkout exact event revision	2026-09-12T04:36:14.2996697Z  * [new branch]      impl/issue-101-s6-b1-m16-rpc -> origin/impl/issue-101-s6-b1-m16-rpc
retrieve-by-digest	Checkout exact event revision	2026-09-12T04:36:14.2998200Z  * [new branch]      impl/issue-103-s6-b2-m17-replication-consensus -> origin/impl/issue-103-s6-b2-m17-replication-consensus
retrieve-by-digest	Checkout exact event revision	2026-09-12T04:36:14.2999620Z  * [new branch]      impl/issue-105-s6-b3-m18-coordination -> origin/impl/issue-105-s6-b3-m18-coordination
retrieve-by-digest	Checkout exact event revision	2026-09-12T04:36:14.3000951Z  * [new branch]      impl/issue-107-s6-b4-m19-infrastructure -> origin/impl/issue-107-s6-b4-m19-infrastructure
retrieve-by-digest	Checkout exact event revision	2026-09-12T04:36:14.3002298Z  * [new branch]      impl/issue-110-s6-b5-m20-observability -> origin/impl/issue-110-s6-b5-m20-observability
retrieve-by-digest	Checkout exact event revision	2026-09-12T04:36:14.3004582Z  * [new branch]      impl/issue-116-s7-b1-m21-trust-crypto -> origin/impl/issue-116-s7-b1-m21-trust-crypto
retrieve-by-digest	Checkout exact event revision	2026-09-12T04:36:14.3006732Z  * [new branch]      impl/issue-119-s7-b2-m22-auth-composition -> origin/impl/issue-119-s7-b2-m22-auth-composition
retrieve-by-digest	Checkout exact event revision	2026-09-12T04:36:14.3008589Z  * [new branch]      impl/issue-121-s7-b3-m23-systems-judgment -> origin/impl/issue-121-s7-b3-m23-systems-judgment
retrieve-by-digest	Checkout exact event revision	2026-09-12T04:36:14.3010231Z  * [new branch]      impl/issue-123-s7-b4-m24-final-system-defense -> origin/impl/issue-123-s7-b4-m24-final-system-defense
retrieve-by-digest	Checkout exact event revision	2026-09-12T04:36:14.3011976Z  * [new branch]      impl/issue-90-m13-sqlite-exp02 -> origin/impl/issue-90-m13-sqlite-exp02
retrieve-by-digest	Checkout exact event revision	2026-09-12T04:36:14.3013400Z  * [new branch]      impl/issue-93-m14-transactions-lab-req-05 -> origin/impl/issue-93-m14-transactions-lab-req-05
retrieve-by-digest	Checkout exact event revision	2026-09-12T04:36:14.3015469Z  * [new branch]      impl/issue-95-m15-concurrency-lab-req-03 -> origin/impl/issue-95-m15-concurrency-lab-req-03
retrieve-by-digest	Checkout exact event revision	2026-09-12T04:36:14.3018027Z  * [new branch]      implementation/durable-canonical-environment-pin-v0.1 -> origin/implementation/durable-canonical-environment-pin-v0.1
retrieve-by-digest	Checkout exact event revision	2026-09-12T04:36:14.3019866Z  * [new branch]      implementation/issue-145-stable-environment-ci-v0.1 -> origin/implementation/issue-145-stable-environment-ci-v0.1
retrieve-by-digest	Checkout exact event revision	2026-09-12T04:36:14.3021865Z  * [new branch]      implementation/issue-38-m02-computation-complexity -> origin/implementation/issue-38-m02-computation-complexity
retrieve-by-digest	Checkout exact event revision	2026-09-12T04:36:14.3023615Z  * [new branch]      implementation/issue-41-m03-machine-isa-execution -> origin/implementation/issue-41-m03-machine-isa-execution
retrieve-by-digest	Checkout exact event revision	2026-09-12T04:36:14.3025332Z  * [new branch]      implementation/issue-44-m04-memory-locality-measurement -> origin/implementation/issue-44-m04-memory-locality-measurement
retrieve-by-digest	Checkout exact event revision	2026-09-12T04:36:14.3027294Z  * [new branch]      implementation/issue-53-m05-languages-runtime-compiler -> origin/implementation/issue-53-m05-languages-runtime-compiler
retrieve-by-digest	Checkout exact event revision	2026-09-12T04:36:14.3029145Z  * [new branch]      implementation/issue-56-m06-processes-syscalls-lab-req-02 -> origin/implementation/issue-56-m06-processes-syscalls-lab-req-02
retrieve-by-digest	Checkout exact event revision	2026-09-12T04:36:14.3030929Z  * [new branch]      implementation/issue-59-m07-virtual-memory-isolation -> origin/implementation/issue-59-m07-virtual-memory-isolation
retrieve-by-digest	Checkout exact event revision	2026-09-12T04:36:14.3033510Z  * [new branch]      implementation/issue-62-m08-files-filesystems-io -> origin/implementation/issue-62-m08-files-filesystems-io
retrieve-by-digest	Checkout exact event revision	2026-09-12T04:36:14.3036815Z  * [new branch]      implementation/issue-65-m09-storage-engine-durable-storage -> origin/implementation/issue-65-m09-storage-engine-durable-storage
retrieve-by-digest	Checkout exact event revision	2026-09-12T04:36:14.3040143Z  * [new branch]      implementation/issue-74-m10-networking-ip-dns-transport -> origin/implementation/issue-74-m10-networking-ip-dns-transport
retrieve-by-digest	Checkout exact event revision	2026-09-12T04:36:14.3042121Z  * [new branch]      implementation/issue-77-m11-tls-http-caching-lab-req-01 -> origin/implementation/issue-77-m11-tls-http-caching-lab-req-01
retrieve-by-digest	Checkout exact event revision	2026-09-12T04:36:14.3043875Z  * [new branch]      implementation/issue-80-m12-web-browser-exp-03 -> origin/implementation/issue-80-m12-web-browser-exp-03
retrieve-by-digest	Checkout exact event revision	2026-09-12T04:36:14.3045112Z  * [new branch]      lead-smoke/pr-66-m09    -> origin/lead-smoke/pr-66-m09
retrieve-by-digest	Checkout exact event revision	2026-09-12T04:36:14.3046135Z  * [new branch]      lead-smoke/pr-66-m09-v2 -> origin/lead-smoke/pr-66-m09-v2
retrieve-by-digest	Checkout exact event revision	2026-09-12T04:36:14.3047497Z  * [new branch]      lead-smoke/pr-78-m11    -> origin/lead-smoke/pr-78-m11
retrieve-by-digest	Checkout exact event revision	2026-09-12T04:36:14.3048481Z  * [new branch]      lead-smoke/pr-78-m11-final -> origin/lead-smoke/pr-78-m11-final
retrieve-by-digest	Checkout exact event revision	2026-09-12T04:36:14.3049557Z  * [new branch]      lead-smoke/pr-78-m11-v2 -> origin/lead-smoke/pr-78-m11-v2
retrieve-by-digest	Checkout exact event revision	2026-09-12T04:36:14.3050546Z  * [new branch]      lead-smoke/pr-81-m12-final -> origin/lead-smoke/pr-81-m12-final
retrieve-by-digest	Checkout exact event revision	2026-09-12T04:36:14.3051570Z  * [new branch]      main                    -> origin/main
retrieve-by-digest	Checkout exact event revision	2026-09-12T04:36:14.3052668Z  * [new branch]      repair/issue-125-m22-layer56-report-key -> origin/repair/issue-125-m22-layer56-report-key
retrieve-by-digest	Checkout exact event revision	2026-09-12T04:36:14.3054321Z  * [new branch]      repair/issue-127-pre-v09-known-regressions -> origin/repair/issue-127-pre-v09-known-regressions
retrieve-by-digest	Checkout exact event revision	2026-09-12T04:36:14.3055743Z  * [new branch]      repair/issue-131-v09-smoke-license-gates -> origin/repair/issue-131-v09-smoke-license-gates
retrieve-by-digest	Checkout exact event revision	2026-09-12T04:36:14.3057543Z  * [new branch]      repair/issue-135-lab-req-02-executable-bits -> origin/repair/issue-135-lab-req-02-executable-bits
retrieve-by-digest	Checkout exact event revision	2026-09-12T04:36:14.3059498Z  * [new branch]      repair/issue-149-qemu-ci-false-green-v0.1 -> origin/repair/issue-149-qemu-ci-false-green-v0.1
retrieve-by-digest	Checkout exact event revision	2026-09-12T04:36:14.3061141Z  * [new branch]      research/issue-112-s7-m21-m24-security-judgment -> origin/research/issue-112-s7-m21-m24-security-judgment
retrieve-by-digest	Checkout exact event revision	2026-09-12T04:36:14.3063184Z  * [new branch]      research/issue-143-stable-environment-pin-decision-packet -> origin/research/issue-143-stable-environment-pin-decision-packet
retrieve-by-digest	Checkout exact event revision	2026-09-12T04:36:14.3064792Z  * [new branch]      research/issue-4-classic-labs-sources -> origin/research/issue-4-classic-labs-sources
retrieve-by-digest	Checkout exact event revision	2026-09-12T04:36:14.3066244Z  * [new branch]      research/issue-47-m05-m09-runtime-os-persistence -> origin/research/issue-47-m05-m09-runtime-os-persistence
retrieve-by-digest	Checkout exact event revision	2026-09-12T04:36:14.3068235Z  * [new branch]      research/issue-68-m10-m12-network-web-browser -> origin/research/issue-68-m10-m12-network-web-browser
retrieve-by-digest	Checkout exact event revision	2026-09-12T04:36:14.3069871Z  * [new branch]      research/issue-83-m13-m15-data-concurrency -> origin/research/issue-83-m13-m15-data-concurrency
retrieve-by-digest	Checkout exact event revision	2026-09-12T04:36:14.3071316Z  * [new branch]      research/issue-97-m16-m20-distributed-infra -> origin/research/issue-97-m16-m20-distributed-infra
retrieve-by-digest	Checkout exact event revision	2026-09-12T04:36:14.3072680Z  * [new branch]      status/advance-production-to-m08 -> origin/status/advance-production-to-m08
retrieve-by-digest	Checkout exact event revision	2026-09-12T04:36:14.3073909Z  * [new branch]      status/advance-production-to-m09 -> origin/status/advance-production-to-m09
retrieve-by-digest	Checkout exact event revision	2026-09-12T04:36:14.3075274Z  * [new branch]      status/record-m09-and-advance-to-s4-research -> origin/status/record-m09-and-advance-to-s4-research
retrieve-by-digest	Checkout exact event revision	2026-09-12T04:36:14.3076660Z  * [new branch]      status/record-m10-and-advance-to-m11 -> origin/status/record-m10-and-advance-to-m11
retrieve-by-digest	Checkout exact event revision	2026-09-12T04:36:14.3078088Z  * [new branch]      status/record-m11-and-advance-to-m12 -> origin/status/record-m11-and-advance-to-m12
retrieve-by-digest	Checkout exact event revision	2026-09-12T04:36:14.3079476Z  * [new branch]      status/record-m12-and-advance-to-s5-research -> origin/status/record-m12-and-advance-to-s5-research
retrieve-by-digest	Checkout exact event revision	2026-09-12T04:36:14.3080967Z  * [new branch]      status/record-s4-design-and-advance-to-m10 -> origin/status/record-s4-design-and-advance-to-m10
retrieve-by-digest	Checkout exact event revision	2026-09-12T04:36:14.3082495Z  * [new branch]      status/record-s4-research-and-advance-to-design -> origin/status/record-s4-research-and-advance-to-design
retrieve-by-digest	Checkout exact event revision	2026-09-12T04:36:14.3084288Z  * [new branch]      status/record-s5-research-and-advance-to-design -> origin/status/record-s5-research-and-advance-to-design
retrieve-by-digest	Checkout exact event revision	2026-09-12T04:36:14.3086042Z  * [new branch]      validation/issue-34-m00-m01-first-pilot -> origin/validation/issue-34-m00-m01-first-pilot
retrieve-by-digest	Checkout exact event revision	2026-09-12T04:36:14.3087851Z  * [new branch]      verification/issue-129-full-core-v09-rc-readiness -> origin/verification/issue-129-full-core-v09-rc-readiness
retrieve-by-digest	Checkout exact event revision	2026-09-12T04:36:14.3089624Z  * [new branch]      verification/issue-133-v09-rc-readiness-reverify -> origin/verification/issue-133-v09-rc-readiness-reverify
retrieve-by-digest	Checkout exact event revision	2026-09-12T04:36:14.3091727Z  * [new branch]      verification/issue-137-lab-req-02-direct-invocation -> origin/verification/issue-137-lab-req-02-direct-invocation
retrieve-by-digest	Checkout exact event revision	2026-09-12T04:36:14.3093499Z  * [new branch]      verification/issue-147-stable-environment-ci-independent -> origin/verification/issue-147-stable-environment-ci-independent
retrieve-by-digest	Checkout exact event revision	2026-09-12T04:36:14.3095104Z  * [new branch]      verification/issue-31-m00-m01-gate -> origin/verification/issue-31-m00-m01-gate
retrieve-by-digest	Checkout exact event revision	2026-09-12T04:36:14.3096852Z  * [new branch]      vertical-slice/issue-25-foundations-system-mechanics-research -> origin/vertical-slice/issue-25-foundations-system-mechanics-research
retrieve-by-digest	Checkout exact event revision	2026-09-12T04:36:14.3099001Z  * [new branch]      vertical-slice/issue-27-foundations-system-mechanics-design -> origin/vertical-slice/issue-27-foundations-system-mechanics-design
retrieve-by-digest	Checkout exact event revision	2026-09-12T04:36:14.3100737Z  * [new branch]      vertical-slice/issue-29-m00-m01-lesson-activity -> origin/vertical-slice/issue-29-m00-m01-lesson-activity
retrieve-by-digest	Checkout exact event revision	2026-09-12T04:36:14.3102029Z  * [new branch]      web-lead/post-pr30-status -> origin/web-lead/post-pr30-status
retrieve-by-digest	Checkout exact event revision	2026-09-12T04:36:14.3103265Z  * [new branch]      web-lead/post-pr33-status -> origin/web-lead/post-pr33-status
retrieve-by-digest	Checkout exact event revision	2026-09-12T04:36:14.3104875Z  * [new branch]      web-lead/post-pr39-status -> origin/web-lead/post-pr39-status
retrieve-by-digest	Checkout exact event revision	2026-09-12T04:36:14.3106297Z  * [new branch]      web-lead/post-pr42-issue-first -> origin/web-lead/post-pr42-issue-first
retrieve-by-digest	Checkout exact event revision	2026-09-12T04:36:14.3107571Z  * [new branch]      web-lead/post-pr45-status -> origin/web-lead/post-pr45-status
retrieve-by-digest	Checkout exact event revision	2026-09-12T04:36:14.3108578Z  * [new branch]      web-lead/post-pr48-status -> origin/web-lead/post-pr48-status
retrieve-by-digest	Checkout exact event revision	2026-09-12T04:36:14.3109581Z  * [new branch]      web-lead/post-pr51-status -> origin/web-lead/post-pr51-status
retrieve-by-digest	Checkout exact event revision	2026-09-12T04:36:14.3110594Z  * [new branch]      web-lead/post-pr54-status -> origin/web-lead/post-pr54-status
retrieve-by-digest	Checkout exact event revision	2026-09-12T04:36:14.3111594Z  * [new branch]      web-lead/post-pr57-status -> origin/web-lead/post-pr57-status
retrieve-by-digest	Checkout exact event revision	2026-09-12T04:36:14.3112445Z  * [new tag]         v0.9                    -> v0.9
retrieve-by-digest	Checkout exact event revision	2026-09-12T04:36:14.3114804Z [command]/usr/bin/git rev-parse --verify --quiet 25804b02cdd89bc3e2ff386aaf60f7c0b41b9032^{object}
retrieve-by-digest	Checkout exact event revision	2026-09-12T04:36:14.3115776Z 25804b02cdd89bc3e2ff386aaf60f7c0b41b9032
retrieve-by-digest	Checkout exact event revision	2026-09-12T04:36:14.3117624Z ##[endgroup]
retrieve-by-digest	Checkout exact event revision	2026-09-12T04:36:14.3118428Z ##[group]Determining the checkout info
retrieve-by-digest	Checkout exact event revision	2026-09-12T04:36:14.3119309Z ##[endgroup]
retrieve-by-digest	Checkout exact event revision	2026-09-12T04:36:14.3119834Z [command]/usr/bin/git sparse-checkout disable
retrieve-by-digest	Checkout exact event revision	2026-09-12T04:36:14.3121245Z [command]/usr/bin/git config --local --unset-all extensions.worktreeConfig
retrieve-by-digest	Checkout exact event revision	2026-09-12T04:36:14.3122952Z ##[group]Checking out the ref
retrieve-by-digest	Checkout exact event revision	2026-09-12T04:36:14.3123793Z [command]/usr/bin/git checkout --progress --force 25804b02cdd89bc3e2ff386aaf60f7c0b41b9032
retrieve-by-digest	Checkout exact event revision	2026-09-12T04:36:14.3507224Z Note: switching to '25804b02cdd89bc3e2ff386aaf60f7c0b41b9032'.
retrieve-by-digest	Checkout exact event revision	2026-09-12T04:36:14.3507982Z 
retrieve-by-digest	Checkout exact event revision	2026-09-12T04:36:14.3508451Z You are in 'detached HEAD' state. You can look around, make experimental
retrieve-by-digest	Checkout exact event revision	2026-09-12T04:36:14.3509437Z changes and commit them, and you can discard any commits you make in this
retrieve-by-digest	Checkout exact event revision	2026-09-12T04:36:14.3510450Z state without impacting any branches by switching back to a branch.
retrieve-by-digest	Checkout exact event revision	2026-09-12T04:36:14.3510998Z 
retrieve-by-digest	Checkout exact event revision	2026-09-12T04:36:14.3511388Z If you want to create a new branch to retain commits you create, you may
retrieve-by-digest	Checkout exact event revision	2026-09-12T04:36:14.3512279Z do so (now or later) by using -c with the switch command. Example:
retrieve-by-digest	Checkout exact event revision	2026-09-12T04:36:14.3512794Z 
retrieve-by-digest	Checkout exact event revision	2026-09-12T04:36:14.3513029Z   git switch -c <new-branch-name>
retrieve-by-digest	Checkout exact event revision	2026-09-12T04:36:14.3513407Z 
retrieve-by-digest	Checkout exact event revision	2026-09-12T04:36:14.3513636Z Or undo this operation with:
retrieve-by-digest	Checkout exact event revision	2026-09-12T04:36:14.3513984Z 
retrieve-by-digest	Checkout exact event revision	2026-09-12T04:36:14.3514192Z   git switch -
retrieve-by-digest	Checkout exact event revision	2026-09-12T04:36:14.3514463Z 
retrieve-by-digest	Checkout exact event revision	2026-09-12T04:36:14.3515066Z Turn off this advice by setting config variable advice.detachedHead to false
retrieve-by-digest	Checkout exact event revision	2026-09-12T04:36:14.3516120Z 
retrieve-by-digest	Checkout exact event revision	2026-09-12T04:36:14.3516809Z HEAD is now at 25804b0 feat(env): publish durable canonical image and pin it by immutable digest (#150)
retrieve-by-digest	Checkout exact event revision	2026-09-12T04:36:14.3519077Z ##[endgroup]
retrieve-by-digest	Checkout exact event revision	2026-09-12T04:36:14.3555319Z [command]/usr/bin/git log -1 --format=%H
retrieve-by-digest	Checkout exact event revision	2026-09-12T04:36:14.3578826Z 25804b02cdd89bc3e2ff386aaf60f7c0b41b9032
retrieve-by-digest	Record clean-context substrate identity (informational only, not the pin)	﻿2026-09-12T04:36:14.3767348Z ##[group]Run set -ueo pipefail
retrieve-by-digest	Record clean-context substrate identity (informational only, not the pin)	2026-09-12T04:36:14.3768133Z ^[[36;1mset -ueo pipefail^[[0m
retrieve-by-digest	Record clean-context substrate identity (informational only, not the pin)	2026-09-12T04:36:14.3768707Z ^[[36;1mmkdir -p "${EVIDENCE_DIR}"^[[0m
retrieve-by-digest	Record clean-context substrate identity (informational only, not the pin)	2026-09-12T04:36:14.3769281Z ^[[36;1m{^[[0m
retrieve-by-digest	Record clean-context substrate identity (informational only, not the pin)	2026-09-12T04:36:14.3770014Z ^[[36;1m  echo "retrieval_context=CLEAN (separate fresh runner, no prior local images)"^[[0m
retrieve-by-digest	Record clean-context substrate identity (informational only, not the pin)	2026-09-12T04:36:14.3770964Z ^[[36;1m  echo "runner_image_version=${ImageVersion}"^[[0m
retrieve-by-digest	Record clean-context substrate identity (informational only, not the pin)	2026-09-12T04:36:14.3771665Z ^[[36;1m  echo "runner_arch=$(uname -m)"^[[0m
retrieve-by-digest	Record clean-context substrate identity (informational only, not the pin)	2026-09-12T04:36:14.3772286Z ^[[36;1m  echo "git_sha=${GITHUB_SHA}"^[[0m
retrieve-by-digest	Record clean-context substrate identity (informational only, not the pin)	2026-09-12T04:36:14.3772934Z ^[[36;1m  echo "workflow_run_id=${GITHUB_RUN_ID}"^[[0m
retrieve-by-digest	Record clean-context substrate identity (informational only, not the pin)	2026-09-12T04:36:14.3773649Z ^[[36;1m} | tee "${EVIDENCE_DIR}/retrieval-context.txt"^[[0m
retrieve-by-digest	Record clean-context substrate identity (informational only, not the pin)	2026-09-12T04:36:14.3774702Z ^[[36;1mdocker image ls --format '{{.Repository}}:{{.Tag}} {{.ID}}' | tee "${EVIDENCE_DIR}/pre-pull-image-list.txt"^[[0m
retrieve-by-digest	Record clean-context substrate identity (informational only, not the pin)	2026-09-12T04:36:14.3776160Z ^[[36;1mecho "PRE_PULL_CANONICAL_PRESENT=$(docker image ls --format '{{.Repository}}' | grep -c 'essential-cs/canonical' || true)"^[[0m
retrieve-by-digest	Record clean-context substrate identity (informational only, not the pin)	2026-09-12T04:36:14.3802956Z shell: /usr/bin/bash -e {0}
retrieve-by-digest	Record clean-context substrate identity (informational only, not the pin)	2026-09-12T04:36:14.3803583Z env:
retrieve-by-digest	Record clean-context substrate identity (informational only, not the pin)	2026-09-12T04:36:14.3804170Z   CANONICAL_IMAGE_REF: ghcr.io/cn-jjb/essential-cs/canonical
retrieve-by-digest	Record clean-context substrate identity (informational only, not the pin)	2026-09-12T04:36:14.3804903Z   PLATFORM: linux/amd64
retrieve-by-digest	Record clean-context substrate identity (informational only, not the pin)	2026-09-12T04:36:14.3805442Z   EVIDENCE_DIR: /tmp/canonical-publish
retrieve-by-digest	Record clean-context substrate identity (informational only, not the pin)	2026-09-12T04:36:14.3806023Z ##[endgroup]
retrieve-by-digest	Record clean-context substrate identity (informational only, not the pin)	2026-09-12T04:36:14.3896167Z retrieval_context=CLEAN (separate fresh runner, no prior local images)
retrieve-by-digest	Record clean-context substrate identity (informational only, not the pin)	2026-09-12T04:36:14.3897930Z runner_image_version=20260907.300.1
retrieve-by-digest	Record clean-context substrate identity (informational only, not the pin)	2026-09-12T04:36:14.3899013Z runner_arch=x86_64
retrieve-by-digest	Record clean-context substrate identity (informational only, not the pin)	2026-09-12T04:36:14.3899994Z git_sha=25804b02cdd89bc3e2ff386aaf60f7c0b41b9032
retrieve-by-digest	Record clean-context substrate identity (informational only, not the pin)	2026-09-12T04:36:14.3901054Z workflow_run_id=34673360717
retrieve-by-digest	Record clean-context substrate identity (informational only, not the pin)	2026-09-12T04:36:14.4852226Z ghcr.io/github/gh-aw-firewall/agent:latest bd7acdea5936
retrieve-by-digest	Record clean-context substrate identity (informational only, not the pin)	2026-09-12T04:36:14.4858780Z ghcr.io/github/gh-aw-firewall/api-proxy:latest 9d8f8fbebb48
retrieve-by-digest	Record clean-context substrate identity (informational only, not the pin)	2026-09-12T04:36:14.4859634Z ghcr.io/github/gh-aw-mcpg:latest 5f22df3c4a88
retrieve-by-digest	Record clean-context substrate identity (informational only, not the pin)	2026-09-12T04:36:14.4860684Z ghcr.io/dependabot/dependabot-updater-core:latest 5c1f9f1da87f
retrieve-by-digest	Record clean-context substrate identity (informational only, not the pin)	2026-09-12T04:36:14.4861514Z ghcr.io/github/github-mcp-server:latest 3e165e25be8d
retrieve-by-digest	Record clean-context substrate identity (informational only, not the pin)	2026-09-12T04:36:14.4862294Z ghcr.io/github/gh-aw-firewall/squid:latest ebc9c9e5ccbd
retrieve-by-digest	Record clean-context substrate identity (informational only, not the pin)	2026-09-12T04:36:14.5003665Z PRE_PULL_CANONICAL_PRESENT=0
retrieve-by-digest	Login to repository-owned GHCR	﻿2026-09-12T04:36:14.5076872Z ##[group]Run set -ueo pipefail
retrieve-by-digest	Login to repository-owned GHCR	2026-09-12T04:36:14.5077832Z ^[[36;1mset -ueo pipefail^[[0m
retrieve-by-digest	Login to repository-owned GHCR	2026-09-12T04:36:14.5082363Z ^[[36;1mecho "***" | docker login ghcr.io -u "CN-JJB" --password-stdin^[[0m
retrieve-by-digest	Login to repository-owned GHCR	2026-09-12T04:36:14.5104900Z shell: /usr/bin/bash -e {0}
retrieve-by-digest	Login to repository-owned GHCR	2026-09-12T04:36:14.5105491Z env:
retrieve-by-digest	Login to repository-owned GHCR	2026-09-12T04:36:14.5106076Z   CANONICAL_IMAGE_REF: ghcr.io/cn-jjb/essential-cs/canonical
retrieve-by-digest	Login to repository-owned GHCR	2026-09-12T04:36:14.5106805Z   PLATFORM: linux/amd64
retrieve-by-digest	Login to repository-owned GHCR	2026-09-12T04:36:14.5107732Z   EVIDENCE_DIR: /tmp/canonical-publish
retrieve-by-digest	Login to repository-owned GHCR	2026-09-12T04:36:14.5108669Z ##[endgroup]
retrieve-by-digest	Login to repository-owned GHCR	2026-09-12T04:36:15.1384235Z 
retrieve-by-digest	Login to repository-owned GHCR	2026-09-12T04:36:15.1386419Z WARNING! Your credentials are stored unencrypted in '/home/runner/.docker/config.json'.
retrieve-by-digest	Login to repository-owned GHCR	2026-09-12T04:36:15.1389400Z Configure a credential helper to remove this warning. See
retrieve-by-digest	Login to repository-owned GHCR	2026-09-12T04:36:15.1391216Z https://docs.docker.com/go/credential-store/
retrieve-by-digest	Login to repository-owned GHCR	2026-09-12T04:36:15.1392287Z 
retrieve-by-digest	Login to repository-owned GHCR	2026-09-12T04:36:15.1392734Z Login Succeeded
retrieve-by-digest	Pull the published digest by digest only (no tag resolution)	﻿2026-09-12T04:36:15.1547900Z ##[group]Run set -ueo pipefail
retrieve-by-digest	Pull the published digest by digest only (no tag resolution)	2026-09-12T04:36:15.1549355Z ^[[36;1mset -ueo pipefail^[[0m
retrieve-by-digest	Pull the published digest by digest only (no tag resolution)	2026-09-12T04:36:15.1551369Z ^[[36;1mDIGEST='sha256:766ce07ba3073cc28049ff07d6d4f643bd6e3cc7a7967a3ebd2bb8738219e460'^[[0m
retrieve-by-digest	Pull the published digest by digest only (no tag resolution)	2026-09-12T04:36:15.1553603Z ^[[36;1mPIN="${CANONICAL_IMAGE_REF}@${DIGEST}"^[[0m
retrieve-by-digest	Pull the published digest by digest only (no tag resolution)	2026-09-12T04:36:15.1555331Z ^[[36;1mprintf '%s' "${DIGEST}" | grep -Eq '^sha256:[0-9a-f]{64}$'^[[0m
retrieve-by-digest	Pull the published digest by digest only (no tag resolution)	2026-09-12T04:36:15.1557143Z ^[[36;1mecho "PULL_BY_DIGEST_REFERENCE=${PIN}"^[[0m
retrieve-by-digest	Pull the published digest by digest only (no tag resolution)	2026-09-12T04:36:15.1559397Z ^[[36;1mdocker buildx imagetools inspect "${PIN}" | tee "${EVIDENCE_DIR}/retrieval-imagetools-inspect.txt"^[[0m
retrieve-by-digest	Pull the published digest by digest only (no tag resolution)	2026-09-12T04:36:15.1561794Z ^[[36;1mdocker pull --platform "${PLATFORM}" "${PIN}"^[[0m
retrieve-by-digest	Pull the published digest by digest only (no tag resolution)	2026-09-12T04:36:15.1564068Z ^[[36;1mdocker image inspect "${PIN}" --format '{{.Id}}' | tee "${EVIDENCE_DIR}/retrieval-local-image-id.txt"^[[0m
retrieve-by-digest	Pull the published digest by digest only (no tag resolution)	2026-09-12T04:36:15.1566996Z ^[[36;1mREPO_DIGESTS="$(docker image inspect "${PIN}" --format '{{range .RepoDigests}}{{.}} {{end}}')"^[[0m
retrieve-by-digest	Pull the published digest by digest only (no tag resolution)	2026-09-12T04:36:15.1569530Z ^[[36;1mprintf '%s\n' "${REPO_DIGESTS}" | tee "${EVIDENCE_DIR}/retrieval-repodigests.txt"^[[0m
retrieve-by-digest	Pull the published digest by digest only (no tag resolution)	2026-09-12T04:36:15.1571611Z ^[[36;1mprintf '%s\n' "${REPO_DIGESTS}" | grep -Fq "${PIN}" || {^[[0m
retrieve-by-digest	Pull the published digest by digest only (no tag resolution)	2026-09-12T04:36:15.1573550Z ^[[36;1m  echo "FAIL: RepoDigests do not contain the published digest ${PIN}"^[[0m
retrieve-by-digest	Pull the published digest by digest only (no tag resolution)	2026-09-12T04:36:15.1575226Z ^[[36;1m  exit 1^[[0m
retrieve-by-digest	Pull the published digest by digest only (no tag resolution)	2026-09-12T04:36:15.1576172Z ^[[36;1m}^[[0m
retrieve-by-digest	Pull the published digest by digest only (no tag resolution)	2026-09-12T04:36:15.1577289Z ^[[36;1mecho "CLEAN_PULL_BY_DIGEST=PASS"^[[0m
retrieve-by-digest	Pull the published digest by digest only (no tag resolution)	2026-09-12T04:36:15.1601078Z shell: /usr/bin/bash -e {0}
retrieve-by-digest	Pull the published digest by digest only (no tag resolution)	2026-09-12T04:36:15.1602239Z env:
retrieve-by-digest	Pull the published digest by digest only (no tag resolution)	2026-09-12T04:36:15.1603422Z   CANONICAL_IMAGE_REF: ghcr.io/cn-jjb/essential-cs/canonical
retrieve-by-digest	Pull the published digest by digest only (no tag resolution)	2026-09-12T04:36:15.1604950Z   PLATFORM: linux/amd64
retrieve-by-digest	Pull the published digest by digest only (no tag resolution)	2026-09-12T04:36:15.1606063Z   EVIDENCE_DIR: /tmp/canonical-publish
retrieve-by-digest	Pull the published digest by digest only (no tag resolution)	2026-09-12T04:36:15.1607388Z ##[endgroup]
retrieve-by-digest	Pull the published digest by digest only (no tag resolution)	2026-09-12T04:36:15.1679239Z PULL_BY_DIGEST_REFERENCE=ghcr.io/cn-jjb/essential-cs/canonical@sha256:766ce07ba3073cc28049ff07d6d4f643bd6e3cc7a7967a3ebd2bb8738219e460
retrieve-by-digest	Pull the published digest by digest only (no tag resolution)	2026-09-12T04:36:15.9094041Z Name:      ghcr.io/cn-jjb/essential-cs/canonical@sha256:766ce07ba3073cc28049ff07d6d4f643bd6e3cc7a7967a3ebd2bb8738219e460
retrieve-by-digest	Pull the published digest by digest only (no tag resolution)	2026-09-12T04:36:15.9095618Z MediaType: application/vnd.docker.distribution.manifest.v2+json
retrieve-by-digest	Pull the published digest by digest only (no tag resolution)	2026-09-12T04:36:15.9096840Z Digest:    sha256:766ce07ba3073cc28049ff07d6d4f643bd6e3cc7a7967a3ebd2bb8738219e460
retrieve-by-digest	Pull the published digest by digest only (no tag resolution)	2026-09-12T04:36:16.5383728Z ghcr.io/cn-jjb/essential-cs/canonical@sha256:766ce07ba3073cc28049ff07d6d4f643bd6e3cc7a7967a3ebd2bb8738219e460: Pulling from cn-jjb/essential-cs/canonical
retrieve-by-digest	Pull the published digest by digest only (no tag resolution)	2026-09-12T04:36:16.5389649Z ef852a656105: Pulling fs layer
retrieve-by-digest	Pull the published digest by digest only (no tag resolution)	2026-09-12T04:36:16.5400611Z facb0d65c012: Pulling fs layer
retrieve-by-digest	Pull the published digest by digest only (no tag resolution)	2026-09-12T04:36:16.5401291Z 5affce2cbffd: Pulling fs layer
retrieve-by-digest	Pull the published digest by digest only (no tag resolution)	2026-09-12T04:36:16.5402240Z 818d662cd74f: Pulling fs layer
retrieve-by-digest	Pull the published digest by digest only (no tag resolution)	2026-09-12T04:36:16.5402861Z 818d662cd74f: Waiting
retrieve-by-digest	Pull the published digest by digest only (no tag resolution)	2026-09-12T04:36:17.3654196Z ef852a656105: Verifying Checksum
retrieve-by-digest	Pull the published digest by digest only (no tag resolution)	2026-09-12T04:36:17.3656527Z ef852a656105: Download complete
retrieve-by-digest	Pull the published digest by digest only (no tag resolution)	2026-09-12T04:36:17.7013685Z 818d662cd74f: Verifying Checksum
retrieve-by-digest	Pull the published digest by digest only (no tag resolution)	2026-09-12T04:36:17.7014446Z 818d662cd74f: Download complete
retrieve-by-digest	Pull the published digest by digest only (no tag resolution)	2026-09-12T04:36:18.1970840Z ef852a656105: Pull complete
retrieve-by-digest	Pull the published digest by digest only (no tag resolution)	2026-09-12T04:36:21.3942734Z facb0d65c012: Verifying Checksum
retrieve-by-digest	Pull the published digest by digest only (no tag resolution)	2026-09-12T04:36:21.3948293Z facb0d65c012: Download complete
retrieve-by-digest	Pull the published digest by digest only (no tag resolution)	2026-09-12T04:36:23.0197927Z 5affce2cbffd: Verifying Checksum
retrieve-by-digest	Pull the published digest by digest only (no tag resolution)	2026-09-12T04:36:23.0198460Z 5affce2cbffd: Download complete
retrieve-by-digest	Pull the published digest by digest only (no tag resolution)	2026-09-12T04:36:27.6686288Z facb0d65c012: Pull complete
retrieve-by-digest	Pull the published digest by digest only (no tag resolution)	2026-09-12T04:36:31.8603889Z 5affce2cbffd: Pull complete
retrieve-by-digest	Pull the published digest by digest only (no tag resolution)	2026-09-12T04:36:31.8696771Z 818d662cd74f: Pull complete
retrieve-by-digest	Pull the published digest by digest only (no tag resolution)	2026-09-12T04:36:31.8737919Z Digest: sha256:766ce07ba3073cc28049ff07d6d4f643bd6e3cc7a7967a3ebd2bb8738219e460
retrieve-by-digest	Pull the published digest by digest only (no tag resolution)	2026-09-12T04:36:31.8744033Z Status: Downloaded newer image for ghcr.io/cn-jjb/essential-cs/canonical@sha256:766ce07ba3073cc28049ff07d6d4f643bd6e3cc7a7967a3ebd2bb8738219e460
retrieve-by-digest	Pull the published digest by digest only (no tag resolution)	2026-09-12T04:36:31.8753364Z ghcr.io/cn-jjb/essential-cs/canonical@sha256:766ce07ba3073cc28049ff07d6d4f643bd6e3cc7a7967a3ebd2bb8738219e460
retrieve-by-digest	Pull the published digest by digest only (no tag resolution)	2026-09-12T04:36:31.8896105Z sha256:24a926a0dcc9b98b7298b8728d68417233f15f32a23350bf1273bb26089d7805
retrieve-by-digest	Pull the published digest by digest only (no tag resolution)	2026-09-12T04:36:31.9035028Z ghcr.io/cn-jjb/essential-cs/canonical@sha256:766ce07ba3073cc28049ff07d6d4f643bd6e3cc7a7967a3ebd2bb8738219e460 
retrieve-by-digest	Pull the published digest by digest only (no tag resolution)	2026-09-12T04:36:31.9051007Z CLEAN_PULL_BY_DIGEST=PASS
retrieve-by-digest	Canonical environment capture from the pulled digest	﻿2026-09-12T04:36:31.9086541Z ##[group]Run set -ueo pipefail
retrieve-by-digest	Canonical environment capture from the pulled digest	2026-09-12T04:36:31.9086862Z ^[[36;1mset -ueo pipefail^[[0m
retrieve-by-digest	Canonical environment capture from the pulled digest	2026-09-12T04:36:31.9087766Z ^[[36;1mDIGEST='sha256:766ce07ba3073cc28049ff07d6d4f643bd6e3cc7a7967a3ebd2bb8738219e460'^[[0m
retrieve-by-digest	Canonical environment capture from the pulled digest	2026-09-12T04:36:31.9088234Z ^[[36;1mPIN="${CANONICAL_IMAGE_REF}@${DIGEST}"^[[0m
retrieve-by-digest	Canonical environment capture from the pulled digest	2026-09-12T04:36:31.9088621Z ^[[36;1mdocker run --rm -v "${GITHUB_WORKSPACE}:/work" -w /work "${PIN}" \^[[0m
retrieve-by-digest	Canonical environment capture from the pulled digest	2026-09-12T04:36:31.9089195Z ^[[36;1m  bash /work/scripts/canonical-env-capture.sh | tee "${EVIDENCE_DIR}/canonical-env-snapshot.txt"^[[0m
retrieve-by-digest	Canonical environment capture from the pulled digest	2026-09-12T04:36:31.9112403Z shell: /usr/bin/bash -e {0}
retrieve-by-digest	Canonical environment capture from the pulled digest	2026-09-12T04:36:31.9112689Z env:
retrieve-by-digest	Canonical environment capture from the pulled digest	2026-09-12T04:36:31.9112975Z   CANONICAL_IMAGE_REF: ghcr.io/cn-jjb/essential-cs/canonical
retrieve-by-digest	Canonical environment capture from the pulled digest	2026-09-12T04:36:31.9113325Z   PLATFORM: linux/amd64
retrieve-by-digest	Canonical environment capture from the pulled digest	2026-09-12T04:36:31.9113573Z   EVIDENCE_DIR: /tmp/canonical-publish
retrieve-by-digest	Canonical environment capture from the pulled digest	2026-09-12T04:36:31.9113834Z ##[endgroup]
retrieve-by-digest	Canonical environment capture from the pulled digest	2026-09-12T04:36:32.0842498Z CANONICAL_ENV_CAPTURE version=2
retrieve-by-digest	Canonical environment capture from the pulled digest	2026-09-12T04:36:32.0863605Z os=Ubuntu 24.04.4 LTS
retrieve-by-digest	Canonical environment capture from the pulled digest	2026-09-12T04:36:32.0877358Z kernel=6.17.0-1022-azure
retrieve-by-digest	Canonical environment capture from the pulled digest	2026-09-12T04:36:32.0888203Z arch=x86_64
retrieve-by-digest	Canonical environment capture from the pulled digest	2026-09-12T04:36:32.0888691Z FLOOR PASS canonical-arch=x86_64
retrieve-by-digest	Canonical environment capture from the pulled digest	2026-09-12T04:36:32.1259465Z python_impl=CPython
retrieve-by-digest	Canonical environment capture from the pulled digest	2026-09-12T04:36:32.1259952Z python_version=3.12.3
retrieve-by-digest	Canonical environment capture from the pulled digest	2026-09-12T04:36:32.1271599Z FLOOR PASS python>=3.12 (CPython 3.12.3)
retrieve-by-digest	Canonical environment capture from the pulled digest	2026-09-12T04:36:32.1423549Z sqlite_embedded=3.45.1
retrieve-by-digest	Canonical environment capture from the pulled digest	2026-09-12T04:36:32.1444568Z FLOOR PASS sqlite-engine>=3.45 (3.45.1)
retrieve-by-digest	Canonical environment capture from the pulled digest	2026-09-12T04:36:32.1465036Z sqlite_cli=3.45.1
retrieve-by-digest	Canonical environment capture from the pulled digest	2026-09-12T04:36:32.1485411Z FLOOR PASS sqlite3-cli>=3.45 (3.45.1)
retrieve-by-digest	Canonical environment capture from the pulled digest	2026-09-12T04:36:32.1524482Z gcc=13.3.0
retrieve-by-digest	Canonical environment capture from the pulled digest	2026-09-12T04:36:32.1548053Z FLOOR PASS gcc>=13 (13.3.0)
retrieve-by-digest	Canonical environment capture from the pulled digest	2026-09-12T04:36:32.1804646Z FLOOR PASS gcc-c11-surface
retrieve-by-digest	Canonical environment capture from the pulled digest	2026-09-12T04:36:32.1871496Z curl=8.5.0
retrieve-by-digest	Canonical environment capture from the pulled digest	2026-09-12T04:36:32.1896194Z FLOOR PASS curl>=8.5 (8.5.0)
retrieve-by-digest	Canonical environment capture from the pulled digest	2026-09-12T04:36:32.2603737Z gdb=15.1
retrieve-by-digest	Canonical environment capture from the pulled digest	2026-09-12T04:36:32.2626551Z FLOOR PASS gdb>=15.0 (15.1) REQUIRED-present
retrieve-by-digest	Canonical environment capture from the pulled digest	2026-09-12T04:36:32.2720089Z qemu_riscv=QEMU emulator version 8.2.2 (Debian 1:8.2.2+ds-0ubuntu1.18)
retrieve-by-digest	Canonical environment capture from the pulled digest	2026-09-12T04:36:32.2738109Z riscv_unknown_elf_gcc=riscv64-unknown-elf-gcc (13.2.0-11ubuntu1+12) 13.2.0
retrieve-by-digest	Canonical environment capture from the pulled digest	2026-09-12T04:36:32.2753941Z riscv_gnu_gcc=riscv64-linux-gnu-gcc (Ubuntu 13.3.0-6ubuntu2~24.04.1) 13.3.0
retrieve-by-digest	Canonical environment capture from the pulled digest	2026-09-12T04:36:32.2773096Z binutils=GNU objdump (GNU Binutils for Ubuntu) 2.42
retrieve-by-digest	Canonical environment capture from the pulled digest	2026-09-12T04:36:32.2787323Z git=git version 2.43.0
retrieve-by-digest	Canonical environment capture from the pulled digest	2026-09-12T04:36:32.2792886Z strace=present-capability-gated
retrieve-by-digest	Canonical environment capture from the pulled digest	2026-09-12T04:36:32.2810535Z bash=GNU bash, version 5.2.21(1)-release (x86_64-pc-linux-gnu)
retrieve-by-digest	Canonical environment capture from the pulled digest	2026-09-12T04:36:32.2931345Z qemu_system_misc_package=1:8.2.2+ds-0ubuntu1.18
retrieve-by-digest	Canonical environment capture from the pulled digest	2026-09-12T04:36:32.2932078Z gcc_riscv64_unknown_elf_package=13.2.0-11ubuntu1+12
retrieve-by-digest	Canonical environment capture from the pulled digest	2026-09-12T04:36:32.2932942Z gcc_riscv64_linux_gnu_package=4:13.2.0-7ubuntu1
retrieve-by-digest	Canonical environment capture from the pulled digest	2026-09-12T04:36:32.2933443Z FLOOR PASS qemu-system-misc exact package identity
retrieve-by-digest	Canonical environment capture from the pulled digest	2026-09-12T04:36:32.2933831Z FLOOR PASS gcc-riscv64-unknown-elf exact package identity
retrieve-by-digest	Canonical environment capture from the pulled digest	2026-09-12T04:36:32.2934164Z dpkg_lane_identities_BEGIN
retrieve-by-digest	Canonical environment capture from the pulled digest	2026-09-12T04:36:32.2978106Z ii  bash                         5.2.21-2ubuntu4        amd64        GNU Bourne Again SHell
retrieve-by-digest	Canonical environment capture from the pulled digest	2026-09-12T04:36:32.2979527Z ii  bc                           1.07.1-3ubuntu4        amd64        GNU bc arbitrary precision calculator language
retrieve-by-digest	Canonical environment capture from the pulled digest	2026-09-12T04:36:32.2980631Z ii  binutils                     2.42-4ubuntu2.10       amd64        GNU assembler, linker and binary utilities
retrieve-by-digest	Canonical environment capture from the pulled digest	2026-09-12T04:36:32.2981620Z ii  binutils-riscv64-linux-gnu   2.42-4ubuntu2.10       amd64        GNU binary utilities, for riscv64-linux-gnu target
retrieve-by-digest	Canonical environment capture from the pulled digest	2026-09-12T04:36:32.2982806Z ii  binutils-riscv64-unknown-elf 2.42-1ubuntu1+6        amd64        GNU assembler, linker and binary utilities for Risc-V processors
retrieve-by-digest	Canonical environment capture from the pulled digest	2026-09-12T04:36:32.2984062Z ii  build-essential              12.10ubuntu1           amd64        Informational list of build-essential packages
retrieve-by-digest	Canonical environment capture from the pulled digest	2026-09-12T04:36:32.2984960Z ii  ca-certificates              20260601~24.04.1       all          Common CA certificates
retrieve-by-digest	Canonical environment capture from the pulled digest	2026-09-12T04:36:32.2985833Z ii  curl                         8.5.0-2ubuntu10.13     amd64        command line tool for transferring data with URL syntax
retrieve-by-digest	Canonical environment capture from the pulled digest	2026-09-12T04:36:32.2987298Z ii  gcc-riscv64-linux-gnu        4:13.2.0-7ubuntu1      amd64        GNU C compiler for the riscv64 architecture
retrieve-by-digest	Canonical environment capture from the pulled digest	2026-09-12T04:36:32.2988357Z ii  gcc-riscv64-unknown-elf      13.2.0-11ubuntu1+12    amd64        GCC cross compiler for Risc-V processors
retrieve-by-digest	Canonical environment capture from the pulled digest	2026-09-12T04:36:32.2989210Z ii  gdb                          15.1-1ubuntu1~24.04.1  amd64        GNU Debugger
retrieve-by-digest	Canonical environment capture from the pulled digest	2026-09-12T04:36:32.2990034Z ii  git                          1:2.43.0-1ubuntu7.3    amd64        fast, scalable, distributed revision control system
retrieve-by-digest	Canonical environment capture from the pulled digest	2026-09-12T04:36:32.2990599Z ii  make                         4.3-4.1build2          amd64        utility for directing compilation
retrieve-by-digest	Canonical environment capture from the pulled digest	2026-09-12T04:36:32.2991198Z ii  perl                         5.38.2-3.2ubuntu0.4    amd64        Larry Wall's Practical Extraction and Report Language
retrieve-by-digest	Canonical environment capture from the pulled digest	2026-09-12T04:36:32.2991889Z ii  python3                      3.12.3-0ubuntu2.1      amd64        interactive high-level object-oriented language (default python3 version)
retrieve-by-digest	Canonical environment capture from the pulled digest	2026-09-12T04:36:32.2992649Z ii  qemu-system-common           1:8.2.2+ds-0ubuntu1.18 amd64        QEMU full system emulation binaries (common files)
retrieve-by-digest	Canonical environment capture from the pulled digest	2026-09-12T04:36:32.2993306Z ii  qemu-system-data             1:8.2.2+ds-0ubuntu1.18 all          QEMU full system emulation (data files)
retrieve-by-digest	Canonical environment capture from the pulled digest	2026-09-12T04:36:32.2993923Z ii  qemu-system-misc             1:8.2.2+ds-0ubuntu1.18 amd64        QEMU full system emulation binaries (miscellaneous)
retrieve-by-digest	Canonical environment capture from the pulled digest	2026-09-12T04:36:32.2994502Z ii  sqlite3                      3.45.1-1ubuntu2.7      amd64        Command line interface for SQLite 3
retrieve-by-digest	Canonical environment capture from the pulled digest	2026-09-12T04:36:32.2994981Z ii  strace                       6.8-0ubuntu2           amd64        System call tracer
retrieve-by-digest	Canonical environment capture from the pulled digest	2026-09-12T04:36:32.2995327Z dpkg_lane_identities_END
retrieve-by-digest	Canonical environment capture from the pulled digest	2026-09-12T04:36:32.2995573Z CANONICAL_ENV_CAPTURE result=PASS
retrieve-by-digest	Upload clean retrieval evidence bundle	﻿2026-09-12T04:36:32.3661936Z Node 20 is being deprecated. This workflow is running with Node 24 by default. If you need to temporarily use Node 20, you can set the ACTIONS_ALLOW_USE_UNSECURE_NODE_VERSION=true environment variable. For more information see: https://github.blog/changelog/2025-09-19-deprecation-of-node-20-on-github-actions-runners/
retrieve-by-digest	Upload clean retrieval evidence bundle	2026-09-12T04:36:32.3663687Z ##[group]Run actions/upload-artifact@v4
retrieve-by-digest	Upload clean retrieval evidence bundle	2026-09-12T04:36:32.3663968Z with:
retrieve-by-digest	Upload clean retrieval evidence bundle	2026-09-12T04:36:32.3664187Z   name: canonical-retrieval-evidence
retrieve-by-digest	Upload clean retrieval evidence bundle	2026-09-12T04:36:32.3664492Z   path: /tmp/canonical-publish/
retrieve-by-digest	Upload clean retrieval evidence bundle	2026-09-12T04:36:32.3664750Z   include-hidden-files: true
retrieve-by-digest	Upload clean retrieval evidence bundle	2026-09-12T04:36:32.3664986Z   if-no-files-found: warn
retrieve-by-digest	Upload clean retrieval evidence bundle	2026-09-12T04:36:32.3665210Z   compression-level: 6
retrieve-by-digest	Upload clean retrieval evidence bundle	2026-09-12T04:36:32.3665424Z   overwrite: false
retrieve-by-digest	Upload clean retrieval evidence bundle	2026-09-12T04:36:32.3665765Z env:
retrieve-by-digest	Upload clean retrieval evidence bundle	2026-09-12T04:36:32.3666018Z   CANONICAL_IMAGE_REF: ghcr.io/cn-jjb/essential-cs/canonical
retrieve-by-digest	Upload clean retrieval evidence bundle	2026-09-12T04:36:32.3666349Z   PLATFORM: linux/amd64
retrieve-by-digest	Upload clean retrieval evidence bundle	2026-09-12T04:36:32.3666583Z   EVIDENCE_DIR: /tmp/canonical-publish
retrieve-by-digest	Upload clean retrieval evidence bundle	2026-09-12T04:36:32.3666884Z ##[endgroup]
retrieve-by-digest	Upload clean retrieval evidence bundle	2026-09-12T04:36:32.5289873Z (node:2564) [DEP0040] DeprecationWarning: The `punycode` module is deprecated. Please use a userland alternative instead.
retrieve-by-digest	Upload clean retrieval evidence bundle	2026-09-12T04:36:32.5290753Z (Use `node --trace-deprecation ...` to show where the warning was created)
retrieve-by-digest	Upload clean retrieval evidence bundle	2026-09-12T04:36:32.5345084Z With the provided path, there will be 6 files uploaded
retrieve-by-digest	Upload clean retrieval evidence bundle	2026-09-12T04:36:32.5352422Z Artifact name is valid!
retrieve-by-digest	Upload clean retrieval evidence bundle	2026-09-12T04:36:32.5353139Z Root directory input is valid!
retrieve-by-digest	Upload clean retrieval evidence bundle	2026-09-12T04:36:32.8599879Z Beginning upload of artifact content to blob storage
retrieve-by-digest	Upload clean retrieval evidence bundle	2026-09-12T04:36:32.8852919Z (node:2564) [DEP0169] DeprecationWarning: `url.parse()` behavior is not standardized and prone to errors that have security implications. Use the WHATWG URL API instead. CVEs are not issued for `url.parse()` vulnerabilities.
retrieve-by-digest	Upload clean retrieval evidence bundle	2026-09-12T04:36:33.1081881Z Uploaded bytes 2806
retrieve-by-digest	Upload clean retrieval evidence bundle	2026-09-12T04:36:33.1717143Z Finished uploading artifact content to blob storage!
retrieve-by-digest	Upload clean retrieval evidence bundle	2026-09-12T04:36:33.1718409Z SHA256 digest of uploaded artifact zip is 81dd67a5103544cb1775d6ade136ce4110f5c698b14f99e5e3277c85bfa3ec27
retrieve-by-digest	Upload clean retrieval evidence bundle	2026-09-12T04:36:33.1719989Z Finalizing artifact upload
retrieve-by-digest	Upload clean retrieval evidence bundle	2026-09-12T04:36:33.3924597Z Artifact canonical-retrieval-evidence.zip successfully finalized. Artifact ID 10291412766
retrieve-by-digest	Upload clean retrieval evidence bundle	2026-09-12T04:36:33.3926168Z Artifact canonical-retrieval-evidence has been successfully uploaded! Final size is 2806 bytes. Artifact ID is 10291412766
retrieve-by-digest	Upload clean retrieval evidence bundle	2026-09-12T04:36:33.3932637Z Artifact download URL: https://github.com/CN-JJB/essential-cs/actions/runs/34673360717/artifacts/10291412766
retrieve-by-digest	Post Checkout exact event revision	﻿2026-09-12T04:36:33.4195831Z Node 20 is being deprecated. This workflow is running with Node 24 by default. If you need to temporarily use Node 20, you can set the ACTIONS_ALLOW_USE_UNSECURE_NODE_VERSION=true environment variable. For more information see: https://github.blog/changelog/2025-09-19-deprecation-of-node-20-on-github-actions-runners/
retrieve-by-digest	Post Checkout exact event revision	2026-09-12T04:36:33.4197797Z Post job cleanup.
retrieve-by-digest	Post Checkout exact event revision	2026-09-12T04:36:33.5020586Z [command]/usr/bin/git version
retrieve-by-digest	Post Checkout exact event revision	2026-09-12T04:36:33.5066040Z git version 2.55.0
retrieve-by-digest	Post Checkout exact event revision	2026-09-12T04:36:33.5109955Z Temporarily overriding HOME='/home/runner/work/_temp/ddd780dc-ec5a-4011-97ef-ca932e315114' before making global git config changes
retrieve-by-digest	Post Checkout exact event revision	2026-09-12T04:36:33.5111280Z Adding repository directory to the temporary git global config as a safe directory
retrieve-by-digest	Post Checkout exact event revision	2026-09-12T04:36:33.5116445Z [command]/usr/bin/git config --global --add safe.directory /home/runner/work/essential-cs/essential-cs
retrieve-by-digest	Post Checkout exact event revision	2026-09-12T04:36:33.5156372Z [command]/usr/bin/git config --local --name-only --get-regexp core\.sshCommand
retrieve-by-digest	Post Checkout exact event revision	2026-09-12T04:36:33.5188467Z [command]/usr/bin/git submodule foreach --recursive sh -c "git config --local --name-only --get-regexp 'core\.sshCommand' && git config --local --unset-all 'core.sshCommand' || :"
retrieve-by-digest	Post Checkout exact event revision	2026-09-12T04:36:33.5399725Z [command]/usr/bin/git config --local --name-only --get-regexp http\.https\:\/\/github\.com\/\.extraheader
retrieve-by-digest	Post Checkout exact event revision	2026-09-12T04:36:33.5427655Z http.https://github.com/.extraheader
retrieve-by-digest	Post Checkout exact event revision	2026-09-12T04:36:33.5441273Z [command]/usr/bin/git config --local --unset-all http.https://github.com/.extraheader
retrieve-by-digest	Post Checkout exact event revision	2026-09-12T04:36:33.5471009Z [command]/usr/bin/git submodule foreach --recursive sh -c "git config --local --name-only --get-regexp 'http\.https\:\/\/github\.com\/\.extraheader' && git config --local --unset-all 'http.https://github.com/.extraheader' || :"
retrieve-by-digest	Post Checkout exact event revision	2026-09-12T04:36:33.5674175Z [command]/usr/bin/git config --local --name-only --get-regexp ^includeIf\.gitdir:
retrieve-by-digest	Post Checkout exact event revision	2026-09-12T04:36:33.5709275Z [command]/usr/bin/git submodule foreach --recursive git config --local --show-origin --name-only --get-regexp remote.origin.url
retrieve-by-digest	Complete job	﻿2026-09-12T04:36:33.6106901Z Cleaning up orphan processes
retrieve-by-digest	Complete job	2026-09-12T04:36:33.6445167Z ##[warning]Node.js 20 is deprecated. The following actions target Node.js 20 but are being forced to run on Node.js 24: actions/checkout@v4, actions/upload-artifact@v4. For more information see: https://github.blog/changelog/2025-09-19-deprecation-of-node-20-on-github-actions-runners/
